flame_type,test_day,fuel_raw,test_id,xo2_before,xo2_after,pressure_bar,xf_jet,fuel_flow_mg_s,tfp,tad_k,zst,hot_ignition,burn_time_s,outcome_raw,peak_burner_temp_c,comments,cool_flame_note,xf_ambient_before,xf_ambient_after,xo2_jet,o2_flow_mg_s,flame_color,fuel,fuel_dilution,self_extinguished,investigation,source,gravity
normal,1.0,ethane,21088A1,0.3939,0.389822946,0.9443956,1.0,2.0,no,2719.323211,0.102651783,yes,50.0,SE,290.617198,,,,,,,,ethane,1.0,1,PSI-159,experiment,microgravity
normal,1.0,ethane,21088 B1,0.389822946,0.386321188,0.9443956,1.0,2.0,yes,2713.594987,0.101747543,yes,43.0,SE,276.009368,,,,,,,,ethane,1.0,1,PSI-159,experiment,microgravity
normal,1.0,ethane,21088 C1,0.386321188,0.382905163,0.9443956,1.0,2.0,yes,2708.596221,0.100968644,yes,42.0,SE,266.374008,hit burner T limit,,,,,,,ethane,1.0,1,PSI-159,experiment,microgravity
normal,1.0,ethane,21088 D1,0.382905163,0.380426741,0.9443956,1.0,1.0,yes,2703.647801,0.100206801,yes,61.0,FT,459.195642,FC=flow cut,,,,,,,ethane,1.0,0,PSI-159,experiment,microgravity
normal,1.0,ethane,21088 F1,0.380426741,0.379858042,0.9443956,1.0,0.5,yes,2700.011998,0.099652813,yes,28.0,FT,532.162657,Lowest flow rate for ignition,,,,,,,ethane,1.0,0,PSI-159,experiment,microgravity
normal,1.0,ethane,21088 G1,0.379858042,0.376135171,0.9443956,0.5,2.0,no,2639.215662,0.175931996,yes,42.0,SE,226.739332,,,,,,,,ethane,1.0,1,PSI-159,experiment,microgravity
normal,1.0,ethane,21088 H1,0.376135171,0.373391583,0.9443956,0.5,1.0,yes,2633.824861,0.174581055,yes,62.0,FT,416.786789,,,,,,,,ethane,1.0,0,PSI-159,experiment,microgravity
normal,1.0,ethane,21088 J1,0.373391583,0.369578072,0.9443956,0.25,2.0,yes,2512.315217,0.292108087,yes,37.0,SE,164.051351,,,,,,,,ethane,1.0,1,PSI-159,experiment,microgravity
normal,1.0,ethane,21088 K1,0.369578072,0.364549879,0.9443956,0.25,1.0,yes,2506.607152,0.29009599,yes,98.0,FT,340.169199,,,,,,,,ethane,1.0,0,PSI-159,experiment,microgravity
normal,1.0,ethane,21088 H2,0.364549879,0.358975632,0.9443956,0.5,1.0,yes,2616.399176,0.170339735,yes,127.0,FT,421.915051,,,,,,,,ethane,1.0,0,PSI-159,experiment,microgravity
normal,1.0,ethane,21088 M4,0.2101,0.209638709,1.0133,1.0,1.0,yes,2256.600629,0.058881505,yes,13.0,SE,125.225207,,,,,,,,ethane,1.0,1,PSI-159,experiment,microgravity
normal,1.0,ethane,21088 L1,0.209638709,0.209000159,1.0133,1.0,2.0,no,2254.430202,0.058763347,yes,9.0,SE,80.8277263,,,,,,,,ethane,1.0,1,PSI-159,experiment,microgravity
normal,1.0,ethane,21088 N1,0.1802,0.179685675,1.0133,0.5,2.0,yes,2042.838447,0.094270919,yes,7.0,SE,53.3353079,,,,,,,,ethane,1.0,1,PSI-159,experiment,microgravity
normal,1.0,ethane,21088 P1,0.179685675,0.17939183,1.0133,0.5,1.0,yes,2039.856766,0.09403323,yes,8.0,SE,74.1763366,,,,,,,,ethane,1.0,1,PSI-159,experiment,microgravity
normal,2.0,50% butane,21102A1,0.3957,0.393031985,1.0133,0.25,1.6,no,2633.037949,0.226286935,yes,40.0,SE,231.0,Manually stopped the flow. No cool flame detected.,,,,,,,butane,0.5,1,PSI-159,experiment,microgravity
normal,2.0,50% butane,21102 C1,0.393031985,0.390548195,1.0133,0.5,1.6,no,2693.534385,0.149712142,yes,41.0,SE,269.0,Extinction detected. Fuel flow stopped in 6 sec after PMT dropped to 0.,,,,,,,butane,0.5,1,PSI-159,experiment,microgravity
normal,2.0,50% butane,21102 B1,0.390548195,0.388126117,1.0133,0.125,1.3,no,2501.08662,0.340607747,yes,38.0,SE,196.0,,,,,,,,butane,0.5,1,PSI-159,experiment,microgravity
normal,2.0,50% butane,21102 C2,0.388126117,0.386221513,1.0133,0.5,0.8,no,2686.707285,0.148203665,yes,63.0,FT,505.0,,,,,,,,butane,0.5,0,PSI-159,experiment,microgravity
normal,2.0,50% butane,21102 C3,0.386221513,0.382509153,1.0133,0.5,1.2,no,2684.020784,0.147616047,yes,82.0,SE,388.0,,,,,,,,butane,0.5,1,PSI-159,experiment,microgravity
normal,2.0,50% butane,21102 C5,0.382509153,0.381212087,1.0133,0.5,0.8,no,2678.72461,0.146467485,yes,43.0,FT,449.0,Igniter voltage: 2.25V and 2.75V for 10 sec each. No ignition.,,,,,,,butane,0.5,0,PSI-159,experiment,microgravity
normal,2.0,50% butane,21102 C7,0.381212087,0.380669262,1.0133,0.5,0.8,no,2676.855135,0.146065187,yes,18.0,FT,298.0,Igniter voltage: 2.1V and 2.6V for 10 sec each. Hot flame.,,,,,,,butane,0.5,0,PSI-159,experiment,microgravity
normal,2.0,50% butane,21102 M1,0.2341,0.233649188,1.0133,0.5,1.6,no,2336.982762,0.096794751,yes,8.0,SE,75.0,,,,,,,,butane,0.5,1,PSI-159,experiment,microgravity
normal,2.0,50% butane,21102 M2,0.233649188,0.233254802,1.0133,0.5,0.8,no,2335.25391,0.096631781,yes,14.0,SE,139.0,may have intensified images,,,,,,,butane,0.5,1,PSI-159,experiment,microgravity
normal,3.0,50% butane,21106A4,0.3926,0.384638613,0.50665,0.25,1.6,no,2628.957655,0.224985684,yes,60.0,SE,283.0,hot ig,,,,,,,butane,0.5,1,PSI-159,experiment,microgravity
normal,3.0,50% butane,21106 B1,0.384638613,0.377171369,0.50665,0.5,1.6,no,2681.772338,0.147126835,yes,62.0,SE,316.0,,,,,,,,butane,0.5,1,PSI-159,experiment,microgravity
normal,3.0,50% butane,21106 C1,0.377171369,0.369281404,0.50665,0.125,1.3,no,2482.423373,0.333225101,yes,63.0,SE,242.0,,,,,,,,butane,0.5,1,PSI-159,experiment,microgravity
normal,3.0,50% butane,21106 D1,0.369281404,0.358532281,0.50665,0.5,1.2,no,2659.169725,0.142340213,yes,120.0,SE,404.0,,,,,,,,butane,0.5,1,PSI-159,experiment,microgravity
normal,3.0,50% butane,21106 F1,0.358532281,0.35424096,0.50665,0.5,0.8,no,2642.41109,0.138945776,yes,72.0,FT,505.0,hit T limit,,,,,,,butane,0.5,0,PSI-159,experiment,microgravity
normal,3.0,50% butane,21106 F3,0.35424096,0.353756802,0.50665,0.5,0.5,no,2635.478932,0.137580333,yes,13.0,FT,313.0,hot flame,,,,,,,butane,0.5,0,PSI-159,experiment,microgravity
normal,3.0,50% butane,21106 F4,0.353756802,0.352937762,0.50665,0.5,0.5,no,2634.687627,0.137425909,no,22.0,FT,402.0,hot flame,,,,,,,butane,0.5,0,PSI-159,experiment,microgravity
normal,3.0,50% butane,21106 G6,0.2097,0.208586481,0.50665,0.5,0.8,no,2233.365664,0.087858915,yes,20.0,SE,195.0,"hot flame, the igniter stayed in the flame longer than others.",,,,,,,butane,0.5,1,PSI-159,experiment,microgravity
normal,3.0,50% butane,21106 G7,0.208586481,0.207473561,0.50665,0.5,0.8,no,2228.11818,0.087445445,yes,20.0,SE,204.0,"hot flame, the igniter stayed in the flame longer than others.",,,,,,,butane,0.5,1,PSI-159,experiment,microgravity
normal,3.0,50% butane,21106 G9,0.207473561,0.206694811,0.50665,0.5,0.8,no,2222.825542,0.087031696,yes,14.0,SE,129.0,hot flame,,,,,,,butane,0.5,1,PSI-159,experiment,microgravity
normal,4.0,propane,21112A1,0.3954,0.3940449,0.9443956,1.0,0.8,no,2729.986983,0.105434724,yes,43.0,FT,513.074689,1 bottle 100% propane,,,,,,,propane,1.0,0,PSI-159,experiment,microgravity
normal,4.0,propane,21112 A2,0.3940449,0.391274328,0.9443956,1.0,1.6,no,2728.07951,0.105128534,yes,44.0,SE,306.401465,,,,,,,,propane,1.0,1,PSI-159,experiment,microgravity
normal,4.0,propane,21112 A3,0.391274328,0.386794842,0.9443956,1.0,1.2,no,2724.147584,0.104501512,yes,95.0,SE,423.011622,,,,,,,,propane,1.0,1,PSI-159,experiment,microgravity
normal,4.0,propane,21112 A4,0.386794842,0.379543758,0.9443956,1.0,1.0,no,2717.697955,0.103484882,yes,185.0,FT,472.323053,,,,,,,,propane,1.0,0,PSI-159,experiment,microgravity
normal,4.0,propane,21112 A5,0.379543758,0.377663625,0.9443956,1.0,2.0,no,2707.007929,0.101831712,yes,24.0,SE,201.343312,,,,,,,,propane,1.0,1,PSI-159,experiment,microgravity
normal,4.0,propane,21112 C1,0.377663625,0.37709578,0.9443956,1.0,0.5,no,2704.18406,0.101401536,yes,29.0,FT,529.294181,,,,,,,,propane,1.0,0,PSI-159,experiment,microgravity
normal,4.0,propane,21112 C2,0.37709578,0.376528047,0.9443956,1.0,0.5,no,2703.326866,0.101271488,yes,29.0,FT,529.870579,,,,,,,,propane,1.0,0,PSI-159,experiment,microgravity
normal,4.0,propane,21112 A6,0.376528047,0.366422787,0.9443956,1.0,1.0,no,2702.467823,0.101141409,yes,259.0,SE,460.517765,,,,,,,,propane,1.0,1,PSI-159,experiment,microgravity
normal,4.0,propane,21112 F2,0.2125,0.212224743,1.0133,1.0,1.0,no,2275.686041,0.060981864,yes,8.0,SE,95.0990032,,,,,,,,propane,1.0,1,PSI-159,experiment,microgravity
normal,4.0,propane,21112 F3,0.212224743,0.212004554,1.0133,1.0,0.8,no,2274.412146,0.060909858,yes,8.0,SE,105.264091,,,,,,,,propane,1.0,1,PSI-159,experiment,microgravity
normal,4.0,propane,21112 F4,0.212004554,0.211798144,1.0133,1.0,0.6,no,2273.390966,0.060852246,yes,10.0,SE,136.737387,,,,,,,,propane,1.0,1,PSI-159,experiment,microgravity
normal,4.0,propane,21112 H1,0.211798144,0.211591749,1.0133,1.0,0.5,no,2272.431946,0.060798229,yes,12.0,SE,154.162132,,,,,,,,propane,1.0,1,PSI-159,experiment,microgravity
normal,4.0,propane,21112 H2,0.211591749,0.211402567,1.0133,1.0,0.5,no,2271.471317,0.060744207,yes,11.0,SE,155.395419,,,,,,,,propane,1.0,1,PSI-159,experiment,microgravity
normal,5.0,30% butane,21125 A2,0.3945,0.394118729,1.0133,0.031,0.5,no,1795.234249,0.657009788,yes,8.0,SE,60.0,,,,,,,,butane,0.3,1,PSI-159,experiment,microgravity
normal,5.0,30% butane,21125 K1,0.394118729,0.389156864,1.0133,0.031,1.5,no,1794.86369,0.656803436,yes,35.0,SE,227.0,,,,,,,,butane,0.3,1,PSI-159,experiment,microgravity
normal,5.0,30% butane,21125 K2,0.389156864,0.38437638,1.0133,0.031,3.0,no,1789.988936,0.654093183,yes,17.0,SE,116.0,,,,,,,,butane,0.3,1,PSI-159,experiment,microgravity
normal,5.0,30% butane,21125 K3,0.38437638,0.375720569,1.0133,0.031,0.75,no,1785.198679,0.651437692,yes,125.0,FT,481.0,,,,,,,,butane,0.3,0,PSI-159,experiment,microgravity
normal,5.0,30% butane,21125 D1,0.2111,0.211072309,1.0133,0.045,0.5,no,1700.967256,0.42348241,yes,1.0,SE,34.0,,,,,,,,butane,0.3,1,PSI-159,experiment,microgravity
normal,5.0,30% butane,21125 D2,0.211072309,0.211044619,1.0133,0.045,0.5,no,1700.883051,0.423451316,yes,1.0,SE,32.0,,,,,,,,butane,0.3,1,PSI-159,experiment,microgravity
normal,6.0,30% propane,21130A1,0.2107,0.210684692,2.0266,0.04742,0.5,no,1601.904915,0.469857755,yes,1.0,SE,39.4668576,"1 bottle 2 days, 30% propane, no timer resets through day 10",,,,,,,propane,0.3,1,PSI-159,experiment,microgravity
normal,6.0,30% propane,21130 A2,0.210684692,0.210654078,2.0266,0.04742,1.0,no,1601.863831,0.469840184,yes,1.0,SE,34.3184151,,,,,,,,propane,0.3,1,PSI-159,experiment,microgravity
normal,6.0,30% propane,21130 A5,0.210654078,0.210623465,2.0266,0.04742,1.0,no,1601.781659,0.46980504,yes,1.0,SE,34.0834658,,,,,,,,propane,0.3,1,PSI-159,experiment,microgravity
normal,6.0,30% propane,21130 A9,0.210623465,0.210615813,2.0266,0.04742,0.25,no,1601.699478,0.469769893,yes,1.0,SE,137.818721,,,,,,,,propane,0.3,1,PSI-159,experiment,microgravity
normal,6.0,30% propane,21130 M1,0.210615813,0.21050331,2.0266,0.3,1.0,no,2171.011986,0.13779061,yes,6.0,SE,65.14664623,,,,,,,,propane,0.3,1,PSI-159,experiment,microgravity
normal,6.0,30% propane,21130 M2,0.21050331,0.210240854,2.0266,0.3,2.0,no,2170.499473,0.137728991,yes,7.0,SE,56.64455108,,,,,,,,propane,0.3,1,PSI-159,experiment,microgravity
normal,6.0,30% propane,21130 M3,0.210240854,0.210193989,2.0266,0.3,0.5,no,2169.302145,0.137585197,yes,5.0,SE,69.44720456,,,,,,,,propane,0.3,1,PSI-159,experiment,microgravity
normal,6.0,30% propane,21130 G2,0.2167,0.216689654,3.0399,0.04742,0.5,no,1617.733857,0.476650698,yes,1.0,SE,35.7849125,,,,,,,,propane,0.3,1,PSI-159,experiment,microgravity
normal,6.0,30% propane,21130 G3,0.216689654,0.216668964,3.0399,0.04742,1.0,no,1617.707026,0.476639145,yes,1.0,SE,33.34455353,,,,,,,,propane,0.3,1,PSI-159,experiment,microgravity
normal,6.0,30% propane,21130 G6,0.216668964,0.216663791,3.0399,0.04742,0.25,no,1617.653362,0.476616037,yes,1.0,SE,34.03266412,,,,,,,,propane,0.3,1,PSI-159,experiment,microgravity
normal,6.0,30% propane,21130 G7,0.216663791,0.216661205,3.0399,0.04742,0.125,no,1617.639945,0.47661026,yes,1.0,SE,36.92329563,,,,,,,,propane,0.3,1,PSI-159,experiment,microgravity
normal,6.0,30% propane,21130 N1,0.216661205,0.216585869,3.0399,0.3,1.0,no,2197.919365,0.141086088,yes,6.0,SE,72.69266247,,,,,,,,propane,0.3,1,PSI-159,experiment,microgravity
normal,6.0,30% propane,21130 N2,0.216585869,0.216435213,3.0399,0.3,2.0,no,2197.591604,0.141045209,yes,6.0,SE,56.83256973,,,,,,,,propane,0.3,1,PSI-159,experiment,microgravity
normal,6.0,30% propane,21130 N3,0.216435213,0.216403828,3.0399,0.3,0.5,no,2196.935588,0.140963446,yes,5.0,SE,89.44847822,,,,,,,,propane,0.3,1,PSI-159,experiment,microgravity
normal,6.0,30% propane,21130 N4,0.216403828,0.216372442,3.0399,0.3,0.5,no,2196.798826,0.140946411,yes,5.0,SE,89.90328927,,,,,,,,propane,0.3,1,PSI-159,experiment,microgravity
normal,7.0,30% propane,21137A1,0.3996,0.397258964,1.0133,0.3,2.89,no,2636.620386,0.228094199,yes,19.0,SE,132.6178451,same bottle,,,,,,,propane,0.3,1,PSI-159,experiment,microgravity
normal,7.0,30% propane,21137 A2,0.397258964,0.394768875,1.0133,0.3,1.5,no,2633.57542,0.22711666,yes,39.0,SE,234.5749126,,,,,,,,propane,0.3,1,PSI-159,experiment,microgravity
normal,7.0,30% propane,21137 A3,0.394768875,0.389508666,1.0133,0.3,1.0,no,2630.300519,0.22607348,yes,124.0,SE,397.8240746,,,,,,,,propane,0.3,1,PSI-159,experiment,microgravity
normal,7.0,30% propane,21137 B1,0.389508666,0.371242231,1.0133,0.15,2.89,no,2486.332454,0.348306098,yes,127.0,FT,179.839068,Irregular Oscillation,,,,,,,propane,0.3,0,PSI-159,experiment,microgravity
normal,7.0,30% propane,21137 B2,0.371242231,0.357498988,1.0133,0.08,1.5,no,2216.048717,0.47972056,yes,147.0,FT,161.4007689,Irregular Oscillation,,,,,,,propane,0.3,0,PSI-159,experiment,microgravity
normal,7.0,30% propane,21137 A4,0.357498988,0.355683743,1.0133,0.3,1.25,no,2576.152786,0.210028804,yes,35.0,SE,234.0686037,,,,,,,,propane,0.3,1,PSI-159,experiment,microgravity
normal,7.0,30% propane,21137 A5,0.355683743,0.353678232,1.0133,0.3,1.1,no,2573.232287,0.209226104,yes,44.0,SE,283.2118442,,,,,,,,propane,0.3,1,PSI-159,experiment,microgravity
normal,7.0,30% propane,21137 A6,0.353678232,0.352403076,1.0133,0.3,1.4,no,2569.970517,0.208336909,yes,22.0,SE,172.1251976,,,,,,,,propane,0.3,1,PSI-159,experiment,microgravity
normal,7.0,30% propane,21137 A7,0.352403076,0.350765374,1.0133,0.3,1.2,no,2567.877057,0.207770243,yes,33.0,SE,229.5978338,,,,,,,,propane,0.3,1,PSI-159,experiment,microgravity
normal,7.0,30% propane,21137 D1,0.21,0.209133851,1.0133,0.3,2.89,no,2168.201271,0.137453187,yes,8.0,SE,65.19673179,,,,,,,,propane,0.3,1,PSI-159,experiment,microgravity
normal,7.0,30% propane,21137 D2,0.209133851,0.208927834,1.0133,0.3,0.5,no,2164.225786,0.136978052,yes,11.0,SE,134.2412688,,,,,,,,propane,0.3,1,PSI-159,experiment,microgravity
normal,7.0,30% propane,21137 C1,0.208927834,0.208760367,1.0133,0.15,0.5,no,2033.600696,0.22710207,yes,8.0,SE,101.3609727,,,,,,,,propane,0.3,1,PSI-159,experiment,microgravity
normal,8.0,30% ethane,21153A1,0.3887,0.375900202,0.50665,0.3,2.36,no,2573.174924,0.263903693,yes,59.0,SE,198.8830252,"1  bottle, 2 days, 30% C2H6, timer reset",,,,,,,ethane,0.3,1,PSI-159,experiment,microgravity
normal,8.0,30% ethane,21153 A2,0.375900202,0.363879118,0.50665,0.3,1.5,no,2555.198965,0.257781029,yes,88.0,SE,269.8475867,,,,,,,,ethane,0.3,1,PSI-159,experiment,microgravity
normal,8.0,30% ethane,21153 A3,0.363879118,0.34080788,0.50665,0.3,1.0,no,2537.138924,0.251917603,yes,258.0,SE,374.0544372,,,,,,,,ethane,0.3,1,PSI-159,experiment,microgravity
normal,8.0,30% ethane,21153 F1,0.34080788,0.334933586,0.50665,0.3,1.5,yes,2498.76161,0.240345135,yes,44.0,SE,204.9444171,,,,,,,,ethane,0.3,1,PSI-159,experiment,microgravity
normal,8.0,30% ethane,21153 A4,0.334933586,0.332446428,0.50665,0.3,0.5,no,2488.103107,0.237329338,yes,56.0,FT,508.715304,,,,,,,,ethane,0.3,0,PSI-159,experiment,microgravity
normal,8.0,30% ethane,21153 A5,0.332446428,0.314456131,0.50665,0.3,0.75,no,2483.470764,0.23604377,yes,274.0,FT,421.2840689,,,,,,,,ethane,0.3,0,PSI-159,experiment,microgravity
normal,8.0,30% ethane,21153 C1,0.3985,0.396626309,2.0266,0.3,2.36,no,2586.152396,0.268509614,yes,34.0,SE,172.8039716,,,,,,,,ethane,0.3,1,PSI-159,experiment,microgravity
normal,8.0,30% ethane,21153 C2,0.396626309,0.394842385,2.0266,0.3,1.5,no,2583.720616,0.267634393,yes,51.0,SE,238.7934911,,,,,,,,ethane,0.3,1,PSI-159,experiment,microgravity
normal,8.0,30% ethane,21153 C3,0.394842385,0.391980391,2.0266,0.3,1.0,no,2581.38403,0.266798742,yes,123.0,SE,357.3984459,,,,,,,,ethane,0.3,1,PSI-159,experiment,microgravity
normal,8.0,30% ethane,21153 G1,0.391980391,0.388939354,2.0266,0.3,1.0,yes,2577.591097,0.265453253,yes,131.0,SE,359.0328722,,,,,,,,ethane,0.3,1,PSI-159,experiment,microgravity
normal,8.0,30% ethane,21153 C4,0.388939354,0.384151721,2.0266,0.3,0.75,no,2573.499679,0.264017024,yes,276.0,FT,436.2667166,,,,,,,,ethane,0.3,0,PSI-159,experiment,microgravity
normal,8.0,30% ethane,21153 C5,0.384151721,0.383585316,2.0266,0.3,0.5,no,2566.926361,0.261742086,yes,49.0,FT,511.7221784,,,,,,,,ethane,0.3,0,PSI-159,experiment,microgravity
normal,8.0,30% ethane,21153 C6,0.383585316,0.382061285,2.0266,0.3,1.5,no,2566.13774,0.261471822,yes,44.0,SE,223.2070887,,,,,,,,ethane,0.3,1,PSI-159,experiment,microgravity
normal,8.0,30% ethane,21153 C7,0.382061285,0.38065424,2.0266,0.3,1.0,no,2564.00403,0.260743429,yes,61.0,FT,334.5683537,,,,,,,,ethane,0.3,0,PSI-159,experiment,microgravity
normal,9.0,30% ethane,21162A1,0.3997,0.394966671,1.0133,0.3,2.36,no,2587.697951,0.269068818,yes,43.0,SE,182.037161,"same bottle, will get a timer reset",,,,,,,ethane,0.3,1,PSI-159,experiment,microgravity
normal,9.0,30% ethane,21162 A2,0.394966671,0.390017987,1.0133,0.3,1.5,no,2581.5475,0.266857037,yes,71.0,SE,261.6815899,,,,,,,,ethane,0.3,1,PSI-159,experiment,microgravity
normal,9.0,30% ethane,21162 A3,0.390017987,0.37932621,1.0133,0.3,1.0,no,2574.958198,0.264527221,yes,232.0,SE,374.9717854,,,,,,,,ethane,0.3,1,PSI-159,experiment,microgravity
normal,9.0,30% ethane,21162 B1,0.37932621,0.372085537,1.0133,0.3,1.0,yes,2560.131167,0.25943187,yes,158.0,SE,360.8093385,,,,,,,,ethane,0.3,1,PSI-159,experiment,microgravity
normal,9.0,30% ethane,21162 A4,0.372085537,0.360351946,1.0133,0.3,0.85,no,2549.597946,0.255932419,yes,304.0,SE,405.3290232,,,,,,,,ethane,0.3,1,PSI-159,experiment,microgravity
normal,9.0,30% ethane,21162 C1,0.21,0.209619681,1.0133,0.3,0.5,no,2121.080305,0.165606435,yes,19.0,SE,162.2075945,,,,,,,,ethane,0.3,1,PSI-159,experiment,microgravity
normal,9.0,30% ethane,21162 C2,0.209619681,0.209289501,1.0133,0.3,0.75,no,2119.380751,0.16536336,yes,11.0,SE,94.74583001,,,,,,,,ethane,0.3,1,PSI-159,experiment,microgravity
normal,9.0,30% ethane,21162 C3,0.209289501,0.20892942,1.0133,0.3,1.0,no,2117.901476,0.165152194,yes,9.0,SE,73.13315747,,,,,,,,ethane,0.3,1,PSI-159,experiment,microgravity
normal,9.0,30% ethane,21162 C4,0.20892942,0.208389559,1.0133,0.3,1.5,no,2116.284224,0.164921762,yes,9.0,SE,65.07509445,,,,,,,,ethane,0.3,1,PSI-159,experiment,microgravity
normal,9.0,30% ethane,21162 C5,0.208389559,0.207540819,1.0133,0.3,2.36,no,2113.851649,0.164575998,yes,9.0,SE,63.16842314,,,,,,,,ethane,0.3,1,PSI-159,experiment,microgravity
normal,9.0,30% ethane,21162 D1,0.207540819,0.207221235,1.0133,0.3,0.5,yes,2110.008148,0.164031725,yes,16.0,SE,143.9003679,,,,,,,,ethane,0.3,1,PSI-159,experiment,microgravity
normal,9.0,30% ethane,21162 F2,0.207221235,0.206622334,1.0133,0.3,1.5,no,2108.554829,0.163826567,yes,10.0,SE,67.10637802,,,,,,,,ethane,0.3,1,PSI-159,experiment,microgravity
normal,10.0,30% butane,21174 A1,0.3886,0.38317216,0.50665,0.3,3.215,no,2644.607139,0.199825635,yes,21.0,SE,132.0,"1 bottle 1 day, 30% butane, 3 hour gap if we want a timer reset?",,,,,,,butane,0.3,1,PSI-159,experiment,microgravity
normal,10.0,30% butane,21174 A2,0.38317216,0.378521822,0.50665,0.3,2.0,no,2637.1216,0.197702101,yes,29.0,SE,175.0,,,,,,,,butane,0.3,1,PSI-159,experiment,microgravity
normal,10.0,30% butane,21174 A3,0.378521822,0.372051768,0.50665,0.3,1.5,no,2630.558001,0.195871271,yes,54.0,SE,276.0,,,,,,,,butane,0.3,1,PSI-159,experiment,microgravity
normal,10.0,30% butane,21174 A4,0.372051768,0.355439854,0.50665,0.3,1.0,no,2621.181096,0.193306217,yes,210.0,SE,421.0,,,,,,,,butane,0.3,1,PSI-159,experiment,microgravity
normal,10.0,30% butane,21174 B1,0.355439854,0.346860985,0.50665,0.3,1.0,yes,2595.657867,0.186623862,yes,109.0,SE,388.0,,,,,,,,butane,0.3,1,PSI-159,experiment,microgravity
normal,10.0,30% butane,21174 C1,0.3985,0.396546482,2.0266,0.3,3.215,no,2657.806132,0.203662106,yes,30.0,SE,156.0,Irregular Oscillation,,,,,,,butane,0.3,1,PSI-159,experiment,microgravity
normal,10.0,30% butane,21174 C2,0.396546482,0.39537253,2.0266,0.3,2.0,no,2655.246017,0.202908798,yes,29.0,SE,190.0,,"no, PCI-hot",,,,,,butane,0.3,1,PSI-159,experiment,microgravity
normal,10.0,30% butane,21174 C3,0.39537253,0.394310549,2.0266,0.3,1.5,no,2653.697276,0.202455226,yes,35.0,SE,246.0,Cool flame!,"yes, PCI-D",,,,,,butane,0.3,1,PSI-159,experiment,microgravity
normal,10.0,30% butane,21174 C4,0.394310549,0.392491915,2.0266,0.3,1.0,no,2652.289527,0.202044348,yes,90.0,SE,399.0,Cool flame!,"yes, PCI-B",,,,,,butane,0.3,1,PSI-159,experiment,microgravity
normal,10.0,30% butane,21174 D1,0.392491915,0.390816348,2.0266,0.3,1.0,yes,2649.863721,0.201339463,yes,83.0,SE,393.0,Cool flame!,"yes, PCI-C",,,,,,butane,0.3,1,PSI-159,experiment,microgravity
normal,10.0,30% butane,21174 F1,0.390816348,0.389605939,2.0266,0.3,1.5,no,2647.611673,0.200688619,yes,40.0,SE,258.0,Cool flame!,"yes, PCI-E",,,,,,butane,0.3,1,PSI-159,experiment,microgravity
normal,10.0,30% butane,21174 C5,0.389605939,0.389263058,2.0266,0.3,0.5,no,2645.97447,0.200217615,yes,34.0,FT,518.0,"Hit the burner temp limit, terminated.",,,,,,,butane,0.3,0,PSI-159,experiment,microgravity
normal,10.0,30% butane,21174 C6,0.389263058,0.385474447,2.0266,0.3,0.75,no,2645.509092,0.200084061,yes,251.0,SE,488.0,Cool flame!,"yes, PCI-A",,,,,,butane,0.3,1,PSI-159,experiment,microgravity
normal,10.0,30% butane,21174 F2,0.385474447,0.384750235,2.0266,0.3,1.5,no,2640.3192,0.19860458,yes,24.0,FT,200.0,,,,,,,,butane,0.3,0,PSI-159,experiment,microgravity
normal,10.0,30% butane,21174 F3,0.384750235,0.384056477,2.0266,0.3,1.5,no,2639.316981,0.198320974,yes,23.0,FT,203.0,,,,,,,,butane,0.3,0,PSI-159,experiment,microgravity
normal,10.0,30% butane,21174 F4,0.384056477,0.383001402,2.0266,0.3,1.5,no,2638.353796,0.198049053,yes,35.0,FT,242.0,,,,,,,,butane,0.3,0,PSI-159,experiment,microgravity
normal,11.0,30% butane,21291 A1,0.3993,0.394233062,2.0266,0.3,1.5,no,2658.848468,0.203970074,yes,167.0,FT,364.0,bonus day after inverse tests,"yes, PCI-G",,,,,,butane,0.3,0,PSI-159,experiment,microgravity
normal,11.0,30% butane,21291 C1,0.394233062,0.389271344,2.0266,0.3,1.0,no,2652.186558,0.202014347,yes,246.0,FT,435.0,"5 transitions from hot to cool, 6 hot and 5 cool flames","yes, PCI-F",,,,,,butane,0.3,0,PSI-159,experiment,microgravity
normal,11.0,30% butane,21291 C2,0.389271344,0.388318854,2.0266,0.3,1.75,no,2645.520346,0.200087289,yes,27.0,SE,182.0,,,,,,,,butane,0.3,1,PSI-159,experiment,microgravity
normal,11.0,30% butane,21291 B1,0.388318854,0.387190712,2.0266,0.3,1.75,yes,2644.223892,0.199715995,yes,32.0,SE,193.0,,,,,,,,butane,0.3,1,PSI-159,experiment,microgravity
normal,11.0,30% butane,21291 H1,0.387190712,0.386174345,2.0266,0.15,1.25,no,2538.440812,0.304135817,yes,35.0,SE,216.0,,,,,,,,butane,0.3,1,PSI-159,experiment,microgravity
normal,11.0,30% butane,21291 H2,0.386174345,0.383427837,2.0266,0.15,0.75,no,2537.057866,0.303608807,yes,158.0,FT,456.0,Hit the burner temperature limit,,,,,,,butane,0.3,0,PSI-159,experiment,microgravity
normal,11.0,30% butane,21291 D1,0.3978,0.394946781,1.0133,0.3,1.5,no,2656.891203,0.203392384,yes,47.0,SE,258.0,,,,,,,,butane,0.3,1,PSI-159,experiment,microgravity
normal,11.0,30% butane,21291 G1,0.394946781,0.38845523,1.0133,0.3,1.0,no,2653.133679,0.202290569,yes,161.0,SE,428.0,,,,,,,,butane,0.3,1,PSI-159,experiment,microgravity
normal,11.0,30% butane,21291 G2,0.38845523,0.385436483,1.0133,0.3,1.25,no,2644.409854,0.199769183,yes,60.0,SE,311.0,,,,,,,,butane,0.3,1,PSI-159,experiment,microgravity
normal,11.0,30% butane,21291 J1,0.385436483,0.382657026,1.0133,0.15,0.75,no,2536.049087,0.303225617,yes,80.0,FT,454.0,Hit the burner temperature limit,,,,,,,butane,0.3,0,PSI-159,experiment,microgravity
normal,11.0,30% butane,21291 J2,0.382657026,0.380783875,1.0133,0.15,1.5,no,2532.212453,0.301777696,yes,27.0,SE,152.0,,,,,,,,butane,0.3,1,PSI-159,experiment,microgravity
normal,11.0,30% butane,21291 J3,0.380783875,0.376957554,1.0133,0.15,1.0,no,2529.593621,0.300797888,yes,83.0,SE,330.0,,,,,,,,butane,0.3,1,PSI-159,experiment,microgravity
inverse,1.0,ethane,21196 A2,,,1.1,,1.5,no,2120.0,0.1665,yes,35.0,FT,162.9,,,0.2981,0.295425,0.21,5.59,yellow,ethane,1.0,0,PSI-159,experiment,microgravity
inverse,1.0,ethane,21196 F1,,,1.1033,,1.5,no,1786.994366,0.126728327,yes,36.0,FT,118.5,Not spherical shape,,0.295424848,0.291765297,0.15,5.58675424,blue,ethane,1.0,0,PSI-159,experiment,microgravity
inverse,1.0,ethane,21196 J1,,,1.1033,,1.5,no,1680.718299,0.116987922,flash,1.0,SE,27.8,Not lasted long,,0.291765297,0.291653541,0.135,5.58675424,-,ethane,1.0,1,PSI-159,experiment,microgravity
inverse,1.0,ethane,21196 F2,,,1.1033,,0.75,no,1785.119116,0.128126732,yes,66.0,FT,169.2,,,0.291653541,0.288335586,0.15,2.79337712,blue,ethane,1.0,0,PSI-159,experiment,microgravity
inverse,1.0,ethane,21196 F3,,,1.1033,,0.375,no,1783.432003,0.129383451,flash,1.0,SE,39.9,A flash and gone,,0.288335586,0.288310452,0.15,1.39668856,-,ethane,1.0,1,PSI-159,experiment,microgravity
inverse,1.0,ethane,21196 F4,,,1.1033,,0.5625,no,1783.419087,0.129393068,flash,1.0,SE,66.1,Not lasted long,,0.288310452,0.288272755,0.15,2.09503284,-,ethane,1.0,1,PSI-159,experiment,microgravity
inverse,1.0,ethane,21196 F5,,,1.1033,,2.439,no,1783.399711,0.129407493,flash,1.0,SE,28.4,Not lasted long,,0.288272755,0.28810939,0.15,9.084062394,-,ethane,1.0,1,PSI-159,experiment,microgravity
inverse,1.0,ethane,21196 F6,,,1.1033,,0.75,no,1783.315686,0.129470046,yes,66.0,FT,167.3,Repeat of F2,,0.28810939,0.284828889,0.15,2.79337712,blue,ethane,1.0,0,PSI-159,experiment,microgravity
inverse,1.0,ethane,21196 K1,,,0.4953817,,0.75,no,1781.609691,0.130739408,flash,1.0,SE,63.5,Not lasted long,,0.284828889,0.284718228,0.15,2.79337712,-,ethane,1.0,1,PSI-159,experiment,microgravity
inverse,1.0,ethane,21196 L1,,,0.4953817,,0.75,no,2111.04677,0.172800669,flash,1.0,SE,122.9,Not lasted long,,0.284718228,0.284635929,0.21,2.79337712,-,ethane,1.0,1,PSI-159,experiment,microgravity
inverse,1.0,ethane,21196 L2,,,0.4953817,,0.75,no,2110.98997,0.17284115,yes,63.0,FT,273.7,,,0.284635929,0.279534884,0.21,2.79337712,blue,ethane,1.0,0,PSI-159,experiment,microgravity
inverse,1.0,ethane,21196 M1,,,0.4953817,,0.75,no,2401.004197,0.230837563,flash,1.0,SE,136.4,Not lasted long,,0.279534884,0.279474794,0.3,2.79337712,-,ethane,1.0,1,PSI-159,experiment,microgravity
inverse,1.0,ethane,21196 M2,,,0.4953817,,0.75,no,2400.958103,0.230874969,yes,66.0,FT,515.2,,,0.279474794,0.275557001,0.3,2.79337712,blue,ethane,1.0,0,PSI-159,experiment,microgravity
inverse,1.0,ethane,21196 M2_1,,,0.4953817,,1.5,no,2397.909121,0.233340944,yes,64.0,FT,515.3,,,0.275557001,0.268135774,0.3,5.58675424,blue,ethane,1.0,0,PSI-159,experiment,microgravity
inverse,2.0,ethane,21202 A2,,,2.2066,,0.5,no,2077.502017,0.783870758,yes,2.0,SE,62.3,"Ignited, but lasted short.",,0.06,0.059996273,0.85,1.862251413,blue,ethane,1.0,1,PSI-159,experiment,microgravity
inverse,2.0,ethane,21202 A3,,,2.2066,,1.0,no,2077.445204,0.783881235,yes,3.5,SE,50.6,,,0.059996273,0.059983229,0.85,3.724502827,blue,ethane,1.0,1,PSI-159,experiment,microgravity
inverse,2.0,ethane,21202 A4,,,2.2066,,2.439,no,2077.246332,0.783917907,yes,5.0,SE,44.6,,,0.059983229,0.059937793,0.85,9.084062394,blue,ethane,1.0,1,PSI-159,experiment,microgravity
inverse,2.0,ethane,21202 H1,,,2.2066,,1.0,no,2566.535755,0.645563961,yes,28.0,SE,214.1,,,0.12,0.119858746,0.85,3.724502827,limit,ethane,1.0,1,PSI-159,experiment,microgravity
inverse,2.0,ethane,21202 H2,,,2.2066,,2.439,no,2565.96006,0.645831058,yes,16.0,SE,107.6,,,0.119858746,0.119662048,0.85,9.084062394,limit,ethane,1.0,1,PSI-159,experiment,microgravity
inverse,2.0,ethane,21202 H3,,,2.2066,,0.5,no,2565.156105,0.646203374,yes,66.0,FT,469.1,Flow timed out,,0.119662048,0.119495835,0.85,1.862251413,blue,ethane,1.0,0,PSI-159,experiment,microgravity
inverse,2.0,ethane,21202 H4,,,2.2066,,0.75,no,2564.474659,0.646518332,yes,41.0,SE,301.2,,,0.119495835,0.119341058,0.85,2.79337712,blue,ethane,1.0,1,PSI-159,experiment,microgravity
inverse,2.0,ethane,21202 J1,,,2.2066,,0.75,yes,2563.838376,0.646811899,yes,53.0,SE,327.8,,,0.119341058,0.119141157,0.85,2.79337712,blue,ethane,1.0,1,PSI-159,experiment,microgravity
inverse,2.0,ethane,21202 K1,,,1.1033,,1.0,no,2563.014104,0.647191461,yes,55.0,SE,275.7,,,0.119141157,0.118589306,0.85,3.724502827,blue,ethane,1.0,1,PSI-159,experiment,microgravity
inverse,2.0,ethane,21202 K2,,,1.1033,,2.439,no,2560.723976,0.648241659,yes,21.0,SE,113.4,,,0.118589306,0.118076549,0.85,9.084062394,blue,ethane,1.0,1,PSI-159,experiment,microgravity
inverse,2.0,ethane,21202 L1,,,1.1033,,1.0,yes,2558.57659,0.649220596,yes,50.0,SE,255.6,,,0.118076549,0.117577094,0.85,3.724502827,blue,ethane,1.0,1,PSI-159,experiment,microgravity
inverse,3.0,ethane,21209 A1,,,0.55165,,1.0,no,2820.983248,0.478798757,yes,26.0,FT,544.1,"Burner T limit, most images lost",,0.24,0.238982459,0.85,3.724502827,limit,ethane,1.0,0,PSI-159,experiment,microgravity
inverse,3.0,ethane,21209 A3,,,0.55165,,2.435,no,2819.838789,0.47984081,yes,67.0,FT,300.3,,,0.238982459,0.234050039,0.85,9.069164383,limit,ethane,1.0,0,PSI-159,experiment,microgravity
inverse,3.0,ethane,21209 B1,,,0.55165,,2.435,yes,2814.150439,0.484959237,yes,136.0,FT,300.0,,,0.234050039,0.224321623,0.85,9.069164383,limit,ethane,1.0,0,PSI-159,experiment,microgravity
inverse,3.0,ethane,21209 A4,,,0.55165,,1.5,no,2802.206567,0.495392754,yes,66.0,FT,419.1,,,0.224321623,0.221438453,0.85,5.58675424,limit,ethane,1.0,0,PSI-159,experiment,microgravity
inverse,3.0,ethane,21209 H1,,,0.55165,,1.5,no,2621.397849,0.379683661,yes,66.0,FT,290.2,,,0.221438453,0.217480394,0.5,5.58675424,limit,ethane,1.0,0,PSI-159,experiment,microgravity
inverse,3.0,ethane,21209 J1,,,0.55165,,1.5,no,2339.776556,0.277470501,yes,66.0,FT,248.4,,,0.217480394,0.211850471,0.3,5.58675424,yellow,ethane,1.0,0,PSI-159,experiment,microgravity
inverse,3.0,ethane,21209 F1,,,0.55165,,1.5,no,2044.76624,0.218310119,yes,66.0,FT,201.4,Not round shape,,0.211850471,0.204571036,0.21,5.58675424,limit,ethane,1.0,0,PSI-159,experiment,microgravity
inverse,3.0,ethane,21209 F2,,,0.55165,,1.0,no,2035.764382,0.224244151,yes,66.0,FT,213.7,,,0.204571036,0.199816112,0.21,3.724502827,blue,ethane,1.0,0,PSI-159,experiment,microgravity
inverse,3.0,ethane,21209 F3,,,0.55165,,0.5,no,2029.562068,0.228301179,yes,66.0,FT,317.3,,,0.199816112,0.197462908,0.21,1.862251413,blue,ethane,1.0,0,PSI-159,experiment,microgravity
inverse,3.0,ethane,21209 B2,,,0.55165,,1.0,yes,2763.395427,0.526764096,yes,48.0,FT,514.0,,,0.197462908,0.196171791,0.85,3.724502827,blue,ethane,1.0,0,PSI-159,experiment,microgravity
inverse,3.0,ethane,21209 K1,,,0.55165,,0.5,no,1885.144054,0.205905777,yes,26.0,FT,128.1,Timed out,,0.196171791,0.195128289,0.18,1.862251413,blue,ethane,1.0,0,PSI-159,experiment,microgravity
inverse,4.0,ethane,21216 A1,,,3.3099,,1.0,no,2468.258593,0.68577955,yes,17.0,SE,160.2,,,0.1,0.099922963,0.85,3.724502827,blue,ethane,1.0,1,PSI-159,experiment,microgravity
inverse,4.0,ethane,21216 A2,,,3.3099,,1.5,no,2467.80041,0.685944384,yes,15.0,SE,119.0,,,0.099922963,0.099853897,0.85,5.58675424,blue,ethane,1.0,1,PSI-159,experiment,microgravity
inverse,4.0,ethane,21216 A3,,,3.3099,,2.435,no,2467.389001,0.686092233,yes,15.0,SE,100.0,,,0.099853897,0.099741839,0.85,9.069164383,blue,ethane,1.0,1,PSI-159,experiment,microgravity
inverse,4.0,ethane,21216 A4,,,3.3099,,0.5,no,2466.720234,0.686332251,yes,36.0,SE,330.4,,,0.099741839,0.09968663,0.85,1.862251413,blue,ethane,1.0,1,PSI-159,experiment,microgravity
inverse,4.0,ethane,21216 A5,,,3.3099,,0.25,no,2466.390164,0.686450567,flash,1.0,SE,59.6,,,0.09968663,0.099685864,0.85,0.931125707,-,ethane,1.0,1,PSI-159,experiment,microgravity
inverse,4.0,ethane,21216 A6,,,3.3099,,0.375,no,2466.385577,0.686452211,yes,66.0,FT,471.4,,,0.099685864,0.099609979,0.85,1.39668856,blue,ethane,1.0,0,PSI-159,experiment,microgravity
inverse,4.0,ethane,21216 B1,,,3.3099,,1.5,yes,2465.931264,0.686614905,yes,25.0,SE,142.9,,,0.099609979,0.099495066,0.85,5.58675424,limit,ethane,1.0,1,PSI-159,experiment,microgravity
inverse,4.0,ethane,21216 C1,,,3.3099,,1.5,no,2292.748844,0.574515172,yes,12.0,SE,77.6,,,0.099495066,0.099424557,0.5,5.58675424,blue,ethane,1.0,1,PSI-159,experiment,microgravity
inverse,4.0,ethane,21216 F1,,,3.3099,,1.5,no,1786.726147,0.371165407,yes,68.0,FT,126.5,,,0.099424557,0.098736583,0.21,5.58675424,blue,ethane,1.0,0,PSI-159,experiment,microgravity
inverse,4.0,ethane,21216 H1,,,1.1033,,1.5,no,2460.649609,0.688493139,yes,20.0,SE,120.5,,,0.098736583,0.098462155,0.85,5.58675424,blue,ethane,1.0,1,PSI-159,experiment,microgravity
inverse,4.0,ethane,21216 H2,,,1.1033,,2.435,no,2458.969802,0.689085467,yes,18.0,SE,99.1,,,0.098462155,0.098061989,0.85,9.069164383,blue,ethane,1.0,1,PSI-159,experiment,microgravity
inverse,4.0,ethane,21216 J1,,,1.1033,,1.0,no,2283.992627,0.578032305,yes,19.0,SE,111.3,,,0.098061989,0.097840812,0.5,3.724502827,blue,ethane,1.0,1,PSI-159,experiment,microgravity
inverse,4.0,ethane,21216 K1,,,1.1033,,1.0,no,1779.772352,0.374893855,yes,66.0,FT,131.4,,,0.097840812,0.096528098,0.21,3.724502827,blue,ethane,1.0,0,PSI-159,experiment,microgravity
inverse,5.0,propane,21222 A1,,,3.3099,,1.5,no,2532.591389,0.664749239,yes,10.0,SE,102.1,,,0.08,0.079950834,0.85,5.441972789,blue,propane,1.0,1,PSI-159,experiment,microgravity
inverse,5.0,propane,21222 A2,,,3.3099,,1.0,no,2532.275517,0.664880215,yes,16.0,SE,148.4,,,0.079950834,0.079906404,0.85,3.627981859,limit,propane,1.0,1,PSI-159,experiment,microgravity
inverse,5.0,propane,21222 A3,,,3.3099,,2.5,no,2531.989722,0.664998626,yes,18.0,SE,100.4,,,0.079906404,0.079781526,0.85,9.069954649,limit,propane,1.0,1,PSI-159,experiment,microgravity
inverse,5.0,propane,21222 A4,,,3.3099,,0.5,no,2531.184676,0.665331695,yes,13.0,SE,178.0,,,0.079781526,0.07976349,0.85,1.81399093,blue,propane,1.0,1,PSI-159,experiment,microgravity
inverse,5.0,propane,21222 A5,,,3.3099,,0.375,no,2531.068185,0.665379832,yes,3.0,SE,92.4,,,0.07976349,0.079760368,0.85,1.360493197,-,propane,1.0,1,PSI-159,experiment,microgravity
inverse,5.0,propane,21222 B1,,,3.3099,,1.5,yes,2531.048018,0.665388164,yes,17.0,SE,118.7,,,0.079760368,0.079689638,0.85,5.441972789,limit,propane,1.0,1,PSI-159,experiment,microgravity
inverse,5.0,propane,21222 C1,,,3.3099,,1.5,no,2358.832703,0.550590842,yes,6.0,SE,54.6,,,0.079689638,0.079658522,0.5,5.441972789,blue,propane,1.0,1,PSI-159,experiment,microgravity
inverse,5.0,propane,21222 C2,,,3.3099,,1.0,no,2358.626362,0.550683248,yes,8.0,SE,68.3,,,0.079658522,0.079630869,0.5,3.627981859,blue,propane,1.0,1,PSI-159,experiment,microgravity
inverse,5.0,propane,21222 F1,,,3.3099,,1.5,no,1834.567261,0.348768288,yes,1.0,SE,26.2,,,0.079630869,0.079622244,0.21,5.441972789,-,propane,1.0,1,PSI-159,experiment,microgravity
inverse,6.0,propane,21228 A1,,,2.2066,,1.5,no,2586.94818,0.640496854,yes,8.0,SE,88.8,,,0.0895,0.089438516,0.85,5.441972789,limit,propane,1.0,1,PSI-159,experiment,microgravity
inverse,6.0,propane,21228 A2,,,2.2066,,2.5,no,2586.633881,0.640647345,yes,11.0,SE,81.8,,,0.089438516,0.089318272,0.85,9.069954649,limit,propane,1.0,1,PSI-159,experiment,microgravity
inverse,6.0,propane,21228 A3,,,2.2066,,1.0,no,2586.017969,0.640941893,yes,12.0,SE,126.5,,,0.089318272,0.089265815,0.85,3.627981859,limit,propane,1.0,1,PSI-159,experiment,microgravity
inverse,6.0,propane,21228 A4,,,2.2066,,0.5,no,2585.748763,0.641070486,yes,12.0,SE,170.3,,,0.089265815,0.089239591,0.85,1.81399093,blue,propane,1.0,1,PSI-159,experiment,microgravity
inverse,6.0,propane,21228 B1,,,2.2066,,1.5,yes,2585.61406,0.641134796,yes,16.0,SE,112.1,,,0.089239591,0.089134747,0.85,5.441972789,limit,propane,1.0,1,PSI-159,experiment,microgravity
inverse,6.0,propane,21228 C1,,,2.2066,,1.5,no,2414.746738,0.524036865,yes,8.0,SE,62.4,,,0.089134747,0.089068575,0.5,5.441972789,blue,propane,1.0,1,PSI-159,experiment,microgravity
inverse,6.0,propane,21228 C2,,,2.2066,,2.5,no,2414.397018,0.524213082,yes,66.0,FT,147.2,,,0.089068575,0.088163914,0.5,9.069954649,blue,propane,1.0,0,PSI-159,experiment,microgravity
inverse,6.0,propane,21228 C3,,,2.2066,,1.0,no,2409.561834,0.526635421,yes,7.0,SE,62.0,,,0.088163914,0.088125544,0.5,3.627981859,blue,propane,1.0,1,PSI-159,experiment,microgravity
inverse,6.0,propane,21228 C4,,,2.2066,,0.5,no,2409.354503,0.52673871,yes,9.0,SE,142.3,,,0.088125544,0.088100881,0.5,1.81399093,blue,propane,1.0,1,PSI-159,experiment,microgravity
inverse,6.0,propane,21228 F1,,,2.2066,,1.5,no,1873.400434,0.327195256,yes,65.0,FT,118.3,,,0.088100881,0.087202272,0.21,5.441972789,blue,propane,1.0,0,PSI-159,experiment,microgravity
inverse,6.0,propane,21228 H1,,,1.1033,,1.5,no,2574.902538,0.646176337,yes,8.0,SE,77.9,,,0.087202272,0.087098504,0.85,5.441972789,blue,propane,1.0,1,PSI-159,experiment,microgravity
inverse,6.0,propane,21228 H2,,,1.1033,,0.5,no,2574.343536,0.646435546,yes,15.0,SE,182.6,,,0.087098504,0.087033671,0.85,1.81399093,blue,propane,1.0,1,PSI-159,experiment,microgravity
inverse,6.0,propane,21228 J1,,,1.1033,,0.5,yes,2574.0,0.6466,yes,18.0,SE,198.9,,,0.087033671,0.086955901,0.85,1.81,blue,propane,1.0,1,PSI-159,experiment,microgravity
inverse,6.0,propane,21228 K1,,,1.1033,,1.5,no,2402.944454,0.529908945,yes,9.0,SE,66.6,,,0.086955901,0.086809142,0.5,5.441972789,blue,propane,1.0,1,PSI-159,experiment,microgravity
inverse,6.0,propane,21228 K2,,,1.1033,,0.5,no,2402.127679,0.53030971,yes,12.0,SE,165.6,,,0.086809142,0.086743943,0.5,1.81399093,blue,propane,1.0,1,PSI-159,experiment,microgravity
inverse,6.0,propane,21228 L1,,,1.1033,,1.0,no,1867.59582,0.330457167,yes,3.0,SE,29.7,,,0.086743943,0.086688885,0.21,3.627981859,blue,propane,1.0,1,PSI-159,experiment,microgravity
inverse,6.0,propane,21228 L2,,,1.1033,,1.5,no,1867.357153,0.330590998,yes,16.0,FT,68.1,,,0.086688885,0.086250062,0.21,5.441972789,blue,propane,1.0,0,PSI-159,experiment,microgravity
inverse,7.0,propane,21235 A1,,,1.1033,,1.5,no,2861.461152,0.451652791,yes,66.0,FT,364.2,,,0.2059,0.204388716,0.85,5.441972789,yellow then blue,propane,1.0,0,PSI-159,experiment,microgravity
inverse,7.0,propane,21235 A2,,,1.1033,,2.5,no,2859.843865,0.453285544,yes,66.0,FT,253.3,,,0.204388716,0.202126356,0.85,9.069954649,yellow then blue,propane,1.0,0,PSI-159,experiment,microgravity
inverse,7.0,propane,21235 C1,,,1.1033,,1.0,no,2674.062129,0.340149819,yes,66.0,FT,381.5,,,0.202126356,0.200883448,0.5,3.627981859,,propane,1.0,0,PSI-159,experiment,microgravity
inverse,7.0,propane,21235 F1,,,1.1033,,0.5,no,2102.864333,0.184625261,yes,66.0,FT,246.9,,,0.200883448,0.199695339,0.21,1.81399093,,propane,1.0,0,PSI-159,experiment,microgravity
inverse,7.0,propane,21235 H1,,,1.1033,,0.375,no,1954.1532,0.163830715,yes,4.0,SE,55.2,,,0.199695339,0.199633914,0.18,1.360493197,,propane,1.0,1,PSI-159,experiment,microgravity
inverse,7.0,propane,21235 J1,,,1.1033,,0.5,no,2006.678395,0.171215043,yes,66.0,FT,181.1,,,0.199633914,0.198350097,0.19,1.81399093,,propane,1.0,0,PSI-159,experiment,microgravity
inverse,7.0,propane,21235 B1,,,1.1033,,1.5,yes,2853.118802,0.4599553,yes,152.0,FT,411.6,,,0.198350097,0.195292522,0.85,5.441972789,,propane,1.0,0,PSI-159,experiment,microgravity
inverse,7.0,propane,21235 K1,,,0.55165,,1.5,no,2849.544458,0.463424197,yes,66.0,FT,400.7,,,0.195292522,0.192660203,0.85,5.441972789,,propane,1.0,0,PSI-159,experiment,microgravity
inverse,7.0,propane,21235 L1,,,0.55165,,2.5,yes,2846.370643,0.466461784,yes,127.0,FT,291.0,,,0.192660203,0.184447753,0.85,9.069954649,,propane,1.0,0,PSI-159,experiment,microgravity
inverse,8.0,propane,21242 A1,,,0.55165,,1.5,no,2978.371796,0.305968987,yes,12.0,FT,651.5,Terminated by burner temp hit the limit.,,0.4287,0.427799337,0.85,5.441972789,Yellow,propane,1.0,0,PSI-159,experiment,microgravity
inverse,8.0,propane,21242 P1,,,0.55165,,1.5,no,2506.980822,0.143510124,yes,21.0,FT,173.8,,,0.427799337,0.424514159,0.3,5.441972789,Yellow,propane,1.0,0,PSI-159,experiment,microgravity
inverse,9.0,butane,21256 A1,,,2.2066,,1.5,no,2678.571274,0.591765812,yes,9.0,SE,102.0,,,0.0881,0.088041351,0.85,5.368002409,Yellow-Blue,butane,1.0,1,PSI-159,experiment,microgravity
inverse,9.0,butane,21256 A2,,,2.2066,,1.0,no,2678.326663,0.591912769,yes,11.0,SE,130.7,,,0.088041351,0.087993574,0.85,3.578668273,Yellow-Blue,butane,1.0,1,PSI-159,experiment,microgravity
inverse,9.0,butane,21256 A3,,,2.2066,,0.5,no,2678.127192,0.59203255,yes,11.0,SE,174.6,,,0.087993574,0.087969688,0.85,1.789334136,Yellow-Blue,butane,1.0,1,PSI-159,experiment,microgravity
inverse,9.0,butane,21256 A4,,,2.2066,,0.375,no,2678.027398,0.592092455,yes,5.0,SE,126.5,,,0.087969688,0.087961546,0.85,1.342000602,Yellow-Blue,butane,1.0,1,PSI-159,experiment,microgravity
inverse,9.0,butane,21256 A5,,,2.2066,,2.5,no,2677.993369,0.59211288,yes,9.0,SE,84.0,,,0.087961546,0.087863884,0.85,8.946670681,Yellow-Blue,butane,1.0,1,PSI-159,experiment,microgravity
inverse,9.0,butane,21256 C1,,,2.2066,,1.5,no,2509.345147,0.472161891,yes,9.0,SE,64.1,,,0.087863884,0.087790043,0.5,5.368002409,Yellow-Blue,butane,1.0,1,PSI-159,experiment,microgravity
inverse,9.0,butane,21256 F1,,,2.2066,,1.5,no,1956.107065,0.281118366,yes,66.0,FT,131.5,,,0.087790043,0.0868801,0.21,5.368002409,Yellow-Blue,butane,1.0,0,PSI-159,experiment,microgravity
inverse,9.0,butane,21256 B1,,,2.2066,,1.5,yes,2673.425067,0.594841136,yes,13.0,SE,111.7,,,0.0868801,0.086795918,0.85,5.368002409,Yellow-Blue,butane,1.0,1,PSI-159,experiment,microgravity
inverse,9.0,butane,21256 C2,,,2.2066,,0.5,no,2504.933499,0.474949057,yes,9.0,SE,154.7,No nitrogen flowed. This repeats A3.,,0.086795918,0.086771464,0.5,1.789334136,Yellow-Blue,butane,1.0,1,PSI-159,experiment,microgravity
inverse,9.0,butane,21256 H1,,,2.2066,,1.5,no,2585.922171,0.641830412,yes,7.0,SE,79.2,,,0.07,0.069958563,0.85,5.368002409,Yellow-Blue,butane,1.0,1,PSI-159,experiment,microgravity
inverse,9.0,butane,21256 H2,,,2.2066,,1.0,no,2585.658415,0.641957003,yes,7.0,SE,88.8,,,0.069958563,0.069930943,0.85,3.578668273,Yellow-Blue,butane,1.0,1,PSI-159,experiment,microgravity
inverse,9.0,butane,21256 H3,,,2.2066,,0.5,no,2585.482433,0.642041417,yes,5.0,SE,100.6,,,0.069930943,0.069921079,0.85,1.789334136,Yellow-Blue,butane,1.0,1,PSI-159,experiment,microgravity
inverse,9.0,butane,21256 H4,,,2.2066,,0.375,no,2585.419553,0.642071569,yes,3.0,SE,75.4,,,0.069921079,0.06991664,0.85,1.342000602,Yellow-Blue,butane,1.0,1,PSI-159,experiment,microgravity
inverse,9.0,butane,21256 H5,,,2.2066,,2.5,no,2585.391251,0.642085139,yes,7.0,SE,68.9,,,0.06991664,0.069847622,0.85,8.946670681,Yellow-Blue,butane,1.0,1,PSI-159,experiment,microgravity
inverse,9.0,butane,21256 K1,,,2.2066,,1.5,no,2415.926417,0.525017815,yes,4.0,SE,42.7,,,0.069847622,0.069818566,0.5,5.368002409,Yellow-Blue,butane,1.0,1,PSI-159,experiment,microgravity
inverse,9.0,butane,21256 M1,,,2.2066,,1.5,no,1879.235391,0.325704148,yes,1.0,SE,25.9,Flash,,0.069818566,0.069806779,0.21,5.368002409,,butane,1.0,1,PSI-159,experiment,microgravity
inverse,9.0,butane,21256 J1,,,2.2066,,1.5,yes,2584.689618,0.642421223,yes,7.0,SE,75.5,,,0.069806779,0.069765386,0.85,5.368002409,,butane,1.0,1,PSI-159,experiment,microgravity
inverse,10.0,butane,21265 A1,,,3.3099,,1.5,no,2493.345063,0.681202374,yes,6.0,SE,75.8,,,0.058,0.057977904,0.85,5.368002409,Yellow-Blue,butane,1.0,1,PSI-159,experiment,microgravity
inverse,10.0,butane,21265 A2,,,3.3099,,1.0,no,2493.13738,0.681280262,yes,5.0,SE,81.7,,,0.057977904,0.057965629,0.85,3.578668273,Yellow-Blue,butane,1.0,1,PSI-159,experiment,microgravity
inverse,10.0,butane,21265 A3,,,3.3099,,0.5,no,2493.021936,0.68132354,yes,1.0,SE,74.2,Flash,,0.057965629,0.057964402,0.85,1.789334136,Yellow-Blue,butane,1.0,1,PSI-159,experiment,microgravity
inverse,10.0,butane,21265 A4,,,3.3099,,0.75,no,2493.010389,0.681327868,yes,5.0,SE,91.3,Flash,,0.057964402,0.057955197,0.85,2.684001204,Yellow-Blue,butane,1.0,1,PSI-159,experiment,microgravity
inverse,10.0,butane,21265 A5,,,3.3099,,2.5,no,2492.923773,0.681360329,yes,8.0,SE,69.2,,,0.057955197,0.057906116,0.85,8.946670681,Yellow-Blue,butane,1.0,1,PSI-159,experiment,microgravity
inverse,10.0,butane,21265 C1,,,3.3099,,1.5,no,2320.742601,0.568476604,yes,3.0,SE,38.5,,,0.057906116,0.057892836,0.5,5.368002409,Blue,butane,1.0,1,PSI-159,experiment,microgravity
inverse,10.0,butane,21265 C2,,,3.3099,,2.5,no,2320.614876,0.568529571,yes,5.0,SE,45.5,,,0.057892836,0.057855959,0.5,8.946670681,Blue,butane,1.0,1,PSI-159,experiment,microgravity
inverse,10.0,butane,21265 C3,,,3.3099,,1.0,no,2320.259887,0.568676718,yes,2.0,SE,38.4,,,0.057855959,0.057850059,0.5,3.578668273,Blue,butane,1.0,1,PSI-159,experiment,microgravity
inverse,10.0,butane,21265 F1,,,3.3099,,1.5,no,1807.0,0.3655,yes,0.5,SE,26.0,,,0.057850059,0.057846597,0.21,5.37,Blue,butane,1.0,1,PSI-159,experiment,microgravity
inverse,10.0,butane,21265 F2,,,3.3099,,2.5,no,1807.0,0.3655,yes,66.0,FT,124.7,Not spherical shape flame,,0.057846597,0.057091447,0.21,8.95,Blue,butane,1.0,0,PSI-159,experiment,microgravity
inverse,10.0,butane,21265 H1,,,3.3099,,1.5,no,2209.0,0.5198,yes,1.0,SE,34.1,,,0.057091447,0.057086602,0.4,5.37,Blue,butane,1.0,1,PSI-159,experiment,microgravity
inverse,10.0,butane,21265 H2,,,3.3099,,2.5,no,2209.0,0.5198,yes,66.0,FT,135.0,,,0.057086602,0.056556159,0.4,8.95,Blue,butane,1.0,0,PSI-159,experiment,microgravity
inverse,10.0,butane,21265 J1,,,3.3099,,2.5,no,2427.146039,0.647510818,yes,6.0,SE,56.9,,,0.056556159,0.056517425,0.7,8.946670681,Blue,butane,1.0,1,PSI-159,experiment,microgravity
inverse,10.0,butane,21265 K1,,,3.3099,,2.5,no,2260.711549,0.549786733,yes,5.0,SE,43.7,,,0.056517425,0.056479312,0.45,8.946670681,Blue,butane,1.0,1,PSI-159,experiment,microgravity
inverse,10.0,butane,21265 H3,,,3.3099,,2.5,no,2203.074582,0.522327593,yes,107.0,FT,,,,0.056479312,0.055626433,0.4,8.946670681,Blue,butane,1.0,0,PSI-159,experiment,microgravity
inverse,11.0,butane,21270 A1,,,1.1033,,1.5,no,2872.801057,0.442088137,yes,60.0,FT,328.9,,,0.1749,0.173778305,0.85,5.37,limit,butane,1.0,0,PSI-159,experiment,microgravity
inverse,11.0,butane,21270 A2,,,1.1033,,2.5,no,2871.533096,0.443425062,yes,90.0,FT,240.9,,,0.173778305,0.171001571,0.85,8.95,limit,butane,1.0,0,PSI-159,experiment,microgravity
inverse,11.0,butane,21270 A3,,,1.1033,,0.75,no,2868.31586,0.446781564,yes,35.0,FT,460.1,,,0.171001571,0.170677992,0.85,2.68,limit,butane,1.0,0,PSI-159,experiment,microgravity
inverse,11.0,butane,21270 A4,,,1.1033,,1.13,no,2867.933483,0.447177124,yes,90.0,FT,433.3,,,0.170677992,0.169429945,0.85,4.03,limit,butane,1.0,0,PSI-159,experiment,microgravity
inverse,11.0,butane,21270 C1,,,1.1033,,1.5,no,2681.669686,0.333795689,yes,70.0,FT,210.4,,,0.169429945,0.167695778,0.5,5.37,limit,butane,1.0,0,PSI-159,experiment,microgravity
inverse,11.0,butane,21270 H1,,,1.1033,,1.5,no,2822.860276,0.489451071,yes,51.0,SE,244.3,,,0.14,0.139163137,0.85,5.37,limit,butane,1.0,1,PSI-159,experiment,microgravity
inverse,11.0,butane,21270 H2,,,1.1033,,0.75,no,2821.334066,0.490753924,yes,43.0,FT,454.6,,,0.139163137,0.138810842,0.85,2.68,limit,butane,1.0,0,PSI-159,experiment,microgravity
inverse,11.0,butane,21270 H3,,,1.1033,,1.13,no,2820.685933,0.491305077,yes,43.0,FT,352.5,,,0.138810842,0.138281183,0.85,4.03,limit,butane,1.0,0,PSI-159,experiment,microgravity
inverse,11.0,butane,21270 H4,,,1.1033,,2.5,no,2819.705144,0.492136729,yes,83.0,FT,217.0,,,0.138281183,0.136039791,0.85,8.95,limit,butane,1.0,0,PSI-159,experiment,microgravity
inverse,11.0,butane,21270 H5,,,1.1033,,1.31,no,2815.468657,0.495696773,yes,46.0,SE,260.4,,,0.136039791,0.135390592,0.85,4.69,limit,butane,1.0,1,PSI-159,experiment,microgravity
inverse,12.0,butane,21277 A1,,,0.55165,,1.5,no,2977.816828,0.309352082,yes,12.0,FT,529.3,hit the temperature limit,,0.3617,0.360954674,0.85,5.368002409,Yellow,butane,1.0,0,PSI-159,experiment,microgravity
inverse,12.0,butane,21277 H1,,,0.55165,,1.5,no,2788.034113,0.216385803,yes,17.0,FT,462.1,hit the temperature limit,,0.360954674,0.359429956,0.5,5.368002409,Yellow,butane,1.0,0,PSI-159,experiment,microgravity
inverse,12.0,butane,21277 K2,,,0.55165,,1.5,no,2507.215807,0.145828013,yes,20.0,FT,160.1,different N2 ig delta.,,0.359429956,0.356754522,0.3,5.368002409,yellow,butane,1.0,0,PSI-159,experiment,microgravity
inverse,12.0,butane,21277 C1,,,0.55165,,1.5,no,2932.454962,0.37025908,yes,20.0,FT,405.1,,,0.2522,0.251247573,0.85,5.368002409,yellow,butane,1.0,0,PSI-159,experiment,microgravity
inverse,12.0,butane,21277 C2,,,0.55165,,2.5,no,2931.928594,0.370953716,yes,36.0,FT,289.2,,,0.251247573,0.248412758,0.85,8.946670681,yellow,butane,1.0,0,PSI-159,experiment,microgravity
inverse,12.0,butane,21277 L1,,,0.55165,,1.5,no,2744.233888,0.268082755,yes,66.0,FT,386.5,hit the temperature limit,,0.248412758,0.244087053,0.5,5.368002409,yellow,butane,1.0,0,PSI-159,experiment,microgravity
inverse,12.0,butane,21277 F1,,,0.55165,,1.5,no,2878.349024,0.436142881,yes,66.0,FT,392.4,,,0.18,0.177499831,0.85,5.368002409,limit,butane,1.0,0,PSI-159,experiment,microgravity
inverse,12.0,butane,21277 F2,,,0.55165,,2.5,no,2875.672656,0.43903047,yes,66.0,FT,441.5,,,0.177499831,0.173392552,0.85,8.946670681,limit,butane,1.0,0,PSI-159,experiment,microgravity
inverse,12.0,butane,21277 M1,,,0.55165,,2.5,no,2823.94302,0.488522469,yes,66.0,FT,456.0,hit the temperature limit,,0.1406,0.13702112,0.85,8.946670681,limit,butane,1.0,0,PSI-159,experiment,microgravity
inverse,12.0,butane,21277 N1,,,0.55165,,0.833333333,no,2642.951581,0.370258568,yes,55.0,FT,458.2,hit the temperature limit,,0.1406,0.139267902,0.5,2.98222356,Blue,butane,1.0,0,PSI-159,experiment,microgravity
inverse,12.0,butane,21277 P1,,,0.55165,,0.51,no,2368.835465,0.26600049,yes,40.0,FT,458.3,hit the temperature limit,,0.1406,0.139767809,0.3,1.825120819,Blue,butane,1.0,0,PSI-159,experiment,microgravity
