test_id,fuel_raw,nozzle_mm,pressure_pa,xf,fuel_display,air_display,fan_setting,smoke_point_pixels,smoke_point_mm,flame_width_mm,tad_k,total_fuel_sccm,hc_only_sccm,mdot_total_mg_s,mdot_hc_mg_s,coflow_velocity_cm_s,fuel_jet_velocity_cm_s,series,platform,fuel,fuel_fraction,investigation,source,gravity
E16-1,Ethylene,1.6002,101325.0,1.0,285.0,68.0,141.0,193.0,75.35479859047882,6.432667726110689,2367.4,171.0,171.0,3.3125514168803085,3.3125514168803085,58.01627655328171,141.71194099172226,spice_flight,ISS,ethylene,1.0,PSI-107,experiment,microgravity
E16-2,Ethylene,1.6002,101325.0,1.0,207.0,42.0,99.0,286.0,53.98915221446832,5.973191459959926,2367.4,124.19999999999999,124.19999999999999,2.4059583975235923,2.4059583975235923,33.57067655604959,102.9276202992509,spice_flight,ISS,ethylene,1.0,PSI-107,experiment,microgravity
E16-3,Ethylene,1.6002,101325.0,1.0,211.0,48.0,48.0,278.0,55.827057279071376,6.432667726110689,2367.4,126.6,126.6,2.452450347234193,2.452450347234193,39.21196886310316,104.91655982194175,spice_flight,ISS,ethylene,1.0,PSI-107,experiment,microgravity
E16-4,Ethylene,1.6002,101325.0,1.0,209.0,45.0,96.0,271.0,57.50449397145488,7.1228727628533335,2367.4,125.39999999999999,125.39999999999999,2.4292043723788925,2.4292043723788925,36.39132270957638,103.92209006059632,spice_flight,ISS,ethylene,1.0,PSI-107,experiment,microgravity
E16-5,Ethylene,1.6002,101325.0,1.0,140.0,26.0,65.0,360.0,36.988530366890075,5.743453326884544,2367.4,84.0,84.0,1.6272182398710289,1.6272182398710289,18.527230403906753,69.61288329417935,spice_flight,ISS,ethylene,1.0,PSI-107,experiment,microgravity
E7-1,Ethylene,0.762,101325.0,1.0,335.0,25.0,66.0,63.0,105.22075589027845,6.202929593035308,2367.4,201.0,201.0,3.8937007882628185,3.8937007882628185,17.587015019397825,734.5899509618278,spice_flight,ISS,ethylene,1.0,PSI-107,experiment,microgravity
P16-1,Propane,1.6002,101325.0,1.0,276.0,54.0,100.0,216.0,71.38356793885745,6.76498331156581,2264.12,99.36,99.36,3.0252606995196496,3.0252606995196496,44.85326117015673,82.34209623940073,spice_flight,ISS,propane,1.0,PSI-107,experiment,microgravity
P16-2,Propane,1.6002,101325.0,1.0,230.0,45.0,85.0,260.0,61.11945532820588,6.76498331156581,2264.12,82.8,82.8,2.5210505829330407,2.5210505829330407,36.39132270957638,68.61841353283394,spice_flight,ISS,propane,1.0,PSI-107,experiment,microgravity
P16-3,Propane,1.6002,101325.0,1.0,164.0,30.0,65.0,325.0,45.52258634864961,6.870619704603694,2264.12,59.04,59.04,1.7976186765261684,1.7976186765261684,22.28809194194246,48.92791225819463,spice_flight,ISS,propane,1.0,PSI-107,experiment,microgravity
P7-1,Propane,0.762,101325.0,1.0,350.0,42.0,85.0,62.0,105.45049402335384,7.81109652456298,2264.12,126.0,126.0,3.8363813218546277,3.8363813218546277,33.57067655604959,460.4892229909965,spice_flight,ISS,propane,1.0,PSI-107,experiment,microgravity
P7-2,Propane,0.762,101325.0,1.0,240.0,29.0,66.0,192.0,75.58453672355421,6.892143992261453,2264.12,86.39999999999999,86.39999999999999,2.630661477843173,2.630661477843173,21.347876557433533,315.76403862239755,spice_flight,ISS,propane,1.0,PSI-107,experiment,microgravity
P7-3,Propane,0.762,101325.0,1.0,206.0,24.0,57.0,241.0,64.3273682028605,6.662405859186071,2264.12,74.16,74.16,2.2579844351487233,2.2579844351487233,16.646799634888897,271.0307998175579,spice_flight,ISS,propane,1.0,PSI-107,experiment,microgravity
75P16-1,75 % Propylene,1.6002,101325.0,0.75,149.0,75.0,139.0,357.0,37.67774476611622,5.283977060733781,2317.4,71.65982404692082,53.74486803519061,1.9080639871685179,1.5616898136843498,64.5977842448442,59.38627343166341,spice_flight,ISS,propylene,0.75,PSI-107,experiment,microgravity
75P16-2,75 % Propylene,1.6002,101325.0,0.75,147.0,69.0,139.0,365.0,35.83983970151316,5.513715193809162,2317.4,70.69794721407625,53.02346041055719,1.8824523900253165,1.5407275343060367,58.956491937790645,58.589142244661225,spice_flight,ISS,propylene,0.75,PSI-107,experiment,microgravity
75P16-3,75 % Propylene,1.6002,101325.0,0.75,117.0,61.0,119.0,383.0,31.704553306156285,5.973191459959926,2317.4,56.26979472140763,42.20234604105572,1.4982784328772927,1.2262933436313352,51.43476886171922,46.63217443962832,spice_flight,ISS,propylene,0.75,PSI-107,experiment,microgravity
75P16-4,75 % Propylene,1.6002,101325.0,0.75,105.0,51.0,98.0,405.0,26.65031437849788,5.283977060733781,2317.4,50.49853372434018,37.87390029325513,1.344608850018083,1.1005196673614548,42.03261501662994,41.84938731761516,spice_flight,ISS,propylene,0.75,PSI-107,experiment,microgravity
75P16-5,75 % Propylene,1.6002,101325.0,0.75,79.0,37.0,81.0,429.0,21.13659918468872,6.662405859186071,2317.4,37.9941348973607,28.495601173020525,1.0116580871564624,0.82801003544338,28.869599633504954,31.48668188658664,spice_flight,ISS,propylene,0.75,PSI-107,experiment,microgravity
75P16-6,75 % Propylene,1.6002,101325.0,0.75,50.0,20.0,55.0,458.0,14.474193325502654,6.202929593035308,2317.4,24.04692082111437,18.035190615835777,0.6402899285800395,0.5240569844578356,12.885938096853188,19.928279675054835,spice_flight,ISS,propylene,0.75,PSI-107,experiment,microgravity
75P16-7,75 % Propylene,1.6002,101325.0,0.75,49.0,20.0,79.0,458.0,14.158540794131824,7.354680329700515,2317.4,23.565982404692082,17.674486803519063,0.6274841300084388,0.5135758447686789,12.885938096853188,19.529714081553742,spice_flight,ISS,propylene,0.75,PSI-107,experiment,microgravity
75P16-8,75 % Propylene,1.6002,101325.0,0.75,72.0,35.0,117.0,431.0,20.36405232231664,6.895012809094233,2317.4,34.62756598240469,25.970674486803517,0.9220174971552569,0.7546420576192832,26.989168864487098,28.696722732078964,spice_flight,ISS,propylene,0.75,PSI-107,experiment,microgravity
75P16-9,75 % Propylene,1.6002,101325.0,0.75,52.0,24.0,131.0,451.0,15.608727809261254,8.18283784689322,2317.4,25.008797653958943,18.75659824046921,0.6659015257232411,0.545019263836149,16.646799634888897,20.72541086205703,spice_flight,ISS,propylene,0.75,PSI-107,experiment,microgravity
75P16-10,75 % Propylene,1.6002,101325.0,0.75,61.0,31.0,131.0,441.0,17.88173832228715,8.18283784689322,2317.4,29.337243401759533,22.00293255131965,0.7811537128676483,0.6393495210385594,23.22830732645139,24.312501203566903,spice_flight,ISS,propylene,0.75,PSI-107,experiment,microgravity
75P7-1,75 % Propylene,0.762,101325.0,0.75,149.0,46.0,97.0,349.0,39.51564983071927,4.824500794583017,2317.4,71.65982404692082,53.74486803519061,1.9080639871685179,1.5616898136843498,37.3315380940853,261.8934658336357,spice_flight,ISS,propylene,0.75,PSI-107,experiment,microgravity
75P7-2,75 % Propylene,0.762,101325.0,0.75,70.0,22.0,134.0,423.0,21.97315724573376,8.18283784689322,2317.4,33.665689149560116,25.24926686217009,0.8964059000120553,0.7336797782409699,14.76636886587104,123.03719871378857,spice_flight,ISS,propylene,0.75,PSI-107,experiment,microgravity
75P7-3,75 % Propylene,0.762,101325.0,0.75,68.0,22.0,134.0,431.0,20.154748835313043,6.591730487775093,2317.4,32.70381231671554,24.527859237536656,0.8707943028688537,0.7127174988626563,14.76636886587104,119.5218501791089,spice_flight,ISS,propylene,0.75,PSI-107,experiment,microgravity
75P7-4,75 % Propylene,0.762,101325.0,0.75,156.0,47.0,101.0,328.0,43.97615819320869,5.64745994200374,2317.4,75.02639296187684,56.26979472140763,1.9977045771697235,1.635057791508447,38.271753478594235,274.19718570501453,spice_flight,ISS,propylene,0.75,PSI-107,experiment,microgravity
50P16-1,50 % Propylene,1.6002,101325.0,0.5,205.0,49.0,106.0,338.0,41.72808115184219,5.997398240168101,2288.3,119.21985815602838,59.60992907801419,2.8846333510691733,1.7321136405921984,40.152184247612084,98.80045324005025,spice_flight,ISS,propylene,0.5,PSI-107,experiment,microgravity
50P16-2,50 % Propylene,1.6002,101325.0,0.5,156.0,34.0,81.0,378.0,32.50131462850665,5.536059914001324,2288.3,90.72340425531915,45.361702127659576,2.195135623252639,1.318096233816502,26.048953479978174,75.18473514852603,spice_flight,ISS,propylene,0.5,PSI-107,experiment,microgravity
50P16-3,50 % Propylene,1.6002,101325.0,0.5,115.0,20.0,55.0,406.0,26.51562647149835,8.506229383006954,2288.3,66.87943262411348,33.43971631205674,1.6182089530388044,0.9716735056980624,12.885938096853188,55.42464450051599,spice_flight,ISS,propylene,0.5,PSI-107,experiment,microgravity
50P16-4,50 % Propylene,1.6002,101325.0,0.5,155.0,34.0,73.0,376.0,33.41256921447696,7.126840834411231,2288.3,90.14184397163122,45.07092198581561,2.1810642410523013,1.3096468989843453,26.048953479978174,74.70278171808677,spice_flight,ISS,propylene,0.5,PSI-107,experiment,microgravity
50P16-5,50 % Propylene,1.6002,101325.0,0.5,207.0,49.0,97.0,337.0,42.37859478034915,6.207248468680749,2288.3,120.38297872340426,60.19148936170213,2.912776115469848,1.7490123102565127,40.152184247612084,99.76436010092878,spice_flight,ISS,propylene,0.5,PSI-107,experiment,microgravity
50P16-6,50 % Propylene,1.6002,101325.0,0.5,234.0,58.0,110.0,306.0,49.50543561476039,5.977350377248129,2288.3,136.08510638297875,68.04255319148938,3.292703434878959,1.9771443507247537,48.61412270819243,112.77710272278907,spice_flight,ISS,propylene,0.5,PSI-107,experiment,microgravity
50P16-7,50 % Propylene,1.6002,101325.0,0.5,103.0,18.0,56.0,423.0,22.121202289754166,5.305390750917936,2288.3,59.900709219858165,29.950354609929082,1.4493523666347554,0.8702814877121778,11.005507327835332,49.64120333524476,spice_flight,ISS,propylene,0.5,PSI-107,experiment,microgravity
P16-1,Propylene,1.6002,101325.0,1.0,84.0,61.0,139.0,414.0,25.731627702244865,4.516724120023938,2331.98,34.44,34.44,1.0007392175206826,1.0007392175206826,51.43476886171922,28.541282150613537,spice_flight,ISS,propylene,1.0,PSI-107,experiment,microgravity
P16-2,Propylene,1.6002,101325.0,1.0,61.0,42.0,105.0,441.0,19.63405014021255,5.420068944028726,2331.98,25.009999999999998,25.009999999999998,0.7267272889138292,0.7267272889138292,33.57067655604959,20.72640727604078,spice_flight,ISS,propylene,1.0,PSI-107,experiment,microgravity
P16-3,Propylene,1.6002,101325.0,1.0,46.0,30.0,81.0,458.0,15.7948346381922,5.871741356031119,2331.98,18.86,18.86,0.5480238572137073,0.5480238572137073,22.28809194194246,15.629749749145509,spice_flight,ISS,propylene,1.0,PSI-107,experiment,microgravity
P16-4,Propylene,1.6002,101325.0,1.0,37.0,16.0,55.0,466.0,13.988144990182633,6.097577562032317,2331.98,15.17,15.17,0.4408017981936341,0.4408017981936341,9.125076558817476,12.571755233008343,spice_flight,ISS,propylene,1.0,PSI-107,experiment,microgravity
P16-5,Propylene,1.6002,101325.0,1.0,48.0,28.0,72.0,452.0,15.486779909668897,8.509832033424042,2331.98,19.68,19.68,0.5718509814403901,0.5718509814403901,20.407661172924605,16.309304086064877,spice_flight,ISS,propylene,1.0,PSI-107,experiment,microgravity
P16-6,Propylene,1.6002,101325.0,1.0,33.0,17.0,56.0,461.0,13.416820766403589,8.049841112698418,2331.98,13.53,13.53,0.3931475497402682,0.3931475497402682,10.065291943326404,11.212646559169603,spice_flight,ISS,propylene,1.0,PSI-107,experiment,microgravity
P16-7,Propylene,1.6002,101325.0,1.0,60.0,38.0,88.0,443.0,17.556739052934205,8.049841112698418,2331.98,24.599999999999998,24.599999999999998,0.7148137268004876,0.7148137268004876,29.809815018013886,20.386630107581095,spice_flight,ISS,propylene,1.0,PSI-107,experiment,microgravity
P16-8,Propylene,1.6002,101325.0,1.0,98.0,67.0,139.0,404.0,26.526562007083882,6.899863810884358,2331.98,40.18,40.18,1.1675290871074633,1.1675290871074633,57.07606116877278,33.29816250904913,spice_flight,ISS,propylene,1.0,PSI-107,experiment,microgravity
P16-9,Propylene,1.6002,101325.0,1.0,81.0,56.0,118.0,419.0,23.076630101641697,7.359854731609982,2331.98,33.21,33.21,0.9649985311806584,0.9649985311806584,46.73369193917458,27.521950645234483,spice_flight,ISS,propylene,1.0,PSI-107,experiment,microgravity
P16-10,Propylene,1.6002,101325.0,1.0,64.0,49.0,90.0,435.0,19.396702735836712,7.359854731609982,2331.98,26.24,26.24,0.7624679752538535,0.7624679752538535,40.152184247612084,21.745738781419835,spice_flight,ISS,propylene,1.0,PSI-107,experiment,microgravity
P7-1,Propylene,0.762,101325.0,1.0,84.0,50.0,139.0,410.0,26.634972526249655,5.194232738027529,2331.98,34.44,34.44,1.0007392175206826,1.0007392175206826,41.092399632121015,125.8670542842057,spice_flight,ISS,propylene,1.0,PSI-107,experiment,microgravity
P7-2,Propylene,0.762,101325.0,1.0,69.0,37.0,106.0,427.0,22.795757024229317,5.420068944028726,2331.98,28.29,28.29,0.8220357858205608,0.8220357858205608,28.869599633504954,103.39079459059754,spice_flight,ISS,propylene,1.0,PSI-107,experiment,microgravity
P7-3,Propylene,0.762,101325.0,1.0,64.0,35.0,106.0,432.0,21.666575994223322,5.194232738027529,2331.98,26.24,26.24,0.7624679752538535,0.7624679752538535,26.989168864487098,95.89870802606148,spice_flight,ISS,propylene,1.0,PSI-107,experiment,microgravity
P7-4,Propylene,0.762,101325.0,1.0,62.0,32.0,81.0,424.0,21.926652799827636,7.12985927124717,2331.98,25.419999999999998,25.419999999999998,0.7386408510271706,0.7386408510271706,24.168522710960318,92.90187340024707,spice_flight,ISS,propylene,1.0,PSI-107,experiment,microgravity
P7-5,Propylene,0.762,101325.0,1.0,44.0,20.0,64.0,450.0,15.946770830394527,7.359854731609982,2331.98,18.04,18.04,0.5241967329870243,0.5241967329870243,12.885938096853188,65.93036176791728,spice_flight,ISS,propylene,1.0,PSI-107,experiment,microgravity
P7-6,Propylene,0.762,101325.0,1.0,111.0,60.0,140.0,381.0,31.816457595428545,5.749886509070298,2331.98,45.51,45.51,1.3224053945809022,1.3224053945809022,50.49455347721029,166.32432173270038,spice_flight,ISS,propylene,1.0,PSI-107,experiment,microgravity
P7-7,Propylene,0.762,101325.0,1.0,80.0,40.0,102.0,405.0,26.296566546721067,6.209877429795922,2331.98,32.8,32.8,0.9530849690673169,0.9530849690673169,31.690245787031742,119.87338503257685,spice_flight,ISS,propylene,1.0,PSI-107,experiment,microgravity
P7-8,Propylene,0.762,101325.0,1.0,41.0,14.0,56.0,465.0,14.213981196183823,6.775086180035908,2331.98,16.81,16.81,0.48845604664699993,0.48845604664699993,7.24464578979962,61.43510982919564,spice_flight,ISS,propylene,1.0,PSI-107,experiment,microgravity
P4-1,Propylene,0.4064,101325.0,1.0,136.0,35.0,106.0,292.0,53.2836448343909,4.968396532026333,2331.98,55.76,55.76,1.6202444474144388,1.6202444474144388,26.989168864487098,716.4307777337604,spice_flight,ISS,propylene,1.0,PSI-107,experiment,microgravity
P4-2,Propylene,0.4064,101325.0,1.0,113.0,22.0,81.0,320.0,46.96023106635738,4.968396532026333,2331.98,46.33,46.33,1.3462325188075852,1.3462325188075852,14.76636886587104,595.2696903229038,spice_flight,ISS,propylene,1.0,PSI-107,experiment,microgravity
P4-3,Propylene,0.4064,101325.0,1.0,145.0,17.0,55.0,262.0,59.18591737860317,5.749886509070298,2331.98,59.449999999999996,59.449999999999996,1.7274665064345118,1.7274665064345118,10.065291943326404,763.841638024965,spice_flight,ISS,propylene,1.0,PSI-107,experiment,microgravity
P4-4,Propylene,0.4064,101325.0,1.0,92.0,12.0,55.0,361.0,37.7009466203083,4.968396532026333,2331.98,37.72,37.72,1.0960477144274146,1.0960477144274146,5.364215020781765,484.64434964342615,spice_flight,ISS,propylene,1.0,PSI-107,experiment,microgravity
,75% Propylene,1.6002,,,125.0,47.0,98.0,828.24,34.88398741831541,,,60.117302052785924,45.08797653958944,1.6007248214500989,1.3101424611445887,38.271753478594235,49.82069918763709,spice_nikon,ISS,propylene,0.75,PSI-107,experiment,microgravity
,75% Propylene,1.6002,,,146.0,67.0,131.0,928.7,39.11518293657578,,,70.21700879765396,52.66275659824047,1.8696465914537155,1.5302463946168798,57.07606116877278,58.19057665116012,spice_nikon,ISS,propylene,0.75,PSI-107,experiment,microgravity
,75% Propylene,1.6002,,,102.0,26.0,65.0,696.14,29.320171691038933,,,49.05571847507331,36.79178885630498,1.3061914543032807,1.0690762482939844,18.527230403906753,40.65369053711187,spice_nikon,ISS,propylene,0.75,PSI-107,experiment,microgravity
,75% Propylene,0.762,,,188.0,47.0,98.0,1330.8,56.05091574458387,,,90.41642228739003,67.81231671554252,2.407490131460949,1.9704542615614618,38.271753478594235,328.71495992713875,spice_nikon,ISS,propylene,0.75,PSI-107,experiment,microgravity
,75% Propylene,0.762,,,168.0,26.0,65.0,1250.0,52.647764262646405,,,80.79765395894428,60.59824046920821,2.151374160028933,1.7608314677783274,18.527230403906753,293.74528333914526,spice_nikon,ISS,propylene,0.75,PSI-107,experiment,microgravity
,50% Propylene,1.6002,,,218.0,48.0,98.0,1158.5,48.79394791862069,,,126.78014184397165,63.390070921985824,3.0675613196735596,1.8419549934102404,39.21196886310316,105.06584783576075,spice_nikon,ISS,propylene,0.5,PSI-107,experiment,microgravity
,50% Propylene,1.6002,,,256.0,68.0,131.0,1310.1,55.17906876839444,,,148.8794326241135,74.43971631205675,3.602273843286382,2.1630297170322086,58.01627655328171,123.380078192453,spice_nikon,ISS,propylene,0.5,PSI-107,experiment,microgravity
,50% Propylene,1.6002,,,188.0,27.0,65.0,1018.0,42.87633921549923,,,109.33333333333334,54.66666666666667,2.645419853663437,1.5884749484455283,19.46744578841568,90.60724492258267,spice_nikon,ISS,propylene,0.5,PSI-107,experiment,microgravity
,100% Propylene,1.6002,,,95.0,51.0,98.0,706.16,29.742196169368306,,,38.95,38.95,1.1317884007674388,1.1317884007674388,42.03261501662994,32.27883100367007,spice_nikon,ISS,propylene,1.0,PSI-107,experiment,microgravity
,100% Propylene,1.6002,,,113.0,70.0,131.0,836.4,35.22767202342196,,,46.33,46.33,1.3462325188075852,1.3462325188075852,59.89670732229956,38.3948200359444,spice_nikon,ISS,propylene,1.0,PSI-107,experiment,microgravity
,100% Propylene,1.6002,,,75.0,28.0,65.0,573.09,24.137525777024024,,,30.75,30.75,0.8935171585006095,0.8935171585006095,20.407661172924605,25.48328763447637,spice_nikon,ISS,propylene,1.0,PSI-107,experiment,microgravity
,100% Propylene,0.762,,,118.0,48.0,98.0,926.49,39.02210168935942,,,48.38,48.38,1.4058003293742922,1.4058003293742922,39.21196886310316,175.8887308184602,spice_nikon,ISS,propylene,1.0,PSI-107,experiment,microgravity
,100% Propylene,0.762,,,135.0,65.0,131.0,1010.75,42.570982182775886,,,55.35,55.35,1.6083308853010971,1.6083308853010971,55.195630399754926,201.22863271603498,spice_nikon,ISS,propylene,1.0,PSI-107,experiment,microgravity
,100% Propylene,0.762,,,101.0,26.0,65.0,818.0,34.452696933475806,,,41.41,41.41,1.2032697734474875,1.2032697734474875,18.527230403906753,150.54882892088546,spice_nikon,ISS,propylene,1.0,PSI-107,experiment,microgravity
,100% Propylene,0.4064,,,228.0,28.0,65.0,2012.5,84.76290046286071,,,93.48,93.48,2.716292161841853,2.716292161841853,20.407661172924605,1201.0751273771864,spice_nikon,ISS,propylene,1.0,PSI-107,experiment,microgravity
