fuel,fuel_mass_fraction,extinction_strain_rate_1_s,data_id,extinction_type,ozone,publication,figure,investigation,source,gravity
n-tetradecane,0.12067508387328092,85.09,data ID 1,cool,False,"C.B. Reuter et al., Combustion and Flame 179 (2017) 23-32",Fig. 4,PSI-142,experiment,1g
n-tetradecane,0.15053784840735177,105.8,data ID 1,cool,False,"C.B. Reuter et al., Combustion and Flame 179 (2017) 23-32",Fig. 4,PSI-142,experiment,1g
n-tetradecane,0.10683053160956824,69.08,data ID 1,cool,False,"C.B. Reuter et al., Combustion and Flame 179 (2017) 23-32",Fig. 4,PSI-142,experiment,1g
n-tetradecane,0.139678963672205,93.96,data ID 1,cool,False,"C.B. Reuter et al., Combustion and Flame 179 (2017) 23-32",Fig. 4,PSI-142,experiment,1g
n-tetradecane,0.07924166577910322,56.64,data ID 1,cool,False,"C.B. Reuter et al., Combustion and Flame 179 (2017) 23-32",Fig. 4,PSI-142,experiment,1g
n-tetradecane,0.16326851460632205,114.62,data ID 1,cool,False,"C.B. Reuter et al., Combustion and Flame 179 (2017) 23-32",Fig. 4,PSI-142,experiment,1g
n-tetradecane,0.1767041020595121,129.66,data ID 1,cool,False,"C.B. Reuter et al., Combustion and Flame 179 (2017) 23-32",Fig. 4,PSI-142,experiment,1g
n-dodecane,0.12133421226442648,83.35,data ID 1,cool,False,"C.B. Reuter et al., Combustion and Flame 179 (2017) 23-32",Fig. 4,PSI-142,experiment,1g
n-dodecane,0.15326351414263678,102.26,data ID 1,cool,False,"C.B. Reuter et al., Combustion and Flame 179 (2017) 23-32",Fig. 4,PSI-142,experiment,1g
n-dodecane,0.10284974642985975,70.9,data ID 1,cool,False,"C.B. Reuter et al., Combustion and Flame 179 (2017) 23-32",Fig. 4,PSI-142,experiment,1g
n-dodecane,0.1373011494325556,93.99,data ID 1,cool,False,"C.B. Reuter et al., Combustion and Flame 179 (2017) 23-32",Fig. 4,PSI-142,experiment,1g
n-dodecane,0.07790144145930936,56.65,data ID 1,cool,False,"C.B. Reuter et al., Combustion and Flame 179 (2017) 23-32",Fig. 4,PSI-142,experiment,1g
n-dodecane,0.046868483248794515,44.53,data ID 1,cool,False,"C.B. Reuter et al., Combustion and Flame 179 (2017) 23-32",Fig. 4,PSI-142,experiment,1g
n-dodecane,0.1633382708008165,112.89,data ID 1,cool,False,"C.B. Reuter et al., Combustion and Flame 179 (2017) 23-32",Fig. 4,PSI-142,experiment,1g
n-dodecane,0.18072800594290567,124.41,data ID 1,cool,False,"C.B. Reuter et al., Combustion and Flame 179 (2017) 23-32",Fig. 4,PSI-142,experiment,1g
n-decane,0.1186257106059206,83.37,data ID 1,cool,False,"C.B. Reuter et al., Combustion and Flame 179 (2017) 23-32",Fig. 4,PSI-142,experiment,1g
n-decane,0.15251655799324706,100.52,data ID 1,cool,False,"C.B. Reuter et al., Combustion and Flame 179 (2017) 23-32",Fig. 4,PSI-142,experiment,1g
n-decane,0.10302125759556682,69.15,data ID 1,cool,False,"C.B. Reuter et al., Combustion and Flame 179 (2017) 23-32",Fig. 4,PSI-142,experiment,1g
n-decane,0.13944843740634477,90.48,data ID 1,cool,False,"C.B. Reuter et al., Combustion and Flame 179 (2017) 23-32",Fig. 4,PSI-142,experiment,1g
n-decane,0.07856367289646139,54.89,data ID 1,cool,False,"C.B. Reuter et al., Combustion and Flame 179 (2017) 23-32",Fig. 4,PSI-142,experiment,1g
n-decane,0.16718712318432816,107.64,data ID 1,cool,False,"C.B. Reuter et al., Combustion and Flame 179 (2017) 23-32",Fig. 4,PSI-142,experiment,1g
n-decane,0.18442747887230532,119.11,data ID 1,cool,False,"C.B. Reuter et al., Combustion and Flame 179 (2017) 23-32",Fig. 4,PSI-142,experiment,1g
n-decane,0.053966468651014246,42.97,data ID 1,cool,False,"C.B. Reuter et al., Combustion and Flame 179 (2017) 23-32",Fig. 4,PSI-142,experiment,1g
n-octane,0.12486300510196818,76.23,data ID 1,cool,False,"C.B. Reuter et al., Combustion and Flame 179 (2017) 23-32",Fig. 4,PSI-142,experiment,1g
n-octane,0.1605736782902137,91.63,data ID 1,cool,False,"C.B. Reuter et al., Combustion and Flame 179 (2017) 23-32",Fig. 4,PSI-142,experiment,1g
n-octane,0.10720780218294111,63.78,data ID 1,cool,False,"C.B. Reuter et al., Combustion and Flame 179 (2017) 23-32",Fig. 4,PSI-142,experiment,1g
n-octane,0.14557889563468676,83.35,data ID 1,cool,False,"C.B. Reuter et al., Combustion and Flame 179 (2017) 23-32",Fig. 4,PSI-142,experiment,1g
n-octane,0.07828625655611443,53.09,data ID 1,cool,False,"C.B. Reuter et al., Combustion and Flame 179 (2017) 23-32",Fig. 4,PSI-142,experiment,1g
n-octane,0.17519191493449945,98.69,data ID 1,cool,False,"C.B. Reuter et al., Combustion and Flame 179 (2017) 23-32",Fig. 4,PSI-142,experiment,1g
n-octane,0.19481405663596044,108.46,data ID 1,cool,False,"C.B. Reuter et al., Combustion and Flame 179 (2017) 23-32",Fig. 4,PSI-142,experiment,1g
n-octane,0.2154960552309534,121.43,data ID 1,cool,False,"C.B. Reuter et al., Combustion and Flame 179 (2017) 23-32",Fig. 4,PSI-142,experiment,1g
n-heptane,0.13537906137184116,81.0,data ID 1,cool,False,"C.B. Reuter et al., Combustion and Flame 179 (2017) 23-32",Fig. 4,PSI-142,experiment,1g
n-heptane,0.12185268206224262,76.3,data ID 1,cool,False,"C.B. Reuter et al., Combustion and Flame 179 (2017) 23-32",Fig. 4,PSI-142,experiment,1g
n-heptane,0.10894178361726216,68.5,data ID 1,cool,False,"C.B. Reuter et al., Combustion and Flame 179 (2017) 23-32",Fig. 4,PSI-142,experiment,1g
n-heptane,0.09110446645486824,61.9,data ID 1,cool,False,"C.B. Reuter et al., Combustion and Flame 179 (2017) 23-32",Fig. 4,PSI-142,experiment,1g
n-heptane,0.07083593178059162,53.6,data ID 1,cool,False,"C.B. Reuter et al., Combustion and Flame 179 (2017) 23-32",Fig. 4,PSI-142,experiment,1g
n-heptane,0.04392275129347315,43.4,data ID 1,cool,False,"C.B. Reuter et al., Combustion and Flame 179 (2017) 23-32",Fig. 4,PSI-142,experiment,1g
n-heptane,0.15174458554958897,90.0,data ID 1,cool,False,"C.B. Reuter et al., Combustion and Flame 179 (2017) 23-32",Fig. 4,PSI-142,experiment,1g
n-heptane,0.1734591823977997,97.6,data ID 1,cool,False,"C.B. Reuter et al., Combustion and Flame 179 (2017) 23-32",Fig. 4,PSI-142,experiment,1g
n-heptane,0.1925727223507408,107.3,data ID 1,cool,False,"C.B. Reuter et al., Combustion and Flame 179 (2017) 23-32",Fig. 4,PSI-142,experiment,1g
n-heptane,0.220015389054535,116.1,data ID 1,cool,False,"C.B. Reuter et al., Combustion and Flame 179 (2017) 23-32",Fig. 4,PSI-142,experiment,1g
n-tetradecane,0.2843600667670043,66.89,data ID 2,cool,True,"C.B. Reuter et al., Combustion and Flame 179 (2017) 23-32",Fig. 5,PSI-142,experiment,1g
n-tetradecane,0.30530025801446903,74.72,data ID 2,cool,True,"C.B. Reuter et al., Combustion and Flame 179 (2017) 23-32",Fig. 5,PSI-142,experiment,1g
n-tetradecane,0.3219421040011245,82.55,data ID 2,cool,True,"C.B. Reuter et al., Combustion and Flame 179 (2017) 23-32",Fig. 5,PSI-142,experiment,1g
n-tetradecane,0.3393766650202029,92.96,data ID 2,cool,True,"C.B. Reuter et al., Combustion and Flame 179 (2017) 23-32",Fig. 5,PSI-142,experiment,1g
n-tetradecane,0.35336352854083913,103.36,data ID 2,cool,True,"C.B. Reuter et al., Combustion and Flame 179 (2017) 23-32",Fig. 5,PSI-142,experiment,1g
n-tetradecane,0.37347658008725215,117.15,data ID 2,cool,True,"C.B. Reuter et al., Combustion and Flame 179 (2017) 23-32",Fig. 5,PSI-142,experiment,1g
n-tetradecane,0.393859184753838,129.09,data ID 2,cool,True,"C.B. Reuter et al., Combustion and Flame 179 (2017) 23-32",Fig. 5,PSI-142,experiment,1g
n-tetradecane,0.23386130068566496,53.81,data ID 2,cool,True,"C.B. Reuter et al., Combustion and Flame 179 (2017) 23-32",Fig. 5,PSI-142,experiment,1g
n-dodecane,0.3097100514321126,59.77,data ID 2,cool,True,"C.B. Reuter et al., Combustion and Flame 179 (2017) 23-32",Fig. 5,PSI-142,experiment,1g
n-dodecane,0.3289962238039672,67.61,data ID 2,cool,True,"C.B. Reuter et al., Combustion and Flame 179 (2017) 23-32",Fig. 5,PSI-142,experiment,1g
n-dodecane,0.2842739657092192,51.88,data ID 2,cool,True,"C.B. Reuter et al., Combustion and Flame 179 (2017) 23-32",Fig. 5,PSI-142,experiment,1g
n-dodecane,0.35081773860639087,73.61,data ID 2,cool,True,"C.B. Reuter et al., Combustion and Flame 179 (2017) 23-32",Fig. 5,PSI-142,experiment,1g
n-dodecane,0.2618119106390969,46.63,data ID 2,cool,True,"C.B. Reuter et al., Combustion and Flame 179 (2017) 23-32",Fig. 5,PSI-142,experiment,1g
n-dodecane,0.3589441315095126,85.93,data ID 2,cool,True,"C.B. Reuter et al., Combustion and Flame 179 (2017) 23-32",Fig. 5,PSI-142,experiment,1g
n-dodecane,0.38128473946013297,99.75,data ID 2,cool,True,"C.B. Reuter et al., Combustion and Flame 179 (2017) 23-32",Fig. 5,PSI-142,experiment,1g
n-dodecane,0.40273269648453586,111.72,data ID 2,cool,True,"C.B. Reuter et al., Combustion and Flame 179 (2017) 23-32",Fig. 5,PSI-142,experiment,1g
n-decane,0.3814194968893108,65.34,data ID 2,cool,True,"C.B. Reuter et al., Combustion and Flame 179 (2017) 23-32",Fig. 5,PSI-142,experiment,1g
n-decane,0.3667480498396565,54.84,data ID 2,cool,True,"C.B. Reuter et al., Combustion and Flame 179 (2017) 23-32",Fig. 5,PSI-142,experiment,1g
n-decane,0.3920457409289609,75.83,data ID 2,cool,True,"C.B. Reuter et al., Combustion and Flame 179 (2017) 23-32",Fig. 5,PSI-142,experiment,1g
n-decane,0.40681318010198053,84.49,data ID 2,cool,True,"C.B. Reuter et al., Combustion and Flame 179 (2017) 23-32",Fig. 5,PSI-142,experiment,1g
n-decane,0.4335721419947502,94.7,data ID 2,cool,True,"C.B. Reuter et al., Combustion and Flame 179 (2017) 23-32",Fig. 5,PSI-142,experiment,1g
n-decane,0.4545999115290443,104.89,data ID 2,cool,True,"C.B. Reuter et al., Combustion and Flame 179 (2017) 23-32",Fig. 5,PSI-142,experiment,1g
n-octane,0.45497495860043924,61.45,data ID 2,cool,True,"C.B. Reuter et al., Combustion and Flame 179 (2017) 23-32",Fig. 5,PSI-142,experiment,1g
n-octane,0.5018836983225301,76.77,data ID 2,cool,True,"C.B. Reuter et al., Combustion and Flame 179 (2017) 23-32",Fig. 5,PSI-142,experiment,1g
n-octane,0.4725468022466366,68.33,data ID 2,cool,True,"C.B. Reuter et al., Combustion and Flame 179 (2017) 23-32",Fig. 5,PSI-142,experiment,1g
n-octane,0.5246825968602649,85.15,data ID 2,cool,True,"C.B. Reuter et al., Combustion and Flame 179 (2017) 23-32",Fig. 5,PSI-142,experiment,1g
n-heptane,0.49787378338251737,63.08,data ID 2,cool,True,"C.B. Reuter et al., Combustion and Flame 179 (2017) 23-32",Fig. 5,PSI-142,experiment,1g
n-heptane,0.5353286158276414,69.7,data ID 2,cool,True,"C.B. Reuter et al., Combustion and Flame 179 (2017) 23-32",Fig. 5,PSI-142,experiment,1g
n-heptane,0.5549646606738489,78.21,data ID 2,cool,True,"C.B. Reuter et al., Combustion and Flame 179 (2017) 23-32",Fig. 5,PSI-142,experiment,1g
n-tetradecane,0.05231169478986937,87.72,data ID 3,hot,False,"C.B. Reuter et al., Combustion and Flame 179 (2017) 23-32",Fig. 7,PSI-142,experiment,1g
n-tetradecane,0.051017528464870815,66.08,data ID 3,hot,False,"C.B. Reuter et al., Combustion and Flame 179 (2017) 23-32",Fig. 7,PSI-142,experiment,1g
n-tetradecane,0.05373180698954988,108.2,data ID 3,hot,False,"C.B. Reuter et al., Combustion and Flame 179 (2017) 23-32",Fig. 7,PSI-142,experiment,1g
n-tetradecane,0.0468558777017498,52.38,data ID 3,hot,False,"C.B. Reuter et al., Combustion and Flame 179 (2017) 23-32",Fig. 7,PSI-142,experiment,1g
n-tetradecane,0.054633627761437806,123.11,data ID 3,hot,False,"C.B. Reuter et al., Combustion and Flame 179 (2017) 23-32",Fig. 7,PSI-142,experiment,1g
n-dodecane,0.05045094268610516,89.55,data ID 3,hot,False,"C.B. Reuter et al., Combustion and Flame 179 (2017) 23-32",Fig. 7,PSI-142,experiment,1g
n-dodecane,0.04883041038844405,67.91,data ID 3,hot,False,"C.B. Reuter et al., Combustion and Flame 179 (2017) 23-32",Fig. 7,PSI-142,experiment,1g
n-dodecane,0.046868483248794515,45.04,data ID 3,hot,False,"C.B. Reuter et al., Combustion and Flame 179 (2017) 23-32",Fig. 7,PSI-142,experiment,1g
n-dodecane,0.05195560658717909,110.03,data ID 3,hot,False,"C.B. Reuter et al., Combustion and Flame 179 (2017) 23-32",Fig. 7,PSI-142,experiment,1g
n-dodecane,0.05373380485754073,123.12,data ID 3,hot,False,"C.B. Reuter et al., Combustion and Flame 179 (2017) 23-32",Fig. 7,PSI-142,experiment,1g
n-decane,0.04929713940557233,89.56,data ID 3,hot,False,"C.B. Reuter et al., Combustion and Flame 179 (2017) 23-32",Fig. 7,PSI-142,experiment,1g
n-decane,0.04760720553594748,67.91,data ID 3,hot,False,"C.B. Reuter et al., Combustion and Flame 179 (2017) 23-32",Fig. 7,PSI-142,experiment,1g
n-decane,0.050701777947097376,110.04,data ID 3,hot,False,"C.B. Reuter et al., Combustion and Flame 179 (2017) 23-32",Fig. 7,PSI-142,experiment,1g
n-decane,0.04345607568106903,54.21,data ID 3,hot,False,"C.B. Reuter et al., Combustion and Flame 179 (2017) 23-32",Fig. 7,PSI-142,experiment,1g
n-decane,0.05303552262251047,121.31,data ID 3,hot,False,"C.B. Reuter et al., Combustion and Flame 179 (2017) 23-32",Fig. 7,PSI-142,experiment,1g
n-octane,0.048336112615647624,87.79,data ID 3,hot,False,"C.B. Reuter et al., Combustion and Flame 179 (2017) 23-32",Fig. 7,PSI-142,experiment,1g
n-octane,0.052863662703977896,117.76,data ID 3,hot,False,"C.B. Reuter et al., Combustion and Flame 179 (2017) 23-32",Fig. 7,PSI-142,experiment,1g
n-octane,0.051358052155189876,104.62,data ID 3,hot,False,"C.B. Reuter et al., Combustion and Flame 179 (2017) 23-32",Fig. 7,PSI-142,experiment,1g
n-octane,0.04453845957383949,69.69,data ID 3,hot,False,"C.B. Reuter et al., Combustion and Flame 179 (2017) 23-32",Fig. 7,PSI-142,experiment,1g
n-octane,0.044919241422808384,50.61,data ID 3,hot,False,"C.B. Reuter et al., Combustion and Flame 179 (2017) 23-32",Fig. 7,PSI-142,experiment,1g
n-heptane,0.04693021201413427,82.2,data ID 3,hot,False,"C.B. Reuter et al., Combustion and Flame 179 (2017) 23-32",Fig. 7,PSI-142,experiment,1g
n-heptane,0.040901780267317396,47.4,data ID 3,hot,False,"C.B. Reuter et al., Combustion and Flame 179 (2017) 23-32",Fig. 7,PSI-142,experiment,1g
n-heptane,0.044592240258842404,67.9,data ID 3,hot,False,"C.B. Reuter et al., Combustion and Flame 179 (2017) 23-32",Fig. 7,PSI-142,experiment,1g
n-heptane,0.0499242528577331,99.1,data ID 3,hot,False,"C.B. Reuter et al., Combustion and Flame 179 (2017) 23-32",Fig. 7,PSI-142,experiment,1g
n-heptane,0.0515818431911967,117.8,data ID 3,hot,False,"C.B. Reuter et al., Combustion and Flame 179 (2017) 23-32",Fig. 7,PSI-142,experiment,1g
