fuel,d0_mm,pressure_atm,xo2,measurement,value,source,error_bar_side,data_file,doi,figure,investigation,gravity
n-dodecane,4.0,0.5,0.21,dext_cool_mm,1.197278912,simulation,,MST_2024_Dext.csv,10.1007/s12217-024-10115-x,Fig. 5,PSI-117,microgravity
n-dodecane,4.0,0.75,0.21,dext_cool_mm,0.414965986,simulation,,MST_2024_Dext.csv,10.1007/s12217-024-10115-x,Fig. 5,PSI-117,microgravity
n-dodecane,4.0,1.0,0.21,dext_cool_mm,0.27,simulation,,MST_2024_Dext.csv,10.1007/s12217-024-10115-x,Fig. 5,PSI-117,microgravity
n-dodecane,4.0,1.25,0.21,dext_cool_mm,0.220136054,simulation,,MST_2024_Dext.csv,10.1007/s12217-024-10115-x,Fig. 5,PSI-117,microgravity
n-dodecane,4.0,3.0,0.21,dext_cool_mm,0.0,simulation,,MST_2024_Dext.csv,10.1007/s12217-024-10115-x,Fig. 5,PSI-117,microgravity
n-dodecane,4.0,0.5,0.21,dext_hot_mm,3.442176871,simulation,,MST_2024_Dext.csv,10.1007/s12217-024-10115-x,Fig. 5,PSI-117,microgravity
n-dodecane,4.0,0.75,0.21,dext_hot_mm,3.68707483,simulation,,MST_2024_Dext.csv,10.1007/s12217-024-10115-x,Fig. 5,PSI-117,microgravity
n-dodecane,4.0,1.0,0.21,dext_hot_mm,3.72139,simulation,,MST_2024_Dext.csv,10.1007/s12217-024-10115-x,Fig. 5,PSI-117,microgravity
n-dodecane,4.0,1.25,0.21,dext_hot_mm,3.74829932,simulation,,MST_2024_Dext.csv,10.1007/s12217-024-10115-x,Fig. 5,PSI-117,microgravity
n-dodecane,4.0,3.0,0.21,dext_hot_mm,3.945578231,simulation,,MST_2024_Dext.csv,10.1007/s12217-024-10115-x,Fig. 5,PSI-117,microgravity
n-dodecane,4.0,0.5,0.21,dext_cool_mm,1.947105678,experiment,,MST_2024_Dext.csv,10.1007/s12217-024-10115-x,Fig. 5,PSI-117,microgravity
n-dodecane,4.0,0.5,0.21,dext_cool_mm,1.815514531,experiment,,MST_2024_Dext.csv,10.1007/s12217-024-10115-x,Fig. 5,PSI-117,microgravity
n-dodecane,4.0,0.5,0.21,dext_cool_mm,1.753104633,experiment,,MST_2024_Dext.csv,10.1007/s12217-024-10115-x,Fig. 5,PSI-117,microgravity
n-dodecane,4.0,0.75,0.21,dext_cool_mm,0.906443529,experiment,,MST_2024_Dext.csv,10.1007/s12217-024-10115-x,Fig. 5,PSI-117,microgravity
n-dodecane,4.0,0.75,0.21,dext_cool_mm,0.816118188,experiment,,MST_2024_Dext.csv,10.1007/s12217-024-10115-x,Fig. 5,PSI-117,microgravity
n-dodecane,4.0,1.0,0.21,dext_cool_mm,0.513770647,experiment,,MST_2024_Dext.csv,10.1007/s12217-024-10115-x,Fig. 5,PSI-117,microgravity
n-dodecane,4.0,1.0,0.21,dext_cool_mm,0.414665152,experiment,,MST_2024_Dext.csv,10.1007/s12217-024-10115-x,Fig. 5,PSI-117,microgravity
n-dodecane,4.0,1.0,0.21,dext_cool_mm,0.323172128,experiment,,MST_2024_Dext.csv,10.1007/s12217-024-10115-x,Fig. 5,PSI-117,microgravity
n-dodecane,4.0,1.25,0.21,dext_cool_mm,0.405990889,experiment,,MST_2024_Dext.csv,10.1007/s12217-024-10115-x,Fig. 5,PSI-117,microgravity
n-dodecane,4.5,0.5,0.21,k_cool_mm2_s,0.315175121,experiment,,MST_2024_Kavg.csv,10.1007/s12217-024-10115-x,Fig. 4,PSI-117,microgravity
n-dodecane,4.5,0.5,0.21,k_cool_mm2_s,0.315175121,experiment,,MST_2024_Kavg.csv,10.1007/s12217-024-10115-x,Fig. 4,PSI-117,microgravity
n-dodecane,4.5,0.5,0.21,k_cool_mm2_s,0.329710005,experiment,,MST_2024_Kavg.csv,10.1007/s12217-024-10115-x,Fig. 4,PSI-117,microgravity
n-dodecane,4.5,0.5,0.21,k_cool_mm2_s,0.332616982,experiment,,MST_2024_Kavg.csv,10.1007/s12217-024-10115-x,Fig. 4,PSI-117,microgravity
n-dodecane,4.5,0.75,0.21,k_cool_mm2_s,0.369273871,experiment,,MST_2024_Kavg.csv,10.1007/s12217-024-10115-x,Fig. 4,PSI-117,microgravity
n-dodecane,4.5,1.0,0.21,k_cool_mm2_s,0.365233085,experiment,,MST_2024_Kavg.csv,10.1007/s12217-024-10115-x,Fig. 4,PSI-117,microgravity
n-dodecane,4.5,1.0,0.21,k_cool_mm2_s,0.383838614,experiment,,MST_2024_Kavg.csv,10.1007/s12217-024-10115-x,Fig. 4,PSI-117,microgravity
n-dodecane,4.5,1.0,0.21,k_cool_mm2_s,0.390233085,experiment,,MST_2024_Kavg.csv,10.1007/s12217-024-10115-x,Fig. 4,PSI-117,microgravity
n-dodecane,4.5,1.0,0.21,k_cool_mm2_s,0.401281353,experiment,,MST_2024_Kavg.csv,10.1007/s12217-024-10115-x,Fig. 4,PSI-117,microgravity
n-dodecane,4.5,1.0,0.21,k_cool_mm2_s,0.407675824,experiment,,MST_2024_Kavg.csv,10.1007/s12217-024-10115-x,Fig. 4,PSI-117,microgravity
n-dodecane,4.5,1.25,0.21,k_cool_mm2_s,0.404795194,experiment,,MST_2024_Kavg.csv,10.1007/s12217-024-10115-x,Fig. 4,PSI-117,microgravity
n-dodecane,4.5,1.25,0.21,k_cool_mm2_s,0.407121654,experiment,,MST_2024_Kavg.csv,10.1007/s12217-024-10115-x,Fig. 4,PSI-117,microgravity
n-dodecane,4.5,1.25,0.21,k_cool_mm2_s,0.431540259,experiment,,MST_2024_Kavg.csv,10.1007/s12217-024-10115-x,Fig. 4,PSI-117,microgravity
n-dodecane,4.5,1.25,0.21,k_cool_mm2_s,0.431540259,experiment,,MST_2024_Kavg.csv,10.1007/s12217-024-10115-x,Fig. 4,PSI-117,microgravity
n-dodecane,4.5,2.0,0.21,k_cool_mm2_s,0.457207721,experiment,,MST_2024_Kavg.csv,10.1007/s12217-024-10115-x,Fig. 4,PSI-117,microgravity
n-dodecane,4.5,3.0,0.21,k_cool_mm2_s,0.445111712,experiment,,MST_2024_Kavg.csv,10.1007/s12217-024-10115-x,Fig. 4,PSI-117,microgravity
n-dodecane,4.5,3.0,0.21,k_cool_mm2_s,0.493367526,experiment,,MST_2024_Kavg.csv,10.1007/s12217-024-10115-x,Fig. 4,PSI-117,microgravity
n-dodecane,4.5,5.0,0.21,k_cool_mm2_s,0.501739795,experiment,,MST_2024_Kavg.csv,10.1007/s12217-024-10115-x,Fig. 4,PSI-117,microgravity
n-dodecane,4.5,5.0,0.21,k_cool_mm2_s,0.527320312,experiment,,MST_2024_Kavg.csv,10.1007/s12217-024-10115-x,Fig. 4,PSI-117,microgravity
n-dodecane,4.5,5.0,0.21,k_burn_mm2_s,0.5012,simulation,,MST_2024_Kavg.csv,10.1007/s12217-024-10115-x,Fig. 4,PSI-117,microgravity
n-dodecane,4.5,3.0,0.21,k_burn_mm2_s,0.48689,simulation,,MST_2024_Kavg.csv,10.1007/s12217-024-10115-x,Fig. 4,PSI-117,microgravity
n-dodecane,4.5,1.25,0.21,k_burn_mm2_s,0.471387695,simulation,,MST_2024_Kavg.csv,10.1007/s12217-024-10115-x,Fig. 4,PSI-117,microgravity
n-dodecane,4.5,1.0,0.21,k_burn_mm2_s,0.447921,simulation,,MST_2024_Kavg.csv,10.1007/s12217-024-10115-x,Fig. 4,PSI-117,microgravity
n-dodecane,4.5,0.75,0.21,k_burn_mm2_s,0.4078,simulation,,MST_2024_Kavg.csv,10.1007/s12217-024-10115-x,Fig. 4,PSI-117,microgravity
n-dodecane,4.5,0.5,0.21,k_burn_mm2_s,0.37396,simulation,,MST_2024_Kavg.csv,10.1007/s12217-024-10115-x,Fig. 4,PSI-117,microgravity
n-heptane,3.91,1.0,0.21,dext_hot_mm,3.28,experiment,,PROCI_2023_Alkane_Extinction_Diameter_1atm.csv,10.1016/j.proci.2022.07.094,Fig. 3,PSI-117,microgravity
n-heptane,3.557,1.0,0.21,dext_hot_mm,2.794,experiment,,PROCI_2023_Alkane_Extinction_Diameter_1atm.csv,10.1016/j.proci.2022.07.094,Fig. 3,PSI-117,microgravity
n-heptane,3.61,1.0,0.21,dext_hot_mm,2.838,experiment,,PROCI_2023_Alkane_Extinction_Diameter_1atm.csv,10.1016/j.proci.2022.07.094,Fig. 3,PSI-117,microgravity
n-heptane,3.342,1.0,0.21,dext_hot_mm,2.326,experiment,,PROCI_2023_Alkane_Extinction_Diameter_1atm.csv,10.1016/j.proci.2022.07.094,Fig. 3,PSI-117,microgravity
n-heptane,3.891,1.0,0.21,dext_hot_mm,3.412,experiment,,PROCI_2023_Alkane_Extinction_Diameter_1atm.csv,10.1016/j.proci.2022.07.094,Fig. 3,PSI-117,microgravity
n-heptane,3.91,1.0,0.21,dext_cool_mm,1.3,experiment,,PROCI_2023_Alkane_Extinction_Diameter_1atm.csv,10.1016/j.proci.2022.07.094,Fig. 3,PSI-117,microgravity
n-heptane,3.557,1.0,0.21,dext_cool_mm,1.214,experiment,,PROCI_2023_Alkane_Extinction_Diameter_1atm.csv,10.1016/j.proci.2022.07.094,Fig. 3,PSI-117,microgravity
n-heptane,3.61,1.0,0.21,dext_cool_mm,1.146,experiment,,PROCI_2023_Alkane_Extinction_Diameter_1atm.csv,10.1016/j.proci.2022.07.094,Fig. 3,PSI-117,microgravity
n-heptane,3.342,1.0,0.21,dext_cool_mm,1.101,experiment,,PROCI_2023_Alkane_Extinction_Diameter_1atm.csv,10.1016/j.proci.2022.07.094,Fig. 3,PSI-117,microgravity
n-heptane,3.891,1.0,0.21,dext_cool_mm,1.199,experiment,,PROCI_2023_Alkane_Extinction_Diameter_1atm.csv,10.1016/j.proci.2022.07.094,Fig. 3,PSI-117,microgravity
n-heptane,2.0,1.0,0.21,dext_hot_mm,0.0,simulation,,PROCI_2023_Alkane_Extinction_Diameter_1atm.csv,10.1016/j.proci.2022.07.094,Fig. 3,PSI-117,microgravity
n-heptane,3.0,1.0,0.21,dext_hot_mm,0.0,simulation,,PROCI_2023_Alkane_Extinction_Diameter_1atm.csv,10.1016/j.proci.2022.07.094,Fig. 3,PSI-117,microgravity
n-heptane,4.0,1.0,0.21,dext_hot_mm,3.57624,simulation,,PROCI_2023_Alkane_Extinction_Diameter_1atm.csv,10.1016/j.proci.2022.07.094,Fig. 3,PSI-117,microgravity
n-heptane,5.0,1.0,0.21,dext_hot_mm,4.78062,simulation,,PROCI_2023_Alkane_Extinction_Diameter_1atm.csv,10.1016/j.proci.2022.07.094,Fig. 3,PSI-117,microgravity
n-heptane,6.0,1.0,0.21,dext_hot_mm,5.85625,simulation,,PROCI_2023_Alkane_Extinction_Diameter_1atm.csv,10.1016/j.proci.2022.07.094,Fig. 3,PSI-117,microgravity
n-heptane,7.0,1.0,0.21,dext_hot_mm,6.8908,simulation,,PROCI_2023_Alkane_Extinction_Diameter_1atm.csv,10.1016/j.proci.2022.07.094,Fig. 3,PSI-117,microgravity
n-heptane,2.0,1.0,0.21,dext_cool_mm,0.0,simulation,,PROCI_2023_Alkane_Extinction_Diameter_1atm.csv,10.1016/j.proci.2022.07.094,Fig. 3,PSI-117,microgravity
n-heptane,3.0,1.0,0.21,dext_cool_mm,0.0,simulation,,PROCI_2023_Alkane_Extinction_Diameter_1atm.csv,10.1016/j.proci.2022.07.094,Fig. 3,PSI-117,microgravity
n-heptane,4.0,1.0,0.21,dext_cool_mm,0.95,simulation,,PROCI_2023_Alkane_Extinction_Diameter_1atm.csv,10.1016/j.proci.2022.07.094,Fig. 3,PSI-117,microgravity
n-heptane,5.0,1.0,0.21,dext_cool_mm,1.02,simulation,,PROCI_2023_Alkane_Extinction_Diameter_1atm.csv,10.1016/j.proci.2022.07.094,Fig. 3,PSI-117,microgravity
n-heptane,6.0,1.0,0.21,dext_cool_mm,1.2,simulation,,PROCI_2023_Alkane_Extinction_Diameter_1atm.csv,10.1016/j.proci.2022.07.094,Fig. 3,PSI-117,microgravity
n-heptane,7.0,1.0,0.21,dext_cool_mm,1.4,simulation,,PROCI_2023_Alkane_Extinction_Diameter_1atm.csv,10.1016/j.proci.2022.07.094,Fig. 3,PSI-117,microgravity
n-decane,4.381,1.0,0.21,dext_hot_mm,3.963,experiment,,PROCI_2023_Alkane_Extinction_Diameter_1atm.csv,10.1016/j.proci.2022.07.094,Fig. 3,PSI-117,microgravity
n-decane,3.925,1.0,0.21,dext_hot_mm,3.37,experiment,,PROCI_2023_Alkane_Extinction_Diameter_1atm.csv,10.1016/j.proci.2022.07.094,Fig. 3,PSI-117,microgravity
n-decane,3.763,1.0,0.21,dext_hot_mm,3.031,experiment,,PROCI_2023_Alkane_Extinction_Diameter_1atm.csv,10.1016/j.proci.2022.07.094,Fig. 3,PSI-117,microgravity
n-decane,4.395,1.0,0.21,dext_hot_mm,3.935,experiment,,PROCI_2023_Alkane_Extinction_Diameter_1atm.csv,10.1016/j.proci.2022.07.094,Fig. 3,PSI-117,microgravity
n-decane,3.947,1.0,0.21,dext_hot_mm,3.409,experiment,,PROCI_2023_Alkane_Extinction_Diameter_1atm.csv,10.1016/j.proci.2022.07.094,Fig. 3,PSI-117,microgravity
n-decane,3.948,1.0,0.21,dext_hot_mm,3.327,experiment,,PROCI_2023_Alkane_Extinction_Diameter_1atm.csv,10.1016/j.proci.2022.07.094,Fig. 3,PSI-117,microgravity
n-decane,4.381,1.0,0.21,dext_cool_mm,1.317,experiment,,PROCI_2023_Alkane_Extinction_Diameter_1atm.csv,10.1016/j.proci.2022.07.094,Fig. 3,PSI-117,microgravity
n-decane,3.925,1.0,0.21,dext_cool_mm,1.042,experiment,,PROCI_2023_Alkane_Extinction_Diameter_1atm.csv,10.1016/j.proci.2022.07.094,Fig. 3,PSI-117,microgravity
n-decane,3.763,1.0,0.21,dext_cool_mm,1.11,experiment,,PROCI_2023_Alkane_Extinction_Diameter_1atm.csv,10.1016/j.proci.2022.07.094,Fig. 3,PSI-117,microgravity
n-decane,4.395,1.0,0.21,dext_cool_mm,1.052,experiment,,PROCI_2023_Alkane_Extinction_Diameter_1atm.csv,10.1016/j.proci.2022.07.094,Fig. 3,PSI-117,microgravity
n-decane,3.947,1.0,0.21,dext_cool_mm,1.088,experiment,,PROCI_2023_Alkane_Extinction_Diameter_1atm.csv,10.1016/j.proci.2022.07.094,Fig. 3,PSI-117,microgravity
n-decane,3.948,1.0,0.21,dext_cool_mm,0.661,experiment,,PROCI_2023_Alkane_Extinction_Diameter_1atm.csv,10.1016/j.proci.2022.07.094,Fig. 3,PSI-117,microgravity
n-decane,2.0,1.0,0.21,dext_hot_mm,0.0,simulation,,PROCI_2023_Alkane_Extinction_Diameter_1atm.csv,10.1016/j.proci.2022.07.094,Fig. 3,PSI-117,microgravity
n-decane,3.0,1.0,0.21,dext_hot_mm,0.0,simulation,,PROCI_2023_Alkane_Extinction_Diameter_1atm.csv,10.1016/j.proci.2022.07.094,Fig. 3,PSI-117,microgravity
n-decane,4.0,1.0,0.21,dext_hot_mm,3.41,simulation,,PROCI_2023_Alkane_Extinction_Diameter_1atm.csv,10.1016/j.proci.2022.07.094,Fig. 3,PSI-117,microgravity
n-decane,5.0,1.0,0.21,dext_hot_mm,4.85682,simulation,,PROCI_2023_Alkane_Extinction_Diameter_1atm.csv,10.1016/j.proci.2022.07.094,Fig. 3,PSI-117,microgravity
n-decane,6.0,1.0,0.21,dext_hot_mm,5.95349,simulation,,PROCI_2023_Alkane_Extinction_Diameter_1atm.csv,10.1016/j.proci.2022.07.094,Fig. 3,PSI-117,microgravity
n-decane,7.0,1.0,0.21,dext_hot_mm,6.98,simulation,,PROCI_2023_Alkane_Extinction_Diameter_1atm.csv,10.1016/j.proci.2022.07.094,Fig. 3,PSI-117,microgravity
n-decane,2.0,1.0,0.21,dext_cool_mm,0.0,simulation,,PROCI_2023_Alkane_Extinction_Diameter_1atm.csv,10.1016/j.proci.2022.07.094,Fig. 3,PSI-117,microgravity
n-decane,3.0,1.0,0.21,dext_cool_mm,0.0,simulation,,PROCI_2023_Alkane_Extinction_Diameter_1atm.csv,10.1016/j.proci.2022.07.094,Fig. 3,PSI-117,microgravity
n-decane,4.0,1.0,0.21,dext_cool_mm,0.43,simulation,,PROCI_2023_Alkane_Extinction_Diameter_1atm.csv,10.1016/j.proci.2022.07.094,Fig. 3,PSI-117,microgravity
n-decane,5.0,1.0,0.21,dext_cool_mm,0.65,simulation,,PROCI_2023_Alkane_Extinction_Diameter_1atm.csv,10.1016/j.proci.2022.07.094,Fig. 3,PSI-117,microgravity
n-decane,6.0,1.0,0.21,dext_cool_mm,0.89,simulation,,PROCI_2023_Alkane_Extinction_Diameter_1atm.csv,10.1016/j.proci.2022.07.094,Fig. 3,PSI-117,microgravity
n-decane,7.0,1.0,0.21,dext_cool_mm,0.94,simulation,,PROCI_2023_Alkane_Extinction_Diameter_1atm.csv,10.1016/j.proci.2022.07.094,Fig. 3,PSI-117,microgravity
n-dodecane,4.408,1.0,0.21,dext_hot_mm,4.059,experiment,,PROCI_2023_Alkane_Extinction_Diameter_1atm.csv,10.1016/j.proci.2022.07.094,Fig. 3,PSI-117,microgravity
n-dodecane,4.042,1.0,0.21,dext_hot_mm,3.554,experiment,,PROCI_2023_Alkane_Extinction_Diameter_1atm.csv,10.1016/j.proci.2022.07.094,Fig. 3,PSI-117,microgravity
n-dodecane,4.137,1.0,0.21,dext_hot_mm,3.571,experiment,,PROCI_2023_Alkane_Extinction_Diameter_1atm.csv,10.1016/j.proci.2022.07.094,Fig. 3,PSI-117,microgravity
n-dodecane,4.039,1.0,0.21,dext_hot_mm,3.577,experiment,,PROCI_2023_Alkane_Extinction_Diameter_1atm.csv,10.1016/j.proci.2022.07.094,Fig. 3,PSI-117,microgravity
n-dodecane,4.408,1.0,0.21,dext_cool_mm,0.0,experiment,,PROCI_2023_Alkane_Extinction_Diameter_1atm.csv,10.1016/j.proci.2022.07.094,Fig. 3,PSI-117,microgravity
n-dodecane,4.042,1.0,0.21,dext_cool_mm,0.4,experiment,,PROCI_2023_Alkane_Extinction_Diameter_1atm.csv,10.1016/j.proci.2022.07.094,Fig. 3,PSI-117,microgravity
n-dodecane,4.137,1.0,0.21,dext_cool_mm,0.0,experiment,,PROCI_2023_Alkane_Extinction_Diameter_1atm.csv,10.1016/j.proci.2022.07.094,Fig. 3,PSI-117,microgravity
n-dodecane,4.039,1.0,0.21,dext_cool_mm,0.497,experiment,,PROCI_2023_Alkane_Extinction_Diameter_1atm.csv,10.1016/j.proci.2022.07.094,Fig. 3,PSI-117,microgravity
n-dodecane,4.408,1.0,0.21,dext_hot_mm,4.197,simulation,,PROCI_2023_Alkane_Extinction_Diameter_1atm.csv,10.1016/j.proci.2022.07.094,Fig. 3,PSI-117,microgravity
n-dodecane,4.042,1.0,0.21,dext_hot_mm,3.69589,simulation,,PROCI_2023_Alkane_Extinction_Diameter_1atm.csv,10.1016/j.proci.2022.07.094,Fig. 3,PSI-117,microgravity
n-dodecane,4.137,1.0,0.21,dext_hot_mm,3.8303,simulation,,PROCI_2023_Alkane_Extinction_Diameter_1atm.csv,10.1016/j.proci.2022.07.094,Fig. 3,PSI-117,microgravity
n-dodecane,4.039,1.0,0.21,dext_hot_mm,3.69188,simulation,,PROCI_2023_Alkane_Extinction_Diameter_1atm.csv,10.1016/j.proci.2022.07.094,Fig. 3,PSI-117,microgravity
n-dodecane,5.0,1.0,0.21,dext_hot_mm,4.88,simulation,,PROCI_2023_Alkane_Extinction_Diameter_1atm.csv,10.1016/j.proci.2022.07.094,Fig. 3,PSI-117,microgravity
n-dodecane,6.0,1.0,0.21,dext_hot_mm,5.97,simulation,,PROCI_2023_Alkane_Extinction_Diameter_1atm.csv,10.1016/j.proci.2022.07.094,Fig. 3,PSI-117,microgravity
n-dodecane,4.408,1.0,0.21,dext_cool_mm,0.22316,simulation,,PROCI_2023_Alkane_Extinction_Diameter_1atm.csv,10.1016/j.proci.2022.07.094,Fig. 3,PSI-117,microgravity
n-dodecane,4.042,1.0,0.21,dext_cool_mm,0.226994,simulation,,PROCI_2023_Alkane_Extinction_Diameter_1atm.csv,10.1016/j.proci.2022.07.094,Fig. 3,PSI-117,microgravity
n-dodecane,4.137,1.0,0.21,dext_cool_mm,0.2888,simulation,,PROCI_2023_Alkane_Extinction_Diameter_1atm.csv,10.1016/j.proci.2022.07.094,Fig. 3,PSI-117,microgravity
n-dodecane,4.039,1.0,0.21,dext_cool_mm,0.218594,simulation,,PROCI_2023_Alkane_Extinction_Diameter_1atm.csv,10.1016/j.proci.2022.07.094,Fig. 3,PSI-117,microgravity
n-dodecane,5.0,1.0,0.21,dext_cool_mm,0.32,simulation,,PROCI_2023_Alkane_Extinction_Diameter_1atm.csv,10.1016/j.proci.2022.07.094,Fig. 3,PSI-117,microgravity
n-dodecane,6.0,1.0,0.21,dext_cool_mm,0.45,simulation,,PROCI_2023_Alkane_Extinction_Diameter_1atm.csv,10.1016/j.proci.2022.07.094,Fig. 3,PSI-117,microgravity
n-dodecane,4.0,0.5,0.21,dext_hot_mm,3.48,experiment,,PROCI_2023_C12_Extinction_Diameter_vs_pressure.csv,10.1016/j.proci.2022.07.094,Fig. 7,PSI-117,microgravity
n-dodecane,4.0,0.75,0.21,dext_hot_mm,3.57,experiment,,PROCI_2023_C12_Extinction_Diameter_vs_pressure.csv,10.1016/j.proci.2022.07.094,Fig. 7,PSI-117,microgravity
n-dodecane,4.0,1.0,0.21,dext_hot_mm,3.56,experiment,,PROCI_2023_C12_Extinction_Diameter_vs_pressure.csv,10.1016/j.proci.2022.07.094,Fig. 7,PSI-117,microgravity
n-dodecane,4.0,1.25,0.21,dext_hot_mm,3.62,experiment,,PROCI_2023_C12_Extinction_Diameter_vs_pressure.csv,10.1016/j.proci.2022.07.094,Fig. 7,PSI-117,microgravity
n-dodecane,4.0,3.0,0.21,dext_hot_mm,3.56,experiment,,PROCI_2023_C12_Extinction_Diameter_vs_pressure.csv,10.1016/j.proci.2022.07.094,Fig. 7,PSI-117,microgravity
n-dodecane,4.0,0.5,0.21,dext_hot_mm,3.43,simulation,,PROCI_2023_C12_Extinction_Diameter_vs_pressure.csv,10.1016/j.proci.2022.07.094,Fig. 7,PSI-117,microgravity
n-dodecane,4.0,0.75,0.21,dext_hot_mm,3.69,simulation,,PROCI_2023_C12_Extinction_Diameter_vs_pressure.csv,10.1016/j.proci.2022.07.094,Fig. 7,PSI-117,microgravity
n-dodecane,4.0,1.0,0.21,dext_hot_mm,3.68,simulation,,PROCI_2023_C12_Extinction_Diameter_vs_pressure.csv,10.1016/j.proci.2022.07.094,Fig. 7,PSI-117,microgravity
n-dodecane,4.0,1.25,0.21,dext_hot_mm,3.74,simulation,,PROCI_2023_C12_Extinction_Diameter_vs_pressure.csv,10.1016/j.proci.2022.07.094,Fig. 7,PSI-117,microgravity
n-dodecane,4.0,3.0,0.21,dext_hot_mm,3.94,simulation,,PROCI_2023_C12_Extinction_Diameter_vs_pressure.csv,10.1016/j.proci.2022.07.094,Fig. 7,PSI-117,microgravity
n-dodecane,4.0,0.5,0.21,dext_cool_mm,1.89,experiment,,PROCI_2023_C12_Extinction_Diameter_vs_pressure.csv,10.1016/j.proci.2022.07.094,Fig. 7,PSI-117,microgravity
n-dodecane,4.0,0.75,0.21,dext_cool_mm,0.49,experiment,,PROCI_2023_C12_Extinction_Diameter_vs_pressure.csv,10.1016/j.proci.2022.07.094,Fig. 7,PSI-117,microgravity
n-dodecane,4.0,1.0,0.21,dext_cool_mm,0.39,experiment,,PROCI_2023_C12_Extinction_Diameter_vs_pressure.csv,10.1016/j.proci.2022.07.094,Fig. 7,PSI-117,microgravity
n-dodecane,4.0,1.0,0.21,dext_cool_mm,0.48,experiment,,PROCI_2023_C12_Extinction_Diameter_vs_pressure.csv,10.1016/j.proci.2022.07.094,Fig. 7,PSI-117,microgravity
n-dodecane,4.0,1.25,0.21,dext_cool_mm,0.38,experiment,,PROCI_2023_C12_Extinction_Diameter_vs_pressure.csv,10.1016/j.proci.2022.07.094,Fig. 7,PSI-117,microgravity
n-dodecane,4.0,3.0,0.21,dext_cool_mm,0.0,experiment,,PROCI_2023_C12_Extinction_Diameter_vs_pressure.csv,10.1016/j.proci.2022.07.094,Fig. 7,PSI-117,microgravity
n-dodecane,4.0,0.5,0.21,dext_cool_mm,1.19,simulation,,PROCI_2023_C12_Extinction_Diameter_vs_pressure.csv,10.1016/j.proci.2022.07.094,Fig. 7,PSI-117,microgravity
n-dodecane,4.0,0.75,0.21,dext_cool_mm,0.41,simulation,,PROCI_2023_C12_Extinction_Diameter_vs_pressure.csv,10.1016/j.proci.2022.07.094,Fig. 7,PSI-117,microgravity
n-dodecane,4.0,1.0,0.21,dext_cool_mm,0.25,simulation,,PROCI_2023_C12_Extinction_Diameter_vs_pressure.csv,10.1016/j.proci.2022.07.094,Fig. 7,PSI-117,microgravity
n-dodecane,4.0,1.25,0.21,dext_cool_mm,0.33,simulation,,PROCI_2023_C12_Extinction_Diameter_vs_pressure.csv,10.1016/j.proci.2022.07.094,Fig. 7,PSI-117,microgravity
n-dodecane,4.0,3.0,0.21,dext_cool_mm,0.03,simulation,,PROCI_2023_C12_Extinction_Diameter_vs_pressure.csv,10.1016/j.proci.2022.07.094,Fig. 7,PSI-117,microgravity
n-dodecane,4.0,0.5,0.21,dext_cool_mm,2.29,error_bar,+,PROCI_2023_C12_Extinction_Diameter_vs_pressure.csv,10.1016/j.proci.2022.07.094,Fig. 7,PSI-117,microgravity
n-dodecane,4.0,0.75,0.21,dext_cool_mm,0.81,error_bar,+,PROCI_2023_C12_Extinction_Diameter_vs_pressure.csv,10.1016/j.proci.2022.07.094,Fig. 7,PSI-117,microgravity
n-dodecane,4.0,1.0,0.21,dext_cool_mm,0.67,error_bar,+,PROCI_2023_C12_Extinction_Diameter_vs_pressure.csv,10.1016/j.proci.2022.07.094,Fig. 7,PSI-117,microgravity
n-dodecane,4.0,1.25,0.21,dext_cool_mm,0.58,error_bar,+,PROCI_2023_C12_Extinction_Diameter_vs_pressure.csv,10.1016/j.proci.2022.07.094,Fig. 7,PSI-117,microgravity
n-dodecane,4.0,3.0,0.21,dext_cool_mm,0.0,error_bar,+,PROCI_2023_C12_Extinction_Diameter_vs_pressure.csv,10.1016/j.proci.2022.07.094,Fig. 7,PSI-117,microgravity
n-dodecane,4.0,0.5,0.21,dext_cool_mm,0.66,error_bar,-,PROCI_2023_C12_Extinction_Diameter_vs_pressure.csv,10.1016/j.proci.2022.07.094,Fig. 7,PSI-117,microgravity
n-dodecane,4.0,0.75,0.21,dext_cool_mm,0.23,error_bar,-,PROCI_2023_C12_Extinction_Diameter_vs_pressure.csv,10.1016/j.proci.2022.07.094,Fig. 7,PSI-117,microgravity
n-dodecane,4.0,1.0,0.21,dext_cool_mm,0.15,error_bar,-,PROCI_2023_C12_Extinction_Diameter_vs_pressure.csv,10.1016/j.proci.2022.07.094,Fig. 7,PSI-117,microgravity
n-dodecane,4.0,1.25,0.21,dext_cool_mm,0.14,error_bar,-,PROCI_2023_C12_Extinction_Diameter_vs_pressure.csv,10.1016/j.proci.2022.07.094,Fig. 7,PSI-117,microgravity
n-dodecane,4.0,3.0,0.21,dext_cool_mm,0.0,error_bar,-,PROCI_2023_C12_Extinction_Diameter_vs_pressure.csv,10.1016/j.proci.2022.07.094,Fig. 7,PSI-117,microgravity
