test_id,flex_identifier,test_date,test_gmt,fuel,pressure_mmhg,o2_frac,n2_frac,co2_frac,he_frac,d0_mm,dext_mm,burning_rate_mm2_s,burn_time_s,test_end,burn_time_s_approx,pressure_atm,extinction,investigation,source,gravity
2,20CAL10,3/5/2009,19:20:06,Methanol,762.0,0.21,0.79,0.0,0.0,1.86,0.94,0.6,5.0,Extinction,False,1.0026315789473683,1,PSI-69,experiment,microgravity
3,20CAL12,3/5/2009,21:17:46,Methanol,764.2,0.21,0.79,0.0,0.0,1.61,0.92,0.58,3.2,Extinction,False,1.0055263157894738,1,PSI-69,experiment,microgravity
4,30CAL02,3/31/2009,17:16:18,Methanol,760.0,0.21,0.79,0.0,0.0,2.06,,0.6,7.64,Extinction,False,1.0,1,PSI-69,experiment,microgravity
5,30CAL03,3/31/2009,19:00:48,Methanol,760.0,0.21,0.79,0.0,0.0,1.92,0.81,0.48,6.34,Extinction,False,1.0,1,PSI-69,experiment,microgravity
6,40CAL01,3/31/2009,20:05:49,Methanol,760.0,0.21,0.79,0.0,0.0,2.54,1.53,0.51,9.6,Extinction,False,1.0,1,PSI-69,experiment,microgravity
10,256F002,5/22/2009,14:53:27,Methanol,2319.7,0.21,0.09,0.7,0.0,3.86,,0.37,13.6,Extinction,False,3.052236842105263,1,PSI-69,experiment,microgravity
11,256R001,5/22/2009,15:33:47,Methanol,2318.8,0.21,0.09,0.7,0.0,3.03,,0.4,16.5,Extinction,False,3.0510526315789477,1,PSI-69,experiment,microgravity
13,256R002,6/25/2009,15:33:05,Methanol,2074.2,0.21,0.09,0.7,0.0,2.59,,0.49,10.8,Extinction,False,2.7292105263157893,1,PSI-69,experiment,microgravity
14,256F007,6/29/2009,12:26:06,Methanol,2055.6,0.21,0.09,0.7,0.0,3.7,,,11.3,Extinction,False,2.704736842105263,1,PSI-69,experiment,microgravity
15,256F008,6/29/2009,13:56:06,Methanol,2066.6,0.21,0.09,0.7,0.0,4.42,,,23.1,Extinction,False,2.7192105263157895,1,PSI-69,experiment,microgravity
16,256F009,6/29/2009,15:34:58,Methanol,2072.1,0.21,0.09,0.7,0.0,1.66,1.0,0.53,3.4,Extinction,False,2.7264473684210526,1,PSI-69,experiment,microgravity
18,248F001,7/1/2009,16:28:56,Heptane,1553.8,0.21,0.09,0.7,0.0,2.74,1.77,0.61,8.1,Extinction,False,2.0444736842105264,1,PSI-69,experiment,microgravity
20,192F001,10/24/09,14:09:04,Methanol,539.5,0.34,0.66,0.0,0.0,3.4,1.56,0.53,17.4,Completion,False,0.7098684210526316,0,PSI-69,experiment,microgravity
25,191R001,11/9/2009,11:42:23,Methanol,537.3,0.3,0.7,0.0,0.0,2.6,0.59,0.65,10.3,Completion,False,0.7069736842105263,0,PSI-69,experiment,microgravity
29,178R001,11/13/09,13:11:23,Methanol,766.9,0.3,0.7,0.0,0.0,2.57,,0.74,10.4,Completion,False,1.009078947368421,0,PSI-69,experiment,microgravity
30,178F001,11/13/09,14:03:46,Methanol,769.2,0.3,0.7,0.0,0.0,3.26,1.32,0.59,15.6,Extinction,False,1.0121052631578948,1,PSI-69,experiment,microgravity
32,182F002,11/13/09,19:04:33,Heptane,771.0,0.3,0.7,0.0,0.0,3.07,,0.68,14.0,Completion,False,1.0144736842105264,0,PSI-69,experiment,microgravity
33,177R002,11/27/09,10:02:15,Methanol,764.5,0.21,0.79,0.0,0.0,2.62,1.25,0.48,11.4,Extinction,False,1.005921052631579,1,PSI-69,experiment,microgravity
34,177F001,11/27/09,11:15:38,Methanol,767.7,0.21,0.79,0.0,0.0,3.89,2.0,0.44,27.3,Extinction,False,1.0101315789473684,1,PSI-69,experiment,microgravity
35,181F001,11/27/09,13:01:24,Heptane,768.1,0.21,0.79,0.0,0.0,3.85,3.34,0.43,8.9,Extinction,False,1.010657894736842,1,PSI-69,experiment,microgravity
36,190R002,12/15/09,10:39:35,Methanol,539.0,0.2,0.8,0.0,0.0,2.4,1.67,0.45,7.1,Extinction,False,0.7092105263157895,1,PSI-69,experiment,microgravity
45,206R001,1/11/2010,10:54:25,Methanol,768.3,0.3,0.7,0.0,0.0,2.42,1.01,0.73,6.6,Extinction,False,1.0109210526315788,1,PSI-69,experiment,microgravity
47,209F001,1/12/2010,15:48:17,Heptane,770.1,0.21,0.79,0.0,0.0,3.36,,0.5,17.1,Completion,False,1.0132894736842106,0,PSI-69,experiment,microgravity
49,209F003,1/19/2010,9:09:16,Heptane,764.9,0.21,0.79,0.0,0.0,3.46,2.78,0.59,8.6,Extinction,False,1.0064473684210526,1,PSI-69,experiment,microgravity
50,209F004,1/19/2010,14:08:17,Heptane,770.1,0.21,0.79,0.0,0.0,3.57,2.98,0.52,8.4,Extinction,False,1.0132894736842106,1,PSI-69,experiment,microgravity
51,209F005,1/19/2010,16:38:35,Heptane,771.4,0.21,0.79,0.0,0.0,2.41,0.0,0.65,8.2,Completion,False,1.015,0,PSI-69,experiment,microgravity
54,190F003,1/29/2010,11:27:01,Methanol,541.4,0.2,0.8,0.0,0.0,3.56,,0.41,29.0,Extinction,False,0.7123684210526315,1,PSI-69,experiment,microgravity
56,194F001,1/29/2010,19:13:22,Heptane,544.1,0.2,0.79,0.0,0.0,3.56,3.04,0.44,7.9,Completion,False,0.715921052631579,0,PSI-69,experiment,microgravity
57,303F001,1/29/2010,19:50:16,Heptane,544.4,0.2,0.79,0.0,0.0,3.1,2.49,0.54,6.8,Extinction,False,0.7163157894736841,1,PSI-69,experiment,microgravity
58,176F001,2/4/2010,2:32:01,Methanol,773.3,0.18,0.82,0.0,0.0,3.69,,0.42,29.1,Extinction,False,1.0174999999999998,1,PSI-69,experiment,microgravity
59,176R001,2/4/2010,0:26:28,Methanol,769.2,0.18,0.82,0.0,0.0,2.93,1.39,0.43,17.7,Extinction,False,1.0121052631578948,1,PSI-69,experiment,microgravity
60,204F001,2/4/2010,3:26:05,Methanol,773.7,0.18,0.82,0.0,0.0,3.43,,0.45,23.2,Extinction,False,1.0180263157894738,1,PSI-69,experiment,microgravity
61,204R001,2/4/2010,3:52:39,Methanol,774.1,0.18,0.82,0.0,0.0,3.68,2.0,0.41,25.7,Extinction,False,1.0185526315789475,1,PSI-69,experiment,microgravity
62,301F001,3/11/2010,21:37:48,Heptane,761.8,0.18,0.82,0.0,0.0,3.43,3.17,0.39,4.8,Extinction,False,1.0023684210526316,1,PSI-69,experiment,microgravity
63,301F002,3/11/2010,23:07:51,Heptane,767.6,0.18,0.81,0.0,0.0,2.15,0.0,0.51,9.6,Completion,False,1.01,0,PSI-69,experiment,microgravity
64,302F001,3/11/2010,22:12:39,Heptane,764.6,0.18,0.81,0.0,0.0,2.69,2.07,0.6,5.5,Extinction,False,1.0060526315789473,1,PSI-69,experiment,microgravity
65,189R001,3/19/2010,8:42:53,Methanol,765.9,0.15,0.85,0.0,0.0,3.37,,0.4,24.3,Extinction,False,1.0077631578947368,1,PSI-69,experiment,microgravity
66,189F001,3/19/2010,9:26:45,Methanol,766.8,0.15,0.85,0.0,0.0,2.52,1.32,0.38,12.9,Extinction,False,1.0089473684210526,1,PSI-69,experiment,microgravity
67,189F002,3/19/2010,10:17:06,Methanol,767.7,0.15,0.85,0.0,0.0,3.97,3.3,0.36,14.4,Extinction,False,1.0101315789473684,1,PSI-69,experiment,microgravity
68,189R003,3/19/2010,12:04:45,Methanol,768.8,0.15,0.84,0.0,0.0,2.38,1.29,0.39,10.7,Extinction,False,1.011578947368421,1,PSI-69,experiment,microgravity
69,193R002,3/23/2010,10:23:00,Heptane,767.1,0.14,0.84,0.0,0.0,1.1,0.0,0.94,1.3,Completion,False,1.009342105263158,0,PSI-69,experiment,microgravity
70,193F001,3/23/2010,7:25:43,Heptane,761.0,0.15,0.84,0.0,0.0,4.67,4.6,0.41,1.6,Extinction,False,1.0013157894736842,1,PSI-69,experiment,microgravity
71,189R002,3/19/2010,11:19:22,Methanol,768.3,0.15,0.84,0.0,0.0,2.25,,0.4,8.4,Extinction,False,1.0109210526315788,1,PSI-69,experiment,microgravity
72,193R001,3/23/2010,9:06:37,Heptane,765.2,0.15,0.84,0.0,0.0,1.13,,0.52,2.5,Completion,False,1.006842105263158,0,PSI-69,experiment,microgravity
73,193F001,3/23/2010,7:25:43,Heptane,761.0,0.15,0.84,0.0,0.0,4.64,4.58,0.56,1.5,Extinction,False,1.0013157894736842,1,PSI-69,experiment,microgravity
74,221F001,3/23/2010,9:44:36,Heptane,765.9,0.15,0.84,0.0,0.0,1.33,,0.77,2.3,Completion,False,1.0077631578947368,0,PSI-69,experiment,microgravity
75,203R002,3/29/2010,21:06:40,Methanol,770.8,0.13,0.85,0.0,0.0,2.54,1.78,0.37,9.1,Extinction,False,1.0142105263157895,1,PSI-69,experiment,microgravity
76,203F001,3/29/2010,19:24:36,Methanol,769.5,0.13,0.85,0.0,0.0,3.21,2.78,0.37,8.9,Extinction,False,1.0125,1,PSI-69,experiment,microgravity
77,175R001,3/29/2010,18:39:20,Methanol,768.4,0.14,0.85,0.0,0.0,3.33,2.91,0.34,8.5,Extinction,False,1.0110526315789474,1,PSI-69,experiment,microgravity
78,175F001,3/29/2010,17:49:23,Methanol,766.0,0.14,0.85,0.0,0.0,2.66,1.66,0.35,12.9,Extinction,False,1.0078947368421052,1,PSI-69,experiment,microgravity
79,179F001,3/30/2010,0:40:16,Heptane,768.1,0.13,0.85,0.0,0.0,2.92,2.86,0.25,1.5,Extinction,False,1.010657894736842,1,PSI-69,experiment,microgravity
80,207F001,3/30/2010,2:29:19,Heptane,770.0,0.13,0.85,0.0,0.0,,,,1.0,Extinction,False,1.013157894736842,1,PSI-69,experiment,microgravity
81,207F002,3/30/2010,3:59:28,Heptane,770.2,0.13,0.85,0.0,0.0,,,,1.5,Extinction,False,1.013421052631579,1,PSI-69,experiment,microgravity
82,304F001,4/19/2010,17:19:17,Methanol,764.6,0.13,0.87,0.0,0.0,2.84,2.39,0.35,7.5,Extinction,False,1.0060526315789473,1,PSI-69,experiment,microgravity
83,304F002,4/19/2010,21:18:05,Methanol,772.0,0.12,0.87,0.0,0.0,,,,5.45,Extinction,False,1.0157894736842106,1,PSI-69,experiment,microgravity
84,304R001,4/19/2010,17:51:24,Methanol,767.2,0.12,0.87,0.0,0.0,2.35,1.42,0.35,10.8,Extinction,False,1.0094736842105263,1,PSI-69,experiment,microgravity
85,304R002,4/19/2010,20:12:58,Methanol,771.2,0.12,0.87,0.0,0.0,2.4,1.77,0.35,9.3,Extinction,False,1.0147368421052632,1,PSI-69,experiment,microgravity
86,305F002,4/19/2010,19:16:37,Methanol,770.0,0.12,0.87,0.0,0.0,3.07,2.56,0.35,9.0,Extinction,False,1.013157894736842,1,PSI-69,experiment,microgravity
87,305F003,4/19/2010,20:38:54,Methanol,771.2,0.12,0.87,0.0,0.0,2.64,1.92,0.38,9.3,Extinction,False,1.0147368421052632,1,PSI-69,experiment,microgravity
94,C08H101,6/15/2010,2:10:43,Heptane,533.6,0.24,0.56,0.2,0.0,3.53,2.76,0.51,10.1,Extinction,False,0.7021052631578948,1,PSI-69,experiment,microgravity
95,C08H201,6/15/2010,3:22:41,Heptane,534.4,0.24,0.56,0.2,0.0,3.6,3.04,0.58,8.0,Extinction,False,0.7031578947368421,1,PSI-69,experiment,microgravity
97,C08M101,6/16/2010,22:43:35,Methanol,534.2,0.23,0.56,0.2,0.0,4.25,2.6,0.45,26.5,Completion,False,0.7028947368421053,0,PSI-69,experiment,microgravity
98,C09M201,6/21/2010,14:21:26,Methanol,537.1,0.23,0.52,0.25,0.0,3.64,1.74,0.47,22.9,Extinction,False,0.7067105263157895,1,PSI-69,experiment,microgravity
99,C09M101,6/21/2010,12:57:34,Methanol,535.0,0.23,0.52,0.25,0.0,4.28,2.32,0.42,33.0,Extinction,False,0.7039473684210527,1,PSI-69,experiment,microgravity
100,C09H101,6/29/2010,8:30:46,Heptane,536.7,0.23,0.52,0.25,0.0,4.14,3.98,0.34,6.1,Extinction,False,0.7061842105263159,1,PSI-69,experiment,microgravity
101,C09H201,6/29/2010,9:38:10,Heptane,538.7,0.23,0.52,0.25,0.0,3.88,3.45,0.5,6.5,Extinction,False,0.7088157894736843,1,PSI-69,experiment,microgravity
102,C10H101,6/29/2010,11:21:09,Heptane,534.2,0.21,0.49,0.3,0.0,3.57,3.43,0.33,4.2,Extinction,False,0.7028947368421053,1,PSI-69,experiment,microgravity
103,C10H201,6/29/2010,11:56:02,Heptane,534.3,0.21,0.49,0.3,0.0,4.0,3.88,0.35,3.2,Extinction,False,0.7030263157894736,1,PSI-69,experiment,microgravity
104,C08M201,6/16/2010,23:04:00,Methanol,534.1,0.23,0.56,0.2,0.0,3.6,1.58,0.49,23.2,Extinction,False,0.7027631578947369,1,PSI-69,experiment,microgravity
108,C09M301,6/21/2010,15:35:57,Methanol,538.3,0.23,0.52,0.25,0.0,3.75,,0.47,24.3,Completion,False,0.7082894736842105,0,PSI-69,experiment,microgravity
109,C10M102,8/31/2010,5:38:01,Methanol,536.5,0.21,0.49,0.3,0.0,3.56,1.92,0.42,,Extinction,False,0.7059210526315789,1,PSI-69,experiment,microgravity
110,C10M201,8/31/2010,7:16:40,Methanol,537.0,0.21,0.49,0.3,0.0,2.83,1.57,0.45,13.0,Extinction,False,0.7065789473684211,1,PSI-69,experiment,microgravity
111,C10M303,8/31/2010,8:58:24,Methanol,536.9,0.21,0.49,0.3,0.0,3.37,2.1,0.45,16.4,Completion,False,0.7064473684210526,0,PSI-69,experiment,microgravity
112,C10M401,9/1/2010,15:27:44,Methanol,530.7,0.21,0.49,0.3,0.0,3.99,2.35,0.43,25.2,Completion,False,0.6982894736842106,0,PSI-69,experiment,microgravity
113,C11M101,9/1/2010,19:17:58,Methanol,534.6,0.2,0.45,0.35,0.0,4.2,2.85,0.49,18.2,Extinction,False,0.703421052631579,1,PSI-69,experiment,microgravity
114,C11M201,9/6/2010,19:14:22,Methanol,,0.2,0.45,0.35,0.0,3.23,1.68,0.42,18.9,Extinction,False,,1,PSI-69,experiment,microgravity
115,C11M301,9/1/2010,20:40:16,Methanol,535.8,0.2,0.45,0.35,0.0,3.97,2.61,0.41,22.9,Extinction,False,0.705,1,PSI-69,experiment,microgravity
116,C11M401,9/1/2010,20:57:41,Methanol,536.3,0.2,0.45,0.35,0.0,3.16,1.57,0.46,16.9,Extinction,False,0.705657894736842,1,PSI-69,experiment,microgravity
117,C11H101,9/6/2010,18:14:53,Heptane,531.1,0.2,0.45,0.35,0.0,3.84,3.77,0.25,2.4,Extinction,False,0.6988157894736843,1,PSI-69,experiment,microgravity
118,C11H201,9/6/2010,19:14:22,Heptane,532.8,0.2,0.44,0.35,0.0,3.03,2.93,0.38,2.5,Extinction,False,0.7010526315789473,1,PSI-69,experiment,microgravity
119,C12H103,9/7/2010,1:50:01,Heptane,532.6,0.18,0.42,0.4,0.0,2.6,2.48,0.37,1.3,Extinction,False,0.7007894736842105,1,PSI-69,experiment,microgravity
120,C12H201,9/7/2010,1:08:26,Heptane,532.5,0.18,0.42,0.4,0.0,2.45,2.39,0.38,1.43,Extinction,False,0.7006578947368421,1,PSI-69,experiment,microgravity
121,C12M101,9/8/2010,19:21:31,Methanol,526.3,0.18,0.42,0.4,0.0,4.25,3.92,0.34,8.0,Extinction,False,0.6924999999999999,1,PSI-69,experiment,microgravity
122,C12M201,9/8/2010,21:44:37,Methanol,531.2,0.18,0.42,0.4,0.0,3.46,2.58,0.41,13.9,Extinction,False,0.6989473684210527,1,PSI-69,experiment,microgravity
123,C12M301,9/8/2010,22:16:51,Methanol,532.0,0.18,0.42,0.4,0.0,4.13,3.79,0.35,8.7,Extinction,False,0.7,1,PSI-69,experiment,microgravity
124,C12M401,9/8/2010,22:45:54,Methanol,532.4,0.18,0.42,0.4,0.0,2.87,2.74,0.3,2.4,Extinction,False,0.7005263157894737,1,PSI-69,experiment,microgravity
125,C13M103,9/13/2010,21:07:02,Methanol,537.2,0.17,0.38,0.45,0.0,3.63,3.37,0.35,5.7,Extinction,False,0.7068421052631579,1,PSI-69,experiment,microgravity
126,C13M201,9/13/2010,18:11:39,Methanol,536.1,0.17,0.38,0.45,0.0,2.8,1.84,0.4,11.7,Extinction,False,0.7053947368421053,1,PSI-69,experiment,microgravity
127,C13M301,9/13/2010,19:22:49,Methanol,536.7,0.17,0.38,0.45,0.0,3.22,2.53,0.38,11.0,Extinction,False,0.7061842105263159,1,PSI-69,experiment,microgravity
128,C13M401,9/13/2010,19:49:24,Methanol,537.3,0.17,0.38,0.45,0.0,2.91,,0.39,11.5,Extinction,False,0.7069736842105263,1,PSI-69,experiment,microgravity
129,C13H102,9/17/2010,1:32:49,Heptane,536.2,0.17,0.38,0.45,0.0,3.33,3.34,0.33,0.55,Extinction,False,0.7055263157894738,1,PSI-69,experiment,microgravity
130,C13H201,9/17/2010,3:55:59,Heptane,537.2,0.17,0.38,0.45,0.0,2.91,2.89,0.05,0.6,Extinction,False,0.7068421052631579,1,PSI-69,experiment,microgravity
134,C21H401,10/6/2010,14:57:06,Heptane,767.2,0.24,0.56,0.2,0.0,3.66,2.88,0.56,9.2,Extinction,False,1.0094736842105263,1,PSI-69,experiment,microgravity
135,C21H501,10/6/2010,16:22:15,Heptane,768.2,0.24,0.56,0.2,0.0,2.78,0.0,0.59,10.8,Completion,False,1.0107894736842107,0,PSI-69,experiment,microgravity
136,C21H302,10/6/2010,17:30:58,Heptane,768.1,0.24,0.56,0.2,0.0,3.08,,0.51,17.0,Completion,False,1.010657894736842,0,PSI-69,experiment,microgravity
140,C14M101,11/4/2010,16:52:39,Methanol,533.5,0.15,0.35,0.5,0.0,3.98,3.95,0.2,1.3,Extinction,False,0.7019736842105263,1,PSI-69,experiment,microgravity
141,C14M201,11/4/2010,18:07:51,Methanol,534.1,0.15,0.35,0.5,0.0,2.86,2.73,0.3,2.3,Extinction,False,0.7027631578947369,1,PSI-69,experiment,microgravity
142,C14M301,11/4/2010,19:11:39,Methanol,534.5,0.15,0.35,0.5,0.0,1.86,1.48,0.39,3.4,Extinction,False,0.7032894736842106,1,PSI-69,experiment,microgravity
143,C14M302,11/4/2010,20:19:22,Methanol,534.7,0.15,0.35,0.5,0.0,2.25,2.06,0.36,2.7,Extinction,False,0.7035526315789474,1,PSI-69,experiment,microgravity
144,C01M101,11/16/10,9:42:08,Methanol,761.9,0.2,0.75,0.05,0.0,3.53,1.53,0.45,23.8,Extinction,False,1.0025,1,PSI-69,experiment,microgravity
145,C01M201,11/16/10,10:21:24,Methanol,763.5,0.2,0.75,0.05,0.0,3.33,1.61,0.45,20.0,Extinction,False,1.0046052631578948,1,PSI-69,experiment,microgravity
146,C01M301,11/16/10,10:54:23,Methanol,765.5,0.2,0.75,0.05,0.0,4.35,1.95,0.41,39.2,Extinction,False,1.007236842105263,1,PSI-69,experiment,microgravity
147,C13M102,9/13/2010,17:35:49,Methanol,535.7,0.17,0.38,0.45,0.0,3.02,2.49,0.4,7.8,Extinction,False,0.7048684210526316,1,PSI-69,experiment,microgravity
150,C01H302,11/18/10,10:17:02,Heptane,767.6,0.2,0.75,0.05,0.0,3.18,2.54,0.46,8.0,Extinction,False,1.01,1,PSI-69,experiment,microgravity
151,C03M101,12/8/2010,18:31:22,Methanol,762.5,0.18,0.67,0.15,0.0,3.86,,0.36,31.3,Completion,False,1.0032894736842106,0,PSI-69,experiment,microgravity
152,C03M201,12/8/2010,20:10:32,Methanol,765.0,0.18,0.67,0.15,0.0,3.33,1.23,0.43,23.2,Extinction,False,1.006578947368421,1,PSI-69,experiment,microgravity
153,C03M301,12/8/2010,21:08:17,Methanol,765.6,0.18,0.67,0.15,0.0,2.78,1.19,0.42,15.7,Extinction,False,1.0073684210526317,1,PSI-69,experiment,microgravity
154,C03H101,12/9/2010,16:02:14,Heptane,762.3,0.18,0.67,0.15,0.0,3.7,3.6,0.34,2.2,Extinction,False,1.0030263157894737,1,PSI-69,experiment,microgravity
155,C03H201,12/9/2010,17:49:08,Heptane,764.9,0.18,0.67,0.15,0.0,2.73,2.52,0.39,2.7,Extinction,False,1.0064473684210526,1,PSI-69,experiment,microgravity
156,C03H401,12/9/2010,19:12:27,Heptane,765.7,0.18,0.67,0.15,0.0,1.34,0.45,0.48,3.2,Completion,False,1.0075,0,PSI-69,experiment,microgravity
157,C05M101,12/14/10,13:41:00,Methanol,762.1,0.16,0.59,0.25,0.0,4.24,3.96,0.3,7.6,Extinction,False,1.002763157894737,1,PSI-69,experiment,microgravity
158,C05M201,12/14/10,14:30:46,Methanol,764.4,0.16,0.59,0.25,0.0,3.7,3.22,0.37,10.1,Extinction,False,1.0057894736842106,1,PSI-69,experiment,microgravity
159,C05M301,12/14/10,15:17:59,Methanol,765.5,0.16,0.59,0.25,0.0,2.71,1.34,0.38,14.9,Extinction,False,1.007236842105263,1,PSI-69,experiment,microgravity
160,C05M401,12/14/10,17:51:58,Methanol,767.6,0.16,0.59,0.25,0.0,2.77,1.52,0.38,14.8,Extinction,False,1.01,1,PSI-69,experiment,microgravity
161,C06M101,12/28/10,11:41:39,Methanol,763.3,0.15,0.54,0.32,0.0,3.72,3.5,0.28,6.0,Extinction,False,1.0043421052631578,1,PSI-69,experiment,microgravity
162,C06M201,12/28/10,12:05:23,Methanol,764.4,0.15,0.53,0.32,0.0,3.05,2.54,0.37,8.5,Extinction,False,1.0057894736842106,1,PSI-69,experiment,microgravity
163,C06M301,12/28/10,13:00:43,Methanol,765.9,0.15,0.53,0.32,0.0,2.59,1.63,0.37,11.6,Extinction,False,1.0077631578947368,1,PSI-69,experiment,microgravity
164,C06M401,12/28/10,13:36:43,Methanol,766.1,0.15,0.53,0.32,0.0,2.59,1.79,0.42,8.9,Extinction,False,1.0080263157894738,1,PSI-69,experiment,microgravity
165,C03H302,12/9/2010,18:51:34,Heptane,765.4,0.18,0.67,0.15,0.0,1.96,1.39,0.54,3.9,Extinction,False,1.0071052631578947,1,PSI-69,experiment,microgravity
166,C07M101,1/12/2011,21:56:45,Methanol,760.8,0.14,0.5,0.36,0.0,3.22,3.08,0.28,3.4,Extinction,False,1.0010526315789474,1,PSI-69,experiment,microgravity
167,C07M201,1/12/2011,22:11:40,Methanol,761.6,0.14,0.5,0.36,0.0,2.32,1.84,0.37,5.9,Extinction,False,1.0021052631578948,1,PSI-69,experiment,microgravity
169,C15M201,1/18/2011,14:19:29,Methanol,766.1,0.21,0.64,0.15,0.0,3.05,1.28,0.51,16.7,Extinction,False,1.0080263157894738,1,PSI-69,experiment,microgravity
170,C15M301,1/18/2011,15:58:46,Methanol,766.7,0.21,0.64,0.15,0.0,3.53,1.59,0.46,23.6,Extinction,False,1.0088157894736842,1,PSI-69,experiment,microgravity
171,C03H501,2/21/2011,17:56:40,Heptane,759.9,0.18,0.67,0.15,0.0,3.74,3.68,0.35,2.8,Extinction,False,0.9998684210526315,1,PSI-69,experiment,microgravity
172,C03H601,2/21/2011,19:07:48,Heptane,762.0,0.18,0.67,0.15,0.0,2.4,1.96,0.46,4.4,Extinction,False,1.0026315789473683,1,PSI-69,experiment,microgravity
176,C08M501,4/18/2011,20:27:36,Methanol,536.9,0.24,0.56,0.2,0.0,4.53,,0.46,38.2,Extinction,False,0.7064473684210526,1,PSI-69,experiment,microgravity
177,C08M601,4/18/2011,20:52:24,Methanol,537.0,0.24,0.56,0.2,0.0,3.02,1.35,0.52,14.5,Extinction,False,0.7065789473684211,1,PSI-69,experiment,microgravity
178,C09H501,4/20/2011,17:56:25,Heptane,533.6,0.23,0.52,0.25,0.0,3.32,2.61,0.5,8.9,Extinction,False,0.7021052631578948,1,PSI-69,experiment,microgravity
180,C02H101,4/20/2011,20:00:24,Heptane,758.4,0.19,0.71,0.1,0.0,3.4,3.13,0.41,4.5,Extinction,False,0.9978947368421053,1,PSI-69,experiment,microgravity
181,C02H201,4/20/2011,21:14:08,Heptane,759.1,0.19,0.71,0.1,0.0,2.48,1.68,0.49,7.0,Extinction,False,0.9988157894736842,1,PSI-69,experiment,microgravity
183,C09M501,8/8/2011,13:14:11,Methanol,534.4,0.23,0.52,0.25,0.0,3.72,,0.53,26.2,Extinction,False,0.7031578947368421,1,PSI-69,experiment,microgravity
184,C09M502,8/8/2011,13:30:14,Methanol,535.1,0.23,0.52,0.25,0.0,3.42,,0.51,15.8,Extinction,False,0.7040789473684211,1,PSI-69,experiment,microgravity
185,C09M601,8/8/2011,13:42:04,Methanol,535.2,0.23,0.52,0.25,0.0,2.8,1.33,0.51,12.7,Extinction,False,0.7042105263157895,1,PSI-69,experiment,microgravity
186,C09M701,8/8/2011,14:52:15,Methanol,536.2,0.23,0.52,0.25,0.0,2.47,1.21,0.52,9.2,Extinction,False,0.7055263157894738,1,PSI-69,experiment,microgravity
187,C02M101,8/8/2011,16:16:48,Methanol,758.0,0.19,0.71,0.1,0.0,3.38,1.29,0.47,21.8,Extinction,False,0.9973684210526316,1,PSI-69,experiment,microgravity
188,C02M201,8/8/2011,17:49:19,Methanol,758.1,0.19,0.71,0.1,0.0,2.47,1.08,0.46,11.0,Extinction,False,0.9975,1,PSI-69,experiment,microgravity
189,C03M501,8/9/2011,10:53:21,Methanol,761.2,0.18,0.67,0.15,0.0,3.77,1.78,0.42,30.5,Extinction,False,1.0015789473684211,1,PSI-69,experiment,microgravity
190,C03M601,8/9/2011,12:28:41,Methanol,764.6,0.18,0.67,0.15,0.0,2.74,0.95,0.5,14.0,Extinction,False,1.0060526315789473,1,PSI-69,experiment,microgravity
191,C03M701,8/9/2011,12:46:53,Methanol,765.3,0.18,0.67,0.15,0.0,1.76,0.81,0.46,5.5,Extinction,False,1.0069736842105264,1,PSI-69,experiment,microgravity
192,C04M101,8/9/2011,17:07:27,Methanol,759.5,0.17,0.63,0.2,0.0,3.46,,0.39,21.8,Extinction,False,0.9993421052631579,1,PSI-69,experiment,microgravity
193,C04M201,8/9/2011,18:26:45,Methanol,759.1,0.17,0.63,0.2,0.0,2.77,1.27,0.4,15.6,Extinction,False,0.9988157894736842,1,PSI-69,experiment,microgravity
194,C04H101,8/17/2011,22:31:20,Heptane,752.0,0.17,0.63,0.2,0.0,3.76,3.71,0.29,1.6,Extinction,False,0.9894736842105263,1,PSI-69,experiment,microgravity
195,C04H201,8/17/2011,22:53:58,Heptane,752.5,0.17,0.63,0.2,0.0,2.9,2.79,0.36,1.9,Extinction,False,0.9901315789473685,1,PSI-69,experiment,microgravity
196,C01H501,8/18/2011,0:24:31,Heptane,758.4,0.2,0.75,0.05,0.0,3.06,2.28,0.52,8.9,Extinction,False,0.9978947368421053,1,PSI-69,experiment,microgravity
197,C01H601,8/18/2011,1:38:10,Heptane,759.8,0.2,0.75,0.05,0.0,3.04,2.33,0.49,8.1,Extinction,False,0.9997368421052631,1,PSI-69,experiment,microgravity
199,C01M501,8/24/2011,15:07:47,Methanol,754.0,0.2,0.75,0.05,0.0,3.37,0.98,0.49,21.0,Extinction,False,0.9921052631578947,1,PSI-69,experiment,microgravity
200,C01M602,8/24/2011,15:56:17,Methanol,756.1,0.2,0.75,0.05,0.0,2.57,1.13,0.47,11.7,Extinction,False,0.9948684210526316,1,PSI-69,experiment,microgravity
201,C01M603,8/24/2011,16:18:58,Methanol,756.9,0.2,0.75,0.05,0.0,2.4,1.05,0.48,10.2,Extinction,False,0.9959210526315789,1,PSI-69,experiment,microgravity
202,N01M101,8/24/2011,21:05:01,Methanol,760.2,0.21,0.79,0.0,0.0,3.3,1.42,0.47,19.5,Extinction,False,1.000263157894737,1,PSI-69,experiment,microgravity
203,N01M201,8/24/2011,21:58:36,Methanol,761.6,0.21,0.79,0.0,0.0,2.75,1.11,0.52,12.8,Extinction,False,1.0021052631578948,1,PSI-69,experiment,microgravity
207,N01H202,8/29/2011,21:54:40,Heptane,762.7,0.21,0.79,0.0,0.0,2.72,1.13,0.54,11.5,Completion,False,1.0035526315789474,0,PSI-69,experiment,microgravity
208,N01H301,8/29/2011,22:19:47,Heptane,762.9,0.21,0.79,0.0,0.0,2.92,,0.69,12.8,Completion,False,1.003815789473684,0,PSI-69,experiment,microgravity
209,N02H101,8/29/2011,23:36:18,Heptane,759.8,0.16,0.84,0.0,0.0,3.34,3.18,0.34,3.4,Extinction,False,0.9997368421052631,1,PSI-69,experiment,microgravity
210,N02H201,8/29/2011,23:51:11,Heptane,759.8,0.16,0.84,0.0,0.0,,,,,Extinction,False,0.9997368421052631,1,PSI-69,experiment,microgravity
211,N02H203,8/30/2011,0:58:06,Heptane,759.9,0.16,0.84,0.0,0.0,2.52,2.13,0.42,4.5,Extinction,False,0.9998684210526315,1,PSI-69,experiment,microgravity
212,N03H101,9/1/2011,19:44:42,Heptane,764.0,0.15,0.85,0.0,0.0,2.55,2.31,0.37,3.4,Extinction,False,1.0052631578947369,1,PSI-69,experiment,microgravity
213,N04H101,9/1/2011,22:54:16,Heptane,759.8,0.14,0.86,0.0,0.0,4.16,4.15,0.24,1.6,Extinction,False,0.9997368421052631,1,PSI-69,experiment,microgravity
214,N04H201,9/1/2011,23:17:17,Heptane,759.9,0.14,0.86,0.0,0.0,1.83,,0.39,3.8,Extinction,False,0.9998684210526315,1,PSI-69,experiment,microgravity
215,N04M101,9/8/2011,17:00:27,Methanol,757.6,0.14,0.86,0.0,0.0,3.5,,0.3,26.0,Extinction,False,0.996842105263158,1,PSI-69,experiment,microgravity
216,N04M201,9/8/2011,17:21:15,Methanol,758.3,0.14,0.86,0.0,0.0,2.67,1.27,0.38,15.6,Extinction,False,0.9977631578947368,1,PSI-69,experiment,microgravity
217,N05M101,9/8/2011,19:00:48,Methanol,759.4,0.13,0.87,0.0,0.0,3.46,2.96,0.36,9.5,Extinction,False,0.9992105263157894,1,PSI-69,experiment,microgravity
218,N05M201,9/8/2011,20:24:20,Methanol,760.6,0.13,0.87,0.0,0.0,2.75,1.46,0.35,16.3,Extinction,False,1.0007894736842105,1,PSI-69,experiment,microgravity
219,N06M101,9/9/2011,13:09:53,Methanol,761.6,0.12,0.88,0.0,0.0,2.6,2.09,0.36,6.9,Extinction,False,1.0021052631578948,1,PSI-69,experiment,microgravity
220,N06M201,9/9/2011,13:28:43,Methanol,761.9,0.12,0.88,0.0,0.0,1.94,1.05,0.35,7.8,Extinction,False,1.0025,1,PSI-69,experiment,microgravity
221,N06M202,9/9/2011,14:26:07,Methanol,763.7,0.12,0.88,0.0,0.0,1.84,1.04,0.38,6.0,Extinction,False,1.0048684210526317,1,PSI-69,experiment,microgravity
222,H01M102,9/9/2011,17:41:47,Methanol,759.2,0.2,0.75,0.0,0.05,2.91,1.12,0.51,14.4,Extinction,False,0.9989473684210527,1,PSI-69,experiment,microgravity
223,H01M104,9/9/2011,18:27:14,Methanol,759.6,0.2,0.75,0.0,0.05,,,,6.0,Extinction,True,0.9994736842105263,1,PSI-69,experiment,microgravity
224,H01H102,9/13/2011,11:55:40,Heptane,755.3,0.2,0.75,0.0,0.05,2.25,,0.57,9.0,Completion,True,0.9938157894736841,0,PSI-69,experiment,microgravity
225,H02M101,9/21/2011,22:28:54,Methanol,753.4,0.19,0.71,0.0,0.1,2.78,,0.57,12.5,Extinction,False,0.9913157894736842,1,PSI-69,experiment,microgravity
226,H03M101,9/22/2011,0:02:52,Methanol,759.2,0.18,0.67,0.0,0.15,2.79,1.3,0.51,12.5,Extinction,False,0.9989473684210527,1,PSI-69,experiment,microgravity
227,H03M201,9/22/2011,0:44:55,Methanol,760.3,0.18,0.67,0.0,0.15,2.95,1.67,0.53,11.7,Extinction,False,1.0003947368421051,1,PSI-69,experiment,microgravity
228,N01H401,9/23/2011,23:18:09,Heptane,767.4,0.21,0.79,0.0,0.0,3.32,1.37,0.52,17.5,Extinction,False,1.009736842105263,1,PSI-69,experiment,microgravity
230,N01H601,9/24/2011,1:06:33,Heptane,769.2,0.21,0.79,0.0,0.0,3.65,2.85,0.57,9.6,Extinction,False,1.0121052631578948,1,PSI-69,experiment,microgravity
232,H03H101,9/27/2011,12:08:14,Heptane,763.7,0.18,0.67,0.0,0.15,3.52,3.28,0.41,4.1,Extinction,False,1.0048684210526317,1,PSI-69,experiment,microgravity
233,H03H201,9/27/2011,13:00:54,Heptane,765.9,0.18,0.67,0.0,0.15,2.3,,0.49,9.1,Completion,False,1.0077631578947368,0,PSI-69,experiment,microgravity
234,H03H202,9/27/2011,13:25:07,Heptane,766.5,0.18,0.67,0.0,0.15,2.27,,0.51,8.6,Completion,False,1.0085526315789475,0,PSI-69,experiment,microgravity
235,H04H101,9/27/2011,15:00:33,Heptane,759.3,0.17,0.63,0.0,0.2,2.85,2.6,0.46,3.2,Extinction,False,0.999078947368421,1,PSI-69,experiment,microgravity
236,H04H201,9/27/2011,15:12:24,Heptane,759.3,0.17,0.63,0.0,0.2,2.12,1.39,0.59,4.5,Extinction,False,0.999078947368421,1,PSI-69,experiment,microgravity
238,H04H303,9/27/2011,16:40:04,Heptane,759.8,0.17,0.63,0.0,0.2,1.61,,0.91,2.7,Completion,False,0.9997368421052631,0,PSI-69,experiment,microgravity
239,H04M101,10/1/2011,0:34:58,Methanol,754.2,0.17,0.63,0.0,0.2,2.99,,0.49,9.1,Extinction,False,0.9923684210526317,1,PSI-69,experiment,microgravity
240,H04M202,10/1/2011,1:21:41,Methanol,757.0,0.17,0.63,0.0,0.2,2.9,1.42,0.51,13.1,Extinction,False,0.9960526315789474,1,PSI-69,experiment,microgravity
241,H05M102,10/1/2011,2:58:40,Methanol,759.9,0.16,0.59,0.0,0.25,3.4,2.79,0.51,7.9,Extinction,False,0.9998684210526315,1,PSI-69,experiment,microgravity
242,H05M202,10/1/2011,4:26:52,Methanol,761.0,0.16,0.59,0.0,0.25,,,,5.0,Extinction,False,1.0013157894736842,1,PSI-69,experiment,microgravity
243,H05H103,10/5/2011,14:58:32,Heptane,757.9,0.16,0.59,0.0,0.25,1.49,0.69,0.6,2.9,Extinction,False,0.9972368421052631,1,PSI-69,experiment,microgravity
244,H06M102,10/7/2011,12:12:14,Methanol,755.6,0.15,0.55,0.0,0.3,3.67,3.47,0.43,3.6,Extinction,False,0.9942105263157895,1,PSI-69,experiment,microgravity
245,H06M201,10/7/2011,13:00:56,Methanol,756.7,0.15,0.55,0.0,0.3,2.52,2.06,0.56,4.0,Extinction,False,0.9956578947368422,1,PSI-69,experiment,microgravity
246,H07M101,10/7/2011,14:25:42,Methanol,759.2,0.14,0.51,0.0,0.35,2.44,2.26,0.56,1.5,Extinction,False,0.9989473684210527,1,PSI-69,experiment,microgravity
247,H07M202,10/7/2011,15:06:17,Methanol,759.8,0.14,0.51,0.0,0.35,1.88,1.73,0.58,1.0,Extinction,False,0.9997368421052631,1,PSI-69,experiment,microgravity
248,H08M101,10/11/11,12:11:56,Methanol,763.5,0.13,0.47,0.0,0.4,3.56,3.54,0.51,0.3,Extinction,False,1.0046052631578948,1,PSI-69,experiment,microgravity
249,H10H101,10/12/11,20:16:43,Heptane,534.0,0.24,0.56,0.0,0.2,3.78,2.52,0.72,12.2,Extinction,False,0.7026315789473684,1,PSI-69,experiment,microgravity
250,H11H101,10/12/11,21:58:55,Heptane,532.2,0.23,0.52,0.0,0.25,2.8,0.12,0.71,11.4,Completion,False,0.7002631578947369,0,PSI-69,experiment,microgravity
251,H10M101,11/18/11,14:48:10,Methanol,534.3,0.24,0.56,0.0,0.2,2.82,1.03,0.62,11.2,Extinction,False,0.7030263157894736,1,PSI-69,experiment,microgravity
253,H11M101,11/18/11,16:59:20,Methanol,531.7,0.23,0.52,0.0,0.25,2.45,0.86,0.6,8.3,Extinction,False,0.6996052631578948,1,PSI-69,experiment,microgravity
255,H12M101,11/18/11,18:53:50,Methanol,531.9,0.21,0.49,0.0,0.3,3.22,,0.56,10.4,Extinction,False,0.6998684210526316,1,PSI-69,experiment,microgravity
256,H12M102,11/18/11,21:29:35,Methanol,531.2,0.21,0.49,0.0,0.3,3.25,1.78,0.65,12.1,Extinction,False,0.6989473684210527,1,PSI-69,experiment,microgravity
257,H12M201,11/18/11,21:53:16,Methanol,531.2,0.21,0.49,0.0,0.3,2.67,1.42,0.7,7.6,Extinction,False,0.6989473684210527,1,PSI-69,experiment,microgravity
258,H12H101,11/22/11,13:04:17,Heptane,529.6,0.21,0.49,0.0,0.3,3.23,2.33,0.67,7.5,Extinction,False,0.6968421052631579,1,PSI-69,experiment,microgravity
259,H12H201,11/22/11,15:49:36,Heptane,529.0,0.21,0.49,0.0,0.3,2.86,0.71,0.7,11.0,Extinction,False,0.6960526315789474,1,PSI-69,experiment,microgravity
260,H13H101,11/22/11,20:40:42,Heptane,532.5,0.2,0.45,0.0,0.35,3.69,3.32,0.61,4.3,Extinction,False,0.7006578947368421,1,PSI-69,experiment,microgravity
261,H13H201,11/22/11,20:58:21,Heptane,532.0,0.2,0.45,0.0,0.35,3.08,1.69,0.67,5.4,Extinction,False,0.7,1,PSI-69,experiment,microgravity
262,H13M102,11/28/11,13:13:31,Methanol,527.6,0.2,0.45,0.0,0.35,3.87,2.24,0.6,17.4,Extinction,False,0.6942105263157895,1,PSI-69,experiment,microgravity
263,H13M201,11/28/11,13:24:55,Methanol,527.9,0.2,0.45,0.0,0.35,2.95,1.5,0.63,10.6,Extinction,False,0.6946052631578947,1,PSI-69,experiment,microgravity
264,H14M101,11/28/11,15:07:28,Methanol,532.4,0.18,0.42,0.0,0.4,3.5,2.67,0.59,7.8,Extinction,False,0.7005263157894737,1,PSI-69,experiment,microgravity
265,H14M201,11/28/11,15:35:38,Methanol,532.9,0.18,0.42,0.0,0.4,2.7,1.92,0.63,5.9,Extinction,False,0.7011842105263157,1,PSI-69,experiment,microgravity
266,H14M202,11/28/11,15:54:09,Methanol,533.2,0.18,0.42,0.0,0.4,1.84,1.3,0.62,2.3,Extinction,False,0.7015789473684211,1,PSI-69,experiment,microgravity
267,H14H101,11/30/11,8:39:18,Heptane,528.0,0.18,0.42,0.0,0.4,2.27,1.64,0.71,3.5,Extinction,False,0.6947368421052632,1,PSI-69,experiment,microgravity
268,H14H201,11/30/11,9:49:07,Heptane,530.3,0.18,0.42,0.0,0.4,1.86,0.84,0.77,3.5,Extinction,False,0.6977631578947368,1,PSI-69,experiment,microgravity
269,H15H101,11/30/11,11:30:51,Heptane,532.2,0.17,0.38,0.0,0.45,2.22,1.86,0.76,1.9,Extinction,False,0.7002631578947369,1,PSI-69,experiment,microgravity
270,H15H201,11/30/11,12:09:00,Heptane,532.5,0.17,0.38,0.0,0.45,1.61,0.91,1.06,1.4,Completion,False,0.7006578947368421,0,PSI-69,experiment,microgravity
271,H15M102,12/5/2011,22:54:10,Methanol,530.4,0.17,0.38,0.0,0.45,2.79,2.3,0.63,4.0,Extinction,False,0.6978947368421052,1,PSI-69,experiment,microgravity
272,H15M201,12/5/2011,23:39:04,Methanol,531.5,0.17,0.38,0.0,0.45,2.68,2.31,0.66,2.9,Extinction,False,0.6993421052631579,1,PSI-69,experiment,microgravity
273,H19H101,12/8/2011,22:29:44,Heptane,764.7,0.21,0.64,0.0,0.15,3.54,2.91,0.55,7.6,Extinction,False,1.006184210526316,1,PSI-69,experiment,microgravity
274,H19H201,12/8/2011,23:41:45,Heptane,766.2,0.21,0.64,0.0,0.15,2.82,0.73,0.65,11.7,Extinction,False,1.0081578947368421,1,PSI-69,experiment,microgravity
