path,bytes,sha256
combustion_science/ground_investigation/PSI-115/download (1).zip,264403484,f68f2e1d39f3b145a300e5fd2bde06fa2ec295d3d5b5ac3a3d1412f91c1f0730
combustion_science/ground_investigation/PSI-115/fields/10cmGravityNumDen.csv,3201231,c801ca102603b5b255aa9b02a8ee0fc8bfe3ae7fdd10e8a611a0c0c3beacf4da
combustion_science/ground_investigation/PSI-115/fields/10cmGravityPSD.csv,1136,20373fb231d46426282708ee167ddafce53c6d94f158705cf4388cdc17b7865f
combustion_science/ground_investigation/PSI-115/fields/10cmGravitySmoke.csv,4486942,d1001db1c3f1598fa3b838aa75e3a40172c5faefb075cd478f8b40e8da007ea1
combustion_science/ground_investigation/PSI-115/fields/10cmGravityU.csv,3921618,af854bea7f040831b158e267d1766f83a0d24a84fe7239fdbff7c49c2809582f
combustion_science/ground_investigation/PSI-115/fields/10cmGravityV.csv,4330736,5f56188705160ef1a3c34d3938bf6c2d1698413b7742078d790bfa76eaeb7973
combustion_science/ground_investigation/PSI-115/fields/10cmNoGravityNumDen.csv,3252205,6ab2703394f255b427bba1e8842c35e62136f9c693f291243b6c839654c0206e
combustion_science/ground_investigation/PSI-115/fields/10cmNoGravityPSD.csv,1146,45b347301d83127d4032110035a8d1fb3305988e195f9a0306764b048f5ea3bc
combustion_science/ground_investigation/PSI-115/fields/10cmNoGravitySmoke.csv,3601291,b1415574e46fbc1499a1f09bb2a2dc28ebc9fdde0864a461567906003e3df581
combustion_science/ground_investigation/PSI-115/fields/10cmNoGravityU.csv,3908402,64a1dd91ba0e216f21fc119a96bf5a9d5443bcafecc1fb9dc7fd3239ff5c8794
combustion_science/ground_investigation/PSI-115/fields/10cmNoGravityV.csv,4329517,05a59386fb43deeb97c1d7cca93ce8c08026c6a828ad445b61e5c9792e8a8ff0
combustion_science/ground_investigation/PSI-115/fields/8cmGravityDAM.csv,4888300,12b2e06c3d4f1e8bc9efc39085a73e4919fcba31226d711249d0e8668a2fc2ec
combustion_science/ground_investigation/PSI-115/fields/8cmGravityNS_PSD.csv,1136,5fd36cc764a19c2016be8e935c3ef38c8a5304f7abcbcc1b5d6a73d4561d3b2f
combustion_science/ground_investigation/PSI-115/fields/8cmGravityNucRate.csv,1834463,912a9e9e2c02f7486ffd389f27f593edf161d0ef5002b73135740b732a996f39
combustion_science/ground_investigation/PSI-115/fields/8cmGravityNumDen.csv,3198202,f014ab6f083968a125af0f7fda91a3cc92aba5df6abb918fecb8719d9699a3af
combustion_science/ground_investigation/PSI-115/fields/8cmGravityNumdenR.csv,3555604,4c25e4b4dab2864b418a8d385abdbc5d3b49be1fbd38a5dbff30975037fb9b66
combustion_science/ground_investigation/PSI-115/fields/8cmGravityPSD.csv,1135,5b2e2175ff12a955e3c68a0d50dff231f3715402320195bd84ce95b2e2f1a524
combustion_science/ground_investigation/PSI-115/fields/8cmGravitySmoke.csv,4517207,b915d2fb7aaeba4a7f9f456301b824af26dfd08c4abf4fdf341bfdbbc2369fc1
combustion_science/ground_investigation/PSI-115/fields/8cmGravitySpeciesMF.csv,4716463,ac00c8fae9e21be445b29207c1dd4ef6a4924ed96881d7f3ad774916b1c35b97
combustion_science/ground_investigation/PSI-115/fields/8cmGravityTemperature.csv,3893048,723dc93b2e288256566fc911846d6149e3defe14290c73804d5455ea52f713dc
combustion_science/ground_investigation/PSI-115/fields/8cmGravityU.csv,3938927,56c9b5e3f4bdc903f8b3e1995879fd0072a94561e4bc35af58479facf87fd671
combustion_science/ground_investigation/PSI-115/fields/8cmGravityuR.csv,3935687,f193070eb9d28a8ed77b277600040dbf3d3ed39d023661f7c7217c38cdf20195
combustion_science/ground_investigation/PSI-115/fields/8cmGravityV.csv,4279382,113dd8ebbbcc82d8c65f1558e6f931d5d6c6eee59820e242bd3e7bae285e6821
combustion_science/ground_investigation/PSI-115/fields/8cmGravityVort.csv,4177991,6f6627beeb31d869bbc692ef6301b3fb951dcb0448c958dbdc174e2c2e4c6cb1
combustion_science/ground_investigation/PSI-115/fields/8cmGravityvR.csv,4285316,121b558a329e715a8c9edb356b357a13ce0e88d575b9ebe049c79cc19a89a103
combustion_science/ground_investigation/PSI-115/fields/8cmNoGravityDAM.csv,4106561,7e8ab7a75ad1b43842c09d9e36650e2f783bfe888d64db3c8bb314a2bbeff3bd
combustion_science/ground_investigation/PSI-115/fields/8cmNoGravityNoTF_NumDen.csv,3277353,c4d8c99ad470f79739d65bfea3a3a5c8f8da24aeabef6ae19932ed10840eba02
combustion_science/ground_investigation/PSI-115/fields/8cmNoGravityNoTF_PSD.csv,1162,f1425e7ea02633bf2b44853949e91126721be6c24959f379851ecf59aecec44f
combustion_science/ground_investigation/PSI-115/fields/8cmNoGravityNoTF_u.csv,3904888,c26f1d3da0d32b1854644900921209a854b19af042b59b32feca5030fa282ac8
combustion_science/ground_investigation/PSI-115/fields/8cmNoGravityNoTF_v.csv,4327428,783a1a0155fc53b0fd95f7b4e3863c65210f59c59bbef3b1e97b82db1c3ee578
combustion_science/ground_investigation/PSI-115/fields/8cmNoGravityNucRate.csv,2358113,3c6e845225bd24874bf9290338334e3d72345dc7d670cafbd1cb7e3d13fac32f
combustion_science/ground_investigation/PSI-115/fields/8cmNoGravityNumDen.csv,3241642,45cbabeacb3dbe65f5b1bac04ad6463be731c38e817cab0f35bf82f401ac5b79
combustion_science/ground_investigation/PSI-115/fields/8cmNoGravityNumDenR.csv,3215766,7f7b44742886a002c201da7c1fe29709637599c9b48da25202282a9654f1e537
combustion_science/ground_investigation/PSI-115/fields/8cmNoGravityPSD.csv,1117,a22b38c71c894396e4e706684c7787bee528e218a45b66458f7ba335795ec3dc
combustion_science/ground_investigation/PSI-115/fields/8cmNoGravitySmoke.csv,3850638,9867cc4243bf80a4562c721315773dcf55e25cc38fb902e71fd4d9ea1876eebc
combustion_science/ground_investigation/PSI-115/fields/8cmNoGravityTemperature.csv,3890911,2241ddf8447d4f2f0cdf1287b22d99f4016a13fab6aad9124ab4d947dac1c37a
combustion_science/ground_investigation/PSI-115/fields/8cmNoGravityU.csv,3904874,55bf38e26b82ec3862bb144d4bcaf1c39458fede7aaabccb8e9d1baa3493d8f0
combustion_science/ground_investigation/PSI-115/fields/8cmNoGravityuR.csv,3879901,417793435c4eaeb5070daac9d39ed102b419512d722cf81b00c237dfd6ce108c
combustion_science/ground_investigation/PSI-115/fields/8cmNoGravityV.csv,4327550,da363c397f4b0719f7f9470f062281fec15b8e0a17d0b9bc5ddc9fa8b635ad4c
combustion_science/ground_investigation/PSI-115/fields/8cmNoGravityVaporMF.csv,4638355,952db5150eabaf6e4071806739e00e6ebb0fa3ffd636cbd5f76fcc7158b7523b
combustion_science/ground_investigation/PSI-115/fields/8cmNoGravityVort.csv,4192243,6987012db70328bab9a092636d7b64cd993a1d6bff153d429d11f69596503d86
combustion_science/ground_investigation/PSI-115/fields/8cmNoGravityvR.csv,4349592,8b5f864ef8e8c0d9e7418a316cc1c78f2f6e468464529b2e6e4997f66db8e986
combustion_science/ground_investigation/PSI-115/fields/manifest.csv,6384,12fa17834c2868eee4f213c3a3754b17c2a1a67f34a50a17ce1f5c40a294805f
combustion_science/ground_investigation/PSI-115/fields/nodeDiameters.csv,1010,0615ba19bfb41d6548e80a49bc07a324e180a774578091b09fe75c45f652f8f0
combustion_science/ground_investigation/PSI-115/raw/Analyzed Data/Modeling Data/Case1/Earth Gravity/8cmGravityDAM.dat,6220838,9eb9c978df035d3351ebfb1fae3d1298c475cdf04f0c553b1bdac3e3e624b785
combustion_science/ground_investigation/PSI-115/raw/Analyzed Data/Modeling Data/Case1/Earth Gravity/8cmGravityNucRate.dat,6220838,227c35f727510508c5072f5b80aeee98e67c04a05a0908ab8bdc25de3ccc8c2e
combustion_science/ground_investigation/PSI-115/raw/Analyzed Data/Modeling Data/Case1/Earth Gravity/8cmGravityNumDen.dat,6220838,b838fdad77c3c8ec9d83ee1b578678c5e2d392ae214086b20b4257c4e1ce54ff
combustion_science/ground_investigation/PSI-115/raw/Analyzed Data/Modeling Data/Case1/Earth Gravity/8cmGravityPSD.dat,1716,ef90fed1159c851566687c892d889d0b845d96b2b206fbcdf31199d5e9082f5a
combustion_science/ground_investigation/PSI-115/raw/Analyzed Data/Modeling Data/Case1/Earth Gravity/8cmGravitySmoke.dat,6220838,6fa42f2a1e6d3cc48e640899dd996dbb910b4271aff10a04ee116255f673eeb7
combustion_science/ground_investigation/PSI-115/raw/Analyzed Data/Modeling Data/Case1/Earth Gravity/8cmGravitySpeciesMF.dat,6220838,2436ddb43b64acf4c156032aec719f4c931cd6c681a4cea6154baa1ce63de2f3
combustion_science/ground_investigation/PSI-115/raw/Analyzed Data/Modeling Data/Case1/Earth Gravity/8cmGravityTemperature.dat,6220838,b64b649b4406d94b3f1e4e4b76867ade1033e4265ee0ded840f857242d0183e9
combustion_science/ground_investigation/PSI-115/raw/Analyzed Data/Modeling Data/Case1/Earth Gravity/8cmGravityU.dat,6220838,d77d92b9ba4b638651996561eefb9996b65bc2224ae396df36662c034dbde8ff
combustion_science/ground_investigation/PSI-115/raw/Analyzed Data/Modeling Data/Case1/Earth Gravity/8cmGravityV.dat,6220838,6f9b8a16cf6a87fb9751391bb96c173e6cb3a61d196f0a9e5263a8318591dae6
combustion_science/ground_investigation/PSI-115/raw/Analyzed Data/Modeling Data/Case1/Earth Gravity/8cmGravityVort.dat,6220838,fb7f962c235a613bb0a38b751e18f272bbf1032644cd16f6631b463b7ec3a4f8
combustion_science/ground_investigation/PSI-115/raw/Analyzed Data/Modeling Data/Case1/Earth Gravity; no settling/8cmGravityNS_PSD.dat,1755,9bdaac8bbd2d663f8db0f78fed4cbb290e0b6d2a3e4fa3fb8818a9f75bdacee1
combustion_science/ground_investigation/PSI-115/raw/Analyzed Data/Modeling Data/Case1/Earth Gravity; rotated/8cmGravityNumdenR.dat,6220838,1c7d4866548ab10bff8947a111bbd4c1df077b4374574de34e0308e8e9e956f4
combustion_science/ground_investigation/PSI-115/raw/Analyzed Data/Modeling Data/Case1/Earth Gravity; rotated/8cmGravityuR.dat,6220838,8c7a12a9d8b19801a421f006d8a7f180800961a691469ad2efc03e17a398b894
combustion_science/ground_investigation/PSI-115/raw/Analyzed Data/Modeling Data/Case1/Earth Gravity; rotated/8cmGravityvR.dat,6220838,808505e362d44cac517f764b137c95569c46c687dd57c0a5079fb4fbd2681adc
combustion_science/ground_investigation/PSI-115/raw/Analyzed Data/Modeling Data/Case1/Microgravity/8cm_sGrid_grid3d.dat,17971238,41e4aa546c273491fb0b2ebbb1b8166458ce97249a327d589864ae2d21b7edfc
combustion_science/ground_investigation/PSI-115/raw/Analyzed Data/Modeling Data/Case1/Microgravity/8cmNoGravityDAM.dat,6220838,1916a89027bc1c5129edacfe06af931fc56b921031b56388e733ae13260671bf
combustion_science/ground_investigation/PSI-115/raw/Analyzed Data/Modeling Data/Case1/Microgravity/8cmNoGravityNucRate.dat,6220838,ba1c5cfc47e0a829587035ad48b7add3ebf9fb523e447bd23fd5df49e6f77c7a
combustion_science/ground_investigation/PSI-115/raw/Analyzed Data/Modeling Data/Case1/Microgravity/8cmNoGravityNumDen.dat,6220838,555523587dcf1c624d62cea49386ffa757986461eaf5c9f8a0d35a652ab911b1
combustion_science/ground_investigation/PSI-115/raw/Analyzed Data/Modeling Data/Case1/Microgravity/8cmNoGravityPSD.dat,1716,80a3e6a37912d474c38ee3d49ea8af58dd8da31fc809470e202c7a396a2588d2
combustion_science/ground_investigation/PSI-115/raw/Analyzed Data/Modeling Data/Case1/Microgravity/8cmNoGravitySmoke.dat,6220838,8feb519807765b10519495225b8e19714d6743733c70e6fb980279e1837f70a3
combustion_science/ground_investigation/PSI-115/raw/Analyzed Data/Modeling Data/Case1/Microgravity/8cmNoGravityTemperature.dat,6220838,b0bb4272608305fc9391c86983eb8c789fb2b1b085a7644677ff8dcb0b9776bf
combustion_science/ground_investigation/PSI-115/raw/Analyzed Data/Modeling Data/Case1/Microgravity/8cmNoGravityU.dat,6220838,b3f4e25b3f57c1d1de5f85ea4ba533e185cd602d022f58eb3152f0f3f2e467c0
combustion_science/ground_investigation/PSI-115/raw/Analyzed Data/Modeling Data/Case1/Microgravity/8cmNoGravityV.dat,6220838,eb3ce002b7d61a6c9af412c653b4e1dc43f776bb0c4d7b872ab1bfdf0b04ed56
combustion_science/ground_investigation/PSI-115/raw/Analyzed Data/Modeling Data/Case1/Microgravity/8cmNoGravityVaporMF.dat,6220838,39a986aa116e856c0df0e027d872e67a117197b412e15762a4e8d06b1e059ac2
combustion_science/ground_investigation/PSI-115/raw/Analyzed Data/Modeling Data/Case1/Microgravity/8cmNoGravityVort.dat,6220838,eff2ce5055ff8a18fa20adc49ae4512c7b5a296123efe4cd2c786c1452a7a2a6
combustion_science/ground_investigation/PSI-115/raw/Analyzed Data/Modeling Data/Case1/Microgravity; no thermophoresis/8cmNoGravityNoTF_NumDen.dat,6220838,9f7953ab6d37dc0b93c192c41e6f86618ed4a5519ee657aa523a245383038ade
combustion_science/ground_investigation/PSI-115/raw/Analyzed Data/Modeling Data/Case1/Microgravity; no thermophoresis/8cmNoGravityNoTF_PSD.dat,1755,2fcee7dc9098fa0a700bfe4f73c7267b9dcd1b25744e846e54391c6faef2fcde
combustion_science/ground_investigation/PSI-115/raw/Analyzed Data/Modeling Data/Case1/Microgravity; no thermophoresis/8cmNoGravityNoTF_u.dat,6220839,f14083558c8ff70bb8c6fceaa71a58d1e629a01550f7d1d037779da236db0b8a
combustion_science/ground_investigation/PSI-115/raw/Analyzed Data/Modeling Data/Case1/Microgravity; no thermophoresis/8cmNoGravityNoTF_v.dat,6220839,f1c86472c27fa1bafe67694659630e57fc11f88acd92c7befa0409a907b64b56
combustion_science/ground_investigation/PSI-115/raw/Analyzed Data/Modeling Data/Case1/Microgravity; rotated/8cmNoGravityNumDenR.dat,6220865,db80cb3e1ae9dd003f60401a89b32840c401a4d12e7c3c8512fce270e7daead3
combustion_science/ground_investigation/PSI-115/raw/Analyzed Data/Modeling Data/Case1/Microgravity; rotated/8cmNoGravityuR.dat,6220865,3f0a6815057549c8e7579b22448a246b6bfc106d3e8b43bd407ae873e6b863b7
combustion_science/ground_investigation/PSI-115/raw/Analyzed Data/Modeling Data/Case1/Microgravity; rotated/8cmNoGravityvR.dat,6220865,b5e27de6f6a03007e6705e929999c68de07a9367c64b6245bb45945fd5baca16
combustion_science/ground_investigation/PSI-115/raw/Analyzed Data/Modeling Data/Case2/Earth Gravity/10cmGravityNumDen.dat,6220849,8ac6f293ba130f4f3dbb778dea8aa49d0d179ae3d20939ba167290030bb70793
combustion_science/ground_investigation/PSI-115/raw/Analyzed Data/Modeling Data/Case2/Earth Gravity/10cmGravityPSD.dat,1716,f67f2ff614eff26a3b0e75db967820b55727c889d0d063d05ac289f16af8f0a2
combustion_science/ground_investigation/PSI-115/raw/Analyzed Data/Modeling Data/Case2/Earth Gravity/10cmGravitySmoke.dat,6220838,f991d5f607717f7b3a49350e49c1a4d3f13e88425b095a98153624d010abf558
combustion_science/ground_investigation/PSI-115/raw/Analyzed Data/Modeling Data/Case2/Earth Gravity/10cmGravityU.dat,6220849,66d2d5c4b129f3ebfadf2265e1010139cfd51fb1f361a62c7ae82b1e62d1981c
combustion_science/ground_investigation/PSI-115/raw/Analyzed Data/Modeling Data/Case2/Earth Gravity/10cmGravityV.dat,6220849,89286a4b33f6d0ac69945c08197ee8e7d8fd43ab54210d6e4ba8d6c667a8f24f
combustion_science/ground_investigation/PSI-115/raw/Analyzed Data/Modeling Data/Case2/Microgravity/10cm_sGrid_grid3d.dat,17971238,41e4aa546c273491fb0b2ebbb1b8166458ce97249a327d589864ae2d21b7edfc
combustion_science/ground_investigation/PSI-115/raw/Analyzed Data/Modeling Data/Case2/Microgravity/10cmNoGravityNumDen.dat,6220866,4fc51297792ce94dbbe70f1e326c0c4549d2e551c70a14a97acb99892e91c779
combustion_science/ground_investigation/PSI-115/raw/Analyzed Data/Modeling Data/Case2/Microgravity/10cmNoGravityPSD.dat,1716,32f39f6a51baef37f2e5c770965e17037647aae72f77133e0b227bb4709ecdf1
combustion_science/ground_investigation/PSI-115/raw/Analyzed Data/Modeling Data/Case2/Microgravity/10cmNoGravitySmoke.dat,6220866,aae96e493aeb8aa482789ef97331cdab604411c08f3d52491bb2d1a65c06dc29
combustion_science/ground_investigation/PSI-115/raw/Analyzed Data/Modeling Data/Case2/Microgravity/10cmNoGravityU.dat,6220866,93cad784b0000f0a9978138be98da61ad9647620c97ce536e49a5985bda29a1e
combustion_science/ground_investigation/PSI-115/raw/Analyzed Data/Modeling Data/Case2/Microgravity/10cmNoGravityV.dat,6220866,a19bf8f4508711821beec5ba796caa3b1f43f136d25d402f13c03b7b73e72ad6
combustion_science/ground_investigation/PSI-115/raw/Analyzed Data/Modeling Data/Case2/Microgravity/nodeDiameters.dat,1059,9c190a7e0d884f6e8a1c74a924552d663c981ea1f6f418b0c6de90db6f88e482
combustion_science/ground_investigation/PSI-115/raw/Reports/NNX17AF08A_FinalReport.pdf,10617514,487108f951ba8ec9042464ae7c70a8190fa63c4b1141f8b1dfe19d697bd9752c
combustion_science/ground_investigation/PSI-115/raw/Science Documents/DataOrganizationDocument.pdf,96899,754cd3b7e1f1334f7de75abbdc0fac2687bc451c76d36245b66a5315c01d7253
combustion_science/ground_investigation/PSI-115/reports/DataOrganizationDocument.pdf,96899,754cd3b7e1f1334f7de75abbdc0fac2687bc451c76d36245b66a5315c01d7253
combustion_science/ground_investigation/PSI-115/reports/NNX17AF08A_FinalReport.pdf,10617514,487108f951ba8ec9042464ae7c70a8190fa63c4b1141f8b1dfe19d697bd9752c
combustion_science/ground_investigation/PSI-117/download (1).zip,70813424,78bb644e9d6a86fb265b13f29a5a479009ab4dc97771a4a4f2e836f5f5dff1ec
combustion_science/ground_investigation/PSI-117/raw/Analyzed Data/MST_2024_Burning_history_Flame_diameter.csv,44107,81e6b16c355bc64a226cf638f51156758c6a259ed10bc372c1612a0984cc7bc9
combustion_science/ground_investigation/PSI-117/raw/Analyzed Data/MST_2024_Dext.csv,372,2ed485fec6fad15c1409cd9b5c558ecf7bee262df29c832e9a54f3befc9c2e46
combustion_science/ground_investigation/PSI-117/raw/Analyzed Data/MST_2024_Kavg.csv,518,a89e0639567f05f19a6d0dffa9b2f659048358dee1c603b6c65bfcebd1101796
combustion_science/ground_investigation/PSI-117/raw/Analyzed Data/MST_2024_Radiance_Flame_Diameter.csv,82277,277998f5c80c08907f2c05e362e7a13a507ce4ebc967418ca883db2811a84d0d
combustion_science/ground_investigation/PSI-117/raw/Analyzed Data/PROCI_2019_Oscillatory_Cool_Flame.csv,37138,5d329362ea8b6ff78cded953b289b95c83c45956ae36d136bfd33750a80a5a11
combustion_science/ground_investigation/PSI-117/raw/Analyzed Data/PROCI_2019_Stable_Cool.csv,15477,c0713c4ad79d1d20832d5ab9582d1bef6d184cff1a86bc3565d059f44998ed6f
combustion_science/ground_investigation/PSI-117/raw/Analyzed Data/PROCI_2023_Alkane_Extinction_Diameter_1atm.csv,745,2b3c8edcfbba8916da95d1e13200310b5a30fa2e62dc8d77145a6ac3c206deb3
combustion_science/ground_investigation/PSI-117/raw/Analyzed Data/PROCI_2023_C12_Extinction_Diameter_vs_pressure.csv,449,4ab6f8c19f40a3349096eab8bdceb0a62611020af15e63f816922b149cfa7001
combustion_science/ground_investigation/PSI-117/raw/Analyzed Data/PROCI_C12_2019_Three_Stage.csv,89130,0e7c8c7e9ea35bd139ba52c9f2118724b8cc9f251d82b9222adf03cb67317809
combustion_science/ground_investigation/PSI-117/raw/Analyzed Data/ReadMe_List_of_Data.xlsx,11059,a84c138d22545ba9f59c4aa336710741dd48cf3c27823124ed04ac8f91a5f4a0
combustion_science/ground_investigation/PSI-117/raw/Presentations/Extinction_Characteristics_TFarouk.pdf,11802360,2fe2fc85aa8ee3ac99a07495d31c49704f32d42bb83ae2ba2481d47c14407c43
combustion_science/ground_investigation/PSI-117/raw/Presentations/Oscillatory_Cool Flame_TFarouk.pdf,8994674,8e4625bb2b2a8b17bd19854765815a3dd877e5192a9b94bd001aea2e8cccb4b2
combustion_science/ground_investigation/PSI-117/raw/Presentations/PSI_Users_Group_Cool_Flames_in_Space_03302026.pdf,10786102,9b69c81ba20b7a9af49ca899fb7520ae8e2034f9ceadf94fc6ef22910fc417aa
combustion_science/ground_investigation/PSI-117/raw/Presentations/Three_Stage_Cool_Flame_TFarouk.pdf,30873451,99b341840ed423878c622478b3b7817729d0ccf4d772f407f860a91d66972917
combustion_science/ground_investigation/PSI-117/raw/Reports/Dissertation_Combustion Behavior Of Sub-Millimeter Sized Oxygenated And N-Alka.pdf,8072629,9ca74dd4eb2e76b1f39c2754363c55eed827444e335ef9956922a6a8f2b4199d
combustion_science/ground_investigation/PSI-117/reports/Dissertation_Combustion Behavior Of Sub-Millimeter Sized Oxygenated And N-Alka.pdf,8072629,9ca74dd4eb2e76b1f39c2754363c55eed827444e335ef9956922a6a8f2b4199d
combustion_science/ground_investigation/PSI-117/reports/Extinction_Characteristics_TFarouk.pdf,11802360,2fe2fc85aa8ee3ac99a07495d31c49704f32d42bb83ae2ba2481d47c14407c43
combustion_science/ground_investigation/PSI-117/reports/Oscillatory_Cool Flame_TFarouk.pdf,8994674,8e4625bb2b2a8b17bd19854765815a3dd877e5192a9b94bd001aea2e8cccb4b2
combustion_science/ground_investigation/PSI-117/reports/PSI_Users_Group_Cool_Flames_in_Space_03302026.pdf,10786102,9b69c81ba20b7a9af49ca899fb7520ae8e2034f9ceadf94fc6ef22910fc417aa
combustion_science/ground_investigation/PSI-117/reports/Three_Stage_Cool_Flame_TFarouk.pdf,30873451,99b341840ed423878c622478b3b7817729d0ccf4d772f407f860a91d66972917
combustion_science/ground_investigation/PSI-142/raw/Analyzed Data/Modeling Data/PSI data summary Princeton with links.xlsx,735232,b6324538ff12cc07061bd0931dfc3e1cd458cd2eee4747c477c728791aca2ee0
combustion_science/ground_investigation/PSI-142/raw/Experimental table/Data Summary Table.csv,727,c66d135b0053590d239f06b9e8627d826e3d726b8443fd2cbccc37484b6a8e7f
combustion_science/ground_investigation/PSI-142/raw/Investigation Metadata Files/PSI-142_metadata_PSI-164_Quantitative Studies.zip,12158,249c00928f2c9102e17eb0734fddceb169f8847478c990196a12e9a677fa94d7
combustion_science/ground_investigation/PSI-60/raw/Investigation Metadata Files/PSI-60_metadata_NEWID-5_Computational and Ex.zip,7743,c51022d75ca50928673dd2864ec39d9cce9feeaad006bd574e406a276a77ff7d
combustion_science/ground_investigation/PSI-62/raw/Investigation Metadata Files/PSI-62_metadata_NEWID-7_Concurrent Flame Spr.zip,9694,e8f984349473da4763818a424719afcb212c4876e35961792aefc3604aa9ea7a
combustion_science/microgravity_investigation/PSI-10/download.zip,15598942,e80b34e0261f208ad3837a27ecfb728046ecaab139e61bb0bfcf7b5127de01f9
combustion_science/microgravity_investigation/PSI-10/raw/Engineering Documents/ACME Engineering Implementation Rpt..pdf,7496324,393f3ebc6662b10f0fe55d87ceda3b6696d2cc9c91266b81132761de50078456
combustion_science/microgravity_investigation/PSI-10/raw/Experimental table/Flame Design_Inverse Flame.csv,17314,97933ee9ae0b9ebc6b948a67485a0fe2f8218f753253a4f2be93c40d374c44e4
combustion_science/microgravity_investigation/PSI-10/raw/Experimental table/Flame Design_Normal Flame.csv,26933,4a663292bd3f65201943cc71bd661a70383639276a9176f64105b285bf0b6deb
combustion_science/microgravity_investigation/PSI-10/raw/Investigation Metadata Files/PSI-10_metadata_PSI-10-ISA.zip,17047,611b404c92125223ae099f086727ba1f5f031abf22d31eaa58d066a825f87b56
combustion_science/microgravity_investigation/PSI-10/raw/Reports/FinalRpt_ACMEFlameDesign.pdf,4152310,1d64b7f42f079579671624da5356cfe6d867ad014dd1d6932e9fcc6d3a1706fd
combustion_science/microgravity_investigation/PSI-10/raw/Reports/TaskbookPubsList_Feb2023.pdf,97986,efb9ac32a82a6bd000ad28e88f2c355d59973357cd39a5a9d5865704ae7f3847
combustion_science/microgravity_investigation/PSI-10/raw/Reports/TaskbookRpts.pdf,284417,81cea0977ef21d3d99d5e3a0f07a0af41eee326a82d92e8ff0cff38bc36c9e34
combustion_science/microgravity_investigation/PSI-10/raw/Representative Image(s)/ACME Flame Design Hardware.jpg,91764,a7acee59e9f0a738b982e0b6610d6cb5bf5a590d3f8955444f67722495a42244
combustion_science/microgravity_investigation/PSI-10/raw/Representative Image(s)/ACME logo.png,127968,92456d8cbb1ddc622553e44fef762de21f3037e37a3150eaecd58feb327cce6b
combustion_science/microgravity_investigation/PSI-10/raw/Representative Image(s)/CIR support on ISS.jpg,48462,63a5ed04bbd99d06bab96efce0ccf5bd7bd40e5c897f66e14839ba101db6f605
combustion_science/microgravity_investigation/PSI-10/raw/Representative Image(s)/Flame Design_Flame Stages.jpg,222982,f5cef13206ad2e0b35178380025e92dc6e59de35f07fe1a4942be619bce1016e
combustion_science/microgravity_investigation/PSI-10/raw/Representative Image(s)/Flame Design_In Space flame.jpg,380532,427198f8a60ae6e9fae772d1217940a36d8638e800e68622bd03d5ed1c9fdfd6
combustion_science/microgravity_investigation/PSI-10/raw/Science Documents/ACME_ISRD.pdf,1860945,f7f9e49476606f0f9da67dd655d08237090f89139ecb2d295c4c25ab5c5342e9
combustion_science/microgravity_investigation/PSI-10/raw/Science Documents/ACME_SORD.pdf,300262,32afd4c0d3c9fe5be1c8e992b7d6a615418911712a93d204a3b220dcbc6601f6
combustion_science/microgravity_investigation/PSI-10/raw/Science Documents/SRD_ACMEFlameDesign.pdf,471072,e783fc0da3d388b567654c109b2595a5a74218de6ccd641241f13b091a5448eb
combustion_science/microgravity_investigation/PSI-10/reports/ACME Engineering Implementation Rpt..pdf,7496324,393f3ebc6662b10f0fe55d87ceda3b6696d2cc9c91266b81132761de50078456
combustion_science/microgravity_investigation/PSI-10/reports/ACME_ISRD.pdf,1860945,f7f9e49476606f0f9da67dd655d08237090f89139ecb2d295c4c25ab5c5342e9
combustion_science/microgravity_investigation/PSI-10/reports/ACME_SORD.pdf,300262,32afd4c0d3c9fe5be1c8e992b7d6a615418911712a93d204a3b220dcbc6601f6
combustion_science/microgravity_investigation/PSI-10/reports/FinalRpt_ACMEFlameDesign.pdf,4152310,1d64b7f42f079579671624da5356cfe6d867ad014dd1d6932e9fcc6d3a1706fd
combustion_science/microgravity_investigation/PSI-10/reports/SRD_ACMEFlameDesign.pdf,471072,e783fc0da3d388b567654c109b2595a5a74218de6ccd641241f13b091a5448eb
combustion_science/microgravity_investigation/PSI-10/reports/TaskbookPubsList_Feb2023.pdf,97986,efb9ac32a82a6bd000ad28e88f2c355d59973357cd39a5a9d5865704ae7f3847
combustion_science/microgravity_investigation/PSI-10/reports/TaskbookRpts.pdf,284417,81cea0977ef21d3d99d5e3a0f07a0af41eee326a82d92e8ff0cff38bc36c9e34
combustion_science/microgravity_investigation/PSI-100/download (1).zip,15581321,361eaf18b8c0fbe3bf92ef567249e6d949a5ce22b3648540004866ffc5929fb5
combustion_science/microgravity_investigation/PSI-100/download.zip,525678,0590f56b3af2cfa6cbc9ddb0dd0c4f32b3aa65fc422c3e8a236a962888ccc043
combustion_science/microgravity_investigation/PSI-100/raw/Experimental table/SAFFIRE-3.csv,239,4d3c717ec20dd0247db670b2784a9fd7d746788bc54a936f80693e48eb8cd117
combustion_science/microgravity_investigation/PSI-100/raw/Raw Data/SAFFIRE-III_MergeResult-jpeg_Final.xlsx,7879404,55766b94516b99149e4c81b38691ec1c07122de08916d4055b10948e9d2cfe43
combustion_science/microgravity_investigation/PSI-100/raw/Raw Data/SAFFIRE-III_MergeResult-raw_Final.xlsx,7701589,9d3593b9ff87be0bbf623e6bc2e8d46ae286ac78971ad6630ec67a25c19c82d0
"combustion_science/microgravity_investigation/PSI-100/raw/Reports/SAFFIRE Objectives, Development and Status.pdf",186259,6cff0b55b8f1416f5b5b768b7fd22ae31991791ef633865471b72ff19ff4159b
combustion_science/microgravity_investigation/PSI-100/raw/Science Documents/SAFFIRE-I and SAFFIRE-III DoD.docx,65426,49c939337fa00a0473f7efa10367288f510afcbf69dd7f5405054a2617d3a66d
combustion_science/microgravity_investigation/PSI-100/raw/Science Documents/SAFFIRE-III Image Directory Nomenclature_v3.0.pdf,273485,5dfe4822358df39475a542b79c0424bf4c44bb6c3382fd3f92e3288c0c917ff2
"combustion_science/microgravity_investigation/PSI-100/reports/SAFFIRE Objectives, Development and Status.pdf",186259,6cff0b55b8f1416f5b5b768b7fd22ae31991791ef633865471b72ff19ff4159b
combustion_science/microgravity_investigation/PSI-100/reports/SAFFIRE-III Image Directory Nomenclature_v3.0.pdf,273485,5dfe4822358df39475a542b79c0424bf4c44bb6c3382fd3f92e3288c0c917ff2
combustion_science/microgravity_investigation/PSI-101/download (1).zip,116648017,93091b0dc51187ae8a7a30b68cae4cbe7cf1c277281e07444f53f61c22692cee
combustion_science/microgravity_investigation/PSI-101/download (2).zip,214006528,7700e9309971167ecbc1543a7a355451e9121783d3339e0f92a767634fc17764
combustion_science/microgravity_investigation/PSI-101/download (3).zip,164484945,65d25cb45445d63ff7f0559d6ffded77911a0af821cd2d36947d424c3612bae2
combustion_science/microgravity_investigation/PSI-101/download (4).zip,1619189,d8964f2ab812d8792dfca97edd1bf96aa30267e9db07edd16307bbafe7fc90bf
combustion_science/microgravity_investigation/PSI-101/download.zip,93002433,3bf1a2aa7587f2f32a7bf9934b1c39c462ec6679aac59bcb982047af5205c27f
combustion_science/microgravity_investigation/PSI-101/raw/Engineering Documents/60089MFHA150-B Aging Chamber Assembly.pdf,335105,fe2d380bd4324cd89a46c3ddf380dc20da75737d9b2a9c288df8cdf84cfcb423
combustion_science/microgravity_investigation/PSI-101/raw/Engineering Documents/60089MFHA151_B.PDF,212840,3968aeb41d3ac690ea7500b6db620ab3a44ce5e66048e6766db5635fd45cde7c
combustion_science/microgravity_investigation/PSI-101/raw/Engineering Documents/60089MFHA410-A Teflon Sample Assembly.pdf,156530,db190ce586554bc2fb39bae2722af1aae3b6a55451ca28943cee0a69e410b489
combustion_science/microgravity_investigation/PSI-101/raw/Engineering Documents/60089MFHA411 Teflon Ignitor Wire Coil Assembly.pdf,175857,edfa693a5e489053a6b6e096ad12ea2b6e7483a1eb3ce84898a036b3f05499d8
combustion_science/microgravity_investigation/PSI-101/raw/Engineering Documents/60089MFHA414-A Lampwick Sample Assembly.pdf,151181,996b31e7126ae8523627851aae9ea3b8f69440ab1258ad2054089ba36bed906a
combustion_science/microgravity_investigation/PSI-101/raw/Engineering Documents/60089MFHA415 Ignitor Wire Coil Assembly (for 0 .250 OD samples).pdf,98185,3a00d49f4c76c2f14930b100964fad81738abb390bf7e4b068070770bba968f7
combustion_science/microgravity_investigation/PSI-101/raw/Engineering Documents/60089MFHA416-A Silicone Sample Assembly.pdf,152496,b7361a83d3ac4c279c9425819f86e636ca7eb15fee8dcd82f3bd3494923a5bd2
combustion_science/microgravity_investigation/PSI-101/raw/Engineering Documents/60089MFHA417-B Kapton Sample Assembly.pdf,149738,c2623fa3831d32c22b8e1eb8c370b4c4fc0be4220c850d464d3a90fb35c6394f
combustion_science/microgravity_investigation/PSI-101/raw/Engineering Documents/60089MFHA419 Silicone Ignitor Wire Coil Assembly.pdf,161926,3245d0e4917e437ab621d7226665594c39969818ef4ca5b2254844b3f1304083
combustion_science/microgravity_investigation/PSI-101/raw/Engineering Documents/60089MFHA432-A Kapton Ignitor Wire Coil Assembly.pdf,169403,5a079a55014da47001a400c5f76da21ded2beb9d37d8e5175880a912cff5c056
combustion_science/microgravity_investigation/PSI-101/raw/Engineering Documents/60089MFHD126-B Smoke Generation Tube.pdf,243826,63aefebcfec2d48bca726822f5fd343833a9a6f8ca55022cbd3c8e80aece4934
combustion_science/microgravity_investigation/PSI-101/raw/Engineering Documents/60089MFHD413 Teflon Sample Part.pdf,150152,aabcd516772d9e83d209228b899cf09cf53b0273e66df46463e2c29754835223
combustion_science/microgravity_investigation/PSI-101/raw/Engineering Documents/60089MFHD509 P-Trak Condenser Tube Modification.pdf,162861,ff80b858803f12138a9196e100d9c48db5dfdd287385c300f6a06aaa43f59cf0
combustion_science/microgravity_investigation/PSI-101/raw/Engineering Documents/60089MFHP000-C SAME Fluids System Schematic.pdf,258861,bf9cb13668218b415a3f9def9714c3891e4675405e2797ebdf30dccab286920c
"combustion_science/microgravity_investigation/PSI-101/raw/Engineering Documents/80089MFHP000-E SAME Fluids System Schematic, right side-1.pdf",1611750,f0bcddc0e7331df9dae64b7d0905f2ca07b408f2add48267300b3e83b8e4d001
combustion_science/microgravity_investigation/PSI-101/raw/Engineering Documents/80089MFHP000-E SAME Fluids System Schematic.pdf,333332,4db42228ca36e5e287afcf05a4a4ed3dfb3258893f9d0d28c5581bc08cd58e67
"combustion_science/microgravity_investigation/PSI-101/raw/Engineering Documents/Fluids Control Unit, Schematic, left side-1.pdf",1163957,71fc3a90db8c2d866e8e18628da5189510a4d9f80c93f63bacd127b3070ef147
combustion_science/microgravity_investigation/PSI-101/raw/Engineering Documents/S1171MFHA401 Pyrell Sample Assembly.pdf,154569,bdf16837754f39d6b7a5e6c0942d1dedcca4795aa515b7399d3ba8860183c1a9
combustion_science/microgravity_investigation/PSI-101/raw/Engineering Documents/SAME EIRD Rev 2.00 02-25-05 HIgh Q.pdf,5378409,941dca3ccf7132913bfd73e8a408f3ea558eaa822486dd53ffcdfa26127461cb
combustion_science/microgravity_investigation/PSI-101/raw/Engineering Documents/SAME VPRED Matrix PLN-005 Baseline.xls,537600,7016d0b7bdbe0bc899dd487f3ef12eb19aad612ec63c9afe59fbb3d9e9c08e51
combustion_science/microgravity_investigation/PSI-101/raw/Engineering Documents/SAME_Wire_Test.xls,297984,091dfe3ce1e50b2e3f31b147d8076d9aceccfa1176b63e49a778151587e1a4bd
combustion_science/microgravity_investigation/PSI-101/raw/Engineering Documents/thermal precipitator map corrected 10-12-2011.xlsx,11054,2b94b57f4dcf1ea89f23073896f0cd4c5c6449e69a75dbd8b302fdee048c7440
combustion_science/microgravity_investigation/PSI-101/raw/Experimental table/SAME-R.csv,5674,87164b7dc9168a4273c159f7a9f23699afbd06ad97b77974377e79b9bf8a3bef
combustion_science/microgravity_investigation/PSI-101/raw/Investigation Metadata Files/PSI-101_metadata_PSI-169_SAME-R.zip,11037,b827c77500fc949152394a319776697a355cd80540d9721fa5440ea46687d3b7
combustion_science/microgravity_investigation/PSI-101/raw/Raw Data/Combined SAMER Results 06 02 14.xlsx,4061669,6d3a539ccf425b1fa8edc19cc75d828f57d650c7ce734d4e7aa686fea9593218
combustion_science/microgravity_investigation/PSI-101/raw/Raw Data/Kapton/2010_214_10_kapton_run61.xls,6652416,7cefc112ba9589095d8afb065c230955b9ceecc0573590801b437c9cb271a17e
combustion_science/microgravity_investigation/PSI-101/raw/Raw Data/Kapton/2010_214_10_kapton_run62.xls,6525440,7ffd26a7e180f7c042292badc9f201aa1840a0aa3f38e5b051283d9120935c8f
combustion_science/microgravity_investigation/PSI-101/raw/Raw Data/Kapton/2010_237_12_kapton_run70.xls,6429184,33d95b9197c65bede198dfc5e80688530dfde42d32a2c378c21b526119c56924
combustion_science/microgravity_investigation/PSI-101/raw/Raw Data/Kapton/2010_238_17_kapton_run73.xls,6193152,4ce2c2c39769a9cf998c60994a027712a3410dd5d8e9a8b51ebb8c75e35c557a
combustion_science/microgravity_investigation/PSI-101/raw/Raw Data/Kapton/2010_238_18_kapton_run75.xls,6082048,5425dd10abfec38d6da32ca042f48a89c8056f7024b9ecb87ba7e415178f8259
combustion_science/microgravity_investigation/PSI-101/raw/Raw Data/Kapton/2010_238_19_kapton_run77.xls,6254080,d6a7457ca7b5c11232d705bb0bcdb2f91c75454b9c53294619be129c278849ca
combustion_science/microgravity_investigation/PSI-101/raw/Raw Data/Kapton/2010_242_12_kapton_run85.xls,6240768,1f94817bc0544830a75b5f61d351efb99d4fa5a100353de1fe636a5c25572ec0
combustion_science/microgravity_investigation/PSI-101/raw/Raw Data/Kapton/2010_242_15_kapton_run90.xls,6123008,128b80433815b49f0c1734b01b620cf6bc801f0d005e31c77d0129e565bd47c1
combustion_science/microgravity_investigation/PSI-101/raw/Raw Data/Kapton/2010_250_13_kapton_run93.xls,6305792,34ee218a0cb5941fb32c270f2e1b9eac2ed772cc263e8d29d53a7aeb53b792e4
combustion_science/microgravity_investigation/PSI-101/raw/Raw Data/Kapton/2010_250_13_kapton_run94.xls,6554112,48a7bffcd47fc3cd51587454ad073417fc86a15dc839a65074d8ee16f0500e6e
combustion_science/microgravity_investigation/PSI-101/raw/Raw Data/Kapton/2010_250_16_kapton_run92.xls,5737472,8483b6080c4ea1a5cc20db412d319b6706373659466daf3cacfa4bba7b42b210
combustion_science/microgravity_investigation/PSI-101/raw/Raw Data/Kapton/2010_251_13_kapton_run101.xls,6484480,7d6d4b18c0f38be87bf4f71eec863bd6c6afd9b7c4909781c9b27626b8573c6a
combustion_science/microgravity_investigation/PSI-101/raw/Raw Data/Kapton/2010_251_14_kapton_run102.xls,6569472,3d22f05e9e48f554a294a282e9f3c2993ad9c047665a85b5702d42cc0a250698
combustion_science/microgravity_investigation/PSI-101/raw/Raw Data/Kapton/2010_252_16_kapton_run108.xls,6617600,53782dfdf350b586d1f08382d1a95f1fc9ab53d890fd0c0077446b83f3c951ce
combustion_science/microgravity_investigation/PSI-101/raw/Raw Data/Kapton/2010_253_14_kapton_run112.xls,5930496,64346eb57e283007f99fb4bb8ed86e4cd95048781e9281fc5cf28e426c0effed
combustion_science/microgravity_investigation/PSI-101/raw/Raw Data/Kapton/2010_253_15_kapton_run114.xls,5825024,a99980cf3ea0964af876add40dbbad86154cf67d058c1d1eee050f26e2e063b7
combustion_science/microgravity_investigation/PSI-101/raw/Raw Data/Kapton/62 Kapton aged issue with bins.xlsx,426012,76fb4542d784d39c4ea03849d4d3d913b940ed209611e9fc6a0d0249eeee3355
combustion_science/microgravity_investigation/PSI-101/raw/Raw Data/Kapton/62 Kapton unaged.xlsx,425564,e621db68f06276e0600147181c065e5f18f750f761f5014b0d0db49f2e8e470d
combustion_science/microgravity_investigation/PSI-101/raw/Raw Data/Kapton/94 Kapton aged- 4 images.xlsx,415552,8950c69bd71977e37e069288a16e4c94b63bb5ea64f22d0ebed38de81d5afba4
combustion_science/microgravity_investigation/PSI-101/raw/Raw Data/Lampwick/2010_200_12_lampwick_run49.xls,4892160,60f9bd08ea1fa88e10a4820553f047a75f8601425a4e7140dd1205c2749c1b19
combustion_science/microgravity_investigation/PSI-101/raw/Raw Data/Lampwick/2010_210_10_lampwick_run54.xls,7128576,2a67d2ac9c62ac2c99ff98b3f00bfe355faed48049a74b4e41affb2c7bda7ed5
combustion_science/microgravity_investigation/PSI-101/raw/Raw Data/Lampwick/2010_210_10_lampwick_run55.xls,2990080,d8a1ecee339b901388095bfb18d82785b98e772f14b2d1c2a5e1f93cb425f0e9
combustion_science/microgravity_investigation/PSI-101/raw/Raw Data/Lampwick/2010_210_10_lampwick_run57.xls,5050880,ef00b7b623733299e89e88400f6efa34a35bbea0889a58d1f0ffb1bd80382f0b
combustion_science/microgravity_investigation/PSI-101/raw/Raw Data/Lampwick/2010_210_10_lampwick_run57_a.xlsx,539444,48cb0a40951855c7d369cba2874a567b0dfe3f5e835a5fdf41a11aeb51bb04d9
combustion_science/microgravity_investigation/PSI-101/raw/Raw Data/Lampwick/2010_236_10_lampwick_run68.xls,6075904,7526bb86360abc496b6697fc4b85a7ff0d3f86a5f2b29d3e6a1b7b0930b499a7
combustion_science/microgravity_investigation/PSI-101/raw/Raw Data/Lampwick/2010_239_13_lampwick_run78.xls,6881280,a211cc64f8267dd11a8f8fce4f367066c352ccce16ea7f81965586e85743b124
combustion_science/microgravity_investigation/PSI-101/raw/Raw Data/Lampwick/2010_239_15_lampwick_run80.xls,6142464,ecf12d010eaaa4b38d112886f7a289d32049de9f0a185f477e5266bbe87de668
combustion_science/microgravity_investigation/PSI-101/raw/Raw Data/Lampwick/2010_239_16_lampwick_run82.xls,6536192,95ed4293585a30680c48f6d60b62617cbe1795fab7de81839036c4201d3f94ed
combustion_science/microgravity_investigation/PSI-101/raw/Raw Data/Lampwick/2010_242_14_lampwick_run88.xls,8515584,f5825ced1364c10018a5e7abc55ad9afb3492d0af560646f64ae2c78fe98f0cc
combustion_science/microgravity_investigation/PSI-101/raw/Raw Data/Lampwick/2010_250_15_lampwick_run96.xls,6966784,cdb8ba3e6df14f3e45e9e7fbbf7cf10bebd258ad4949daec0d81749891fd495e
combustion_science/microgravity_investigation/PSI-101/raw/Raw Data/Lampwick/2010_251_11_lampwick_run98.xls,6456320,bcc10234d2a292cbaf76cd127d7a2cde68c196927729b73a593767677913efe1
combustion_science/microgravity_investigation/PSI-101/raw/Raw Data/Lampwick/2010_252_14_lampwick_run106.xls,8719872,6cb6c80d9a4f826a7a4d0359ec89cbbf3267fa03060efb3c52e06e393da49c68
combustion_science/microgravity_investigation/PSI-101/raw/Raw Data/Lampwick/2010_253_13_lampwick_run110.xls,6128128,f95f1e5dae254403256b1958f06024d9f6cab88fafcb77abe4c4710140d989f4
combustion_science/microgravity_investigation/PSI-101/raw/Raw Data/Lampwick/54 lampwick binneddatacorr from GWM.xlsx,241661,3a264eda40cb49eb37f6817425eec11594a1ae0c24bad29aac2f3c784613deca
combustion_science/microgravity_investigation/PSI-101/raw/Raw Data/Lampwick/55 Lampwick.xlsx,690112,0805f421d5d29d031afeb317451486f296cd86cb4aeee53c69359f0ff1335085
combustion_science/microgravity_investigation/PSI-101/raw/Raw Data/Pyrell/2010_202_13_pyrell_run52.xls,5827072,c1f5557de63c57e253d6fbac5d1a8e0acc8f28d29f8ea786265e1379a1bcb7be
combustion_science/microgravity_investigation/PSI-101/raw/Raw Data/Pyrell/2010_2342_11_pyrell_run84.xls,6522368,a05e8d68ffefad20fd462218964cbc7215651934f3f6e84aa2b435f9d4c1928f
combustion_science/microgravity_investigation/PSI-101/raw/Raw Data/Pyrell/2010_235_11_pyrell_run64.xls,6659072,93800b3a74b0b37cbbc205e951778be61c60eb1226004f664f03f3c8bb72f4a6
combustion_science/microgravity_investigation/PSI-101/raw/Raw Data/Pyrell/2010_235_11_pyrell_run64a.xls,6657536,82943a4de2648577f8ab9b6c8ab25a9c49e4ce12d3142e451e63e27f221dd64d
combustion_science/microgravity_investigation/PSI-101/raw/Raw Data/Pyrell/2010_235_9_pyrell_run63.xls,6210560,c2838f658ebbb68fbf36bcc97a79e1a9f54f1ff78bb9ec9bf82e1cc0b3b50ccc
combustion_science/microgravity_investigation/PSI-101/raw/Raw Data/Pyrell/2010_235_9_pyrell_run63a.xls,6212608,1369d13cb3af2c2bc03cd968c6122abecc4a31371db9013d4f470809e0b6628c
combustion_science/microgravity_investigation/PSI-101/raw/Raw Data/Pyrell/2010_237_13_pyrell_run71.xls,7195648,56919938be77426780bd980a0b4659db8e3e14302a13d89e988578ce35ebaba2
combustion_science/microgravity_investigation/PSI-101/raw/Raw Data/Pyrell/2010_238_17_pyrell_run74.xls,6240256,106f0d5dde43c7a7cb85af044cfa4abd43ba1d5db562d8fdbf7c2a01175cfffe
combustion_science/microgravity_investigation/PSI-101/raw/Raw Data/Pyrell/2010_238_18_pyrell_run76.xls,6396416,23a292a29c88c567d571209eb08b399b5c0339096723c1596fd75c51be339cec
combustion_science/microgravity_investigation/PSI-101/raw/Raw Data/Pyrell/2010_242_13_pyrell_run87.xls,5726720,59179010fdc58380e9c4c3cf6878db833713d209f3c94b15e482f468f1c3a103
combustion_science/microgravity_investigation/PSI-101/raw/Raw Data/Pyrell/2010_250_14_pyrell_run95.xls,6855680,c35c13f10de5dc3a2f5b6ce51ae0fe28e7787bbadaa4f956a3659a250b1cceb9
combustion_science/microgravity_investigation/PSI-101/raw/Raw Data/Pyrell/2010_251_10_pyrell_run97.xls,6767616,f0deb28857a58a6455c4c0fd6f044e3fcfcf58e1b9a3891e832c2a7756f1149e
combustion_science/microgravity_investigation/PSI-101/raw/Raw Data/Pyrell/2010_252_13_pyrell_run107.xls,8727552,45ef5a62e88e57891c20e04d20880b2c070182b98c0a05b486645e1df22de0a2
combustion_science/microgravity_investigation/PSI-101/raw/Raw Data/Pyrell/2010_253_14_pyrell_run113.xls,6268928,727e0419eeb67c69e7fe40b91c1b9827f5b1b9c3665a26d3d47a6064ecc4b95b
combustion_science/microgravity_investigation/PSI-101/raw/Raw Data/Pyrell/63 Pyrell aged.xlsx,711060,0625706124d537a039f52456cc2dd69f4231171e541ce8accdfe8c1b347b85ff
combustion_science/microgravity_investigation/PSI-101/raw/Raw Data/Pyrell/63 Pyrell unaged.xlsx,853799,3daf14343b343ab7bc0aa6ff6e4900529ed82156862fdfd81de58afdf2cbcb14
combustion_science/microgravity_investigation/PSI-101/raw/Raw Data/Pyrell/64 Pyrell aged.xlsx,475108,968216e6e7eced2e9cdf46510ef199d2ee6dcc203827397747d4c5a5db3c95f3
combustion_science/microgravity_investigation/PSI-101/raw/Raw Data/Pyrell/64 Pyrell unaged.xlsx,516572,91af5e0b0d2481e1b970436bb72bfa8ea048753792e01cd666eb1b5a175277ee
combustion_science/microgravity_investigation/PSI-101/raw/Raw Data/Sample descriptions tables.docx,28571083,715cd2c4560799a0fcb9d9c824d1f56761414e3264da191c4e379021235b24bd
combustion_science/microgravity_investigation/PSI-101/raw/Raw Data/Silicone/2010_197_13_silicon_run48.xls,5797888,63d41ef843af7a48fb79a9e41eca7c5ea20dab673d41d69203c258adb1466a6a
combustion_science/microgravity_investigation/PSI-101/raw/Raw Data/Silicone/2010_202_14_silcon_run53.xls,5819904,e6e2c103e346dc01d2bc7f39d91fcd378fea492b8e595c50c3881731df5218f4
combustion_science/microgravity_investigation/PSI-101/raw/Raw Data/Silicone/2010_211_13_silcon_run59.xls,6681600,85ab0073a038c5faf3aee4d4e00787bb81f918710b98f6c8b5a46643329c5018
combustion_science/microgravity_investigation/PSI-101/raw/Raw Data/Silicone/2010_211_14_silicon_run60 a.xls,6913024,7182af03c686a9512f4accd685aa38b0c2ea9f0d577f9bd101fd5c79d04c31cb
combustion_science/microgravity_investigation/PSI-101/raw/Raw Data/Silicone/2010_211_14_silicon_run60.xls,5135360,3336c06ce158965039414e7b89e35d9230ddcaff370f225e84d2ab1e739a51a6
combustion_science/microgravity_investigation/PSI-101/raw/Raw Data/Silicone/2010_235_10_silicone_run65.xls,7300096,ef776a7a853479f5e517d05c5b432a35642d1c7a9a3def73ac2ec703f68171ed
combustion_science/microgravity_investigation/PSI-101/raw/Raw Data/Silicone/2010_235_10_silicone_run65a.xls,7281664,8cd923c05af9f9d203f10a8aba52d0ecd41b0ccb2efd628c33608a28ea8e45b6
combustion_science/microgravity_investigation/PSI-101/raw/Raw Data/Silicone/2010_235_10_silicone_run66.xls,6486016,90d517de900c4d19fe72f9891899934732e0d057646aaf3201cc257b8d9194b8
combustion_science/microgravity_investigation/PSI-101/raw/Raw Data/Silicone/2010_236_9_silicone_run67.xls,6136320,ed99fc260895e3cc401e28b5de5dfb8796a086bcc5fcdd714fa3a5599e1741a6
combustion_science/microgravity_investigation/PSI-101/raw/Raw Data/Silicone/2010_237_14_silcone_run72.xls,5757440,1fd825cbdd7e527c3b7c88405f71c846c97e586cadfda27b64ee629802979730
combustion_science/microgravity_investigation/PSI-101/raw/Raw Data/Silicone/2010_242_14_silicone_run86.xls,6390784,dbb9d587170c3598772c2e7ca2518393e8e2320e278b58278fc94f1dddc6f4e4
combustion_science/microgravity_investigation/PSI-101/raw/Raw Data/Silicone/2010_250_12_silicone_run91.xls,5535744,9c96ad7c2785aed60fc580e623d43bc8e0e8069f18857f5420f3e8d629850c5c
combustion_science/microgravity_investigation/PSI-101/raw/Raw Data/Silicone/2010_251_12_silicone_run99.xls,6533632,351aeabf5c3ab8d290d76004caa080457a71445515f263c4dd7ebed97b7a9c75
combustion_science/microgravity_investigation/PSI-101/raw/Raw Data/Silicone/2010_252_12_silicone_run104.xls,8724992,5f106f14ba93ad4cac1b179939ac2abbd8062b4708b6d6c6a3827cadfbb5a4e2
combustion_science/microgravity_investigation/PSI-101/raw/Raw Data/Silicone/2010_252_15_silicone_run103.xls,8713216,bbc5500ab56834436944cad09f7c9b2818e7138af16e4b3727758cdb160a8f6f
combustion_science/microgravity_investigation/PSI-101/raw/Raw Data/Silicone/2010_253_13_silicone_run109.xls,6092800,865c590c6f5851efde171123f40ad77ab7c3637dfa7dd5d7e6f934d7442604c2
combustion_science/microgravity_investigation/PSI-101/raw/Raw Data/Silicone/60 silicone.xlsx,423378,6987ebfe9e209cb1b35a68c3dcba6ea4e689a07a3eed755065e8e5f4c4b10b5f
combustion_science/microgravity_investigation/PSI-101/raw/Raw Data/Silicone/Copy of 2010_235_10_silicone_run66 test.xls,6486016,946147e8a119c6008c6104ac41696adde082d304df7c066910bbbb59ffe84821
combustion_science/microgravity_investigation/PSI-101/raw/Raw Data/Teflon/2010_201_12_teflon_run50.xls,6471168,931a03ebe843153b891cdd99a3540e123e84be2ede14fcd2f43e0f02e388278b
combustion_science/microgravity_investigation/PSI-101/raw/Raw Data/Teflon/2010_210_10_teflon_run56.xls,4087296,80990e9e177598e3ebe6dd2ce8af13b2ff7b6f7860bf17bb3e1dfac48f8ac211
combustion_science/microgravity_investigation/PSI-101/raw/Raw Data/Teflon/2010_211_12_teflon_run58.xls,6683648,f21f30fb3082a010857a3b4654f04f590d7dd52278427229eddf2c6e07d9117a
combustion_science/microgravity_investigation/PSI-101/raw/Raw Data/Teflon/2010_236_10_teflon_run69.xls,6508032,2e1de8a52a9c1ee5c28dfd50ab0d3b4c713104f89c85054023ff26ea7d9ba75b
combustion_science/microgravity_investigation/PSI-101/raw/Raw Data/Teflon/2010_239_14_teflon_run79.xls,6196224,2133cc52cfdd633bc8cb2367720504f0b6530f510cfc10fdce6ec855913d9074
combustion_science/microgravity_investigation/PSI-101/raw/Raw Data/Teflon/2010_239_16_teflon_run81.xls,6152704,28c66a39a92da9e8111c814a4f9ca598f9f173f1f7008503ffd7d63da1e4c568
combustion_science/microgravity_investigation/PSI-101/raw/Raw Data/Teflon/2010_239_17_teflon_run83.xls,6318592,e93299abe9d5956dc1f49444f6189007d9a21cd380da60d207db40461f53d9be
combustion_science/microgravity_investigation/PSI-101/raw/Raw Data/Teflon/2010_242_15_teflon_run89.xls,5803008,170cfec34f5109351e55e8d49e19f40db9460dbb1abe42e6c8f0c08490879646
combustion_science/microgravity_investigation/PSI-101/raw/Raw Data/Teflon/2010_251_11_teflon_run100.xls,6501888,a62f64722d1512f5e9b786632deff2dd5ddab1160f11e4204ba90196aecda47c
combustion_science/microgravity_investigation/PSI-101/raw/Raw Data/Teflon/2010_252_14_teflon_run105.xls,8713216,eca499952531d1940212e69dbe8450f9c1aa486fcf316667609b481ec26bb5c0
combustion_science/microgravity_investigation/PSI-101/raw/Raw Data/Teflon/2010_253_13_teflon_run111.xls,6220800,6ce7cbc4ef5c6ed2ed86b4acc209994f4522f2ef0e7b759c0c18cd37b0daf67d
combustion_science/microgravity_investigation/PSI-101/raw/Raw Data/TEMflowvsnoflow.xls,39936,1c7fff7b4ddb75e6b2682b53a528cc5777506bf98b96d955bcd43073d3d0a536
combustion_science/microgravity_investigation/PSI-101/raw/Raw Data/thermal precipitator map updated.xlsx,17138,fe3765a3980ef9c6c53f48c99abdaecdc205e727386c78cae2bb79c0ea1ff849
combustion_science/microgravity_investigation/PSI-101/raw/Reports/SAME ICES  2013 07 15 final as presented.pptx,5634955,0e8480e701f437c2fd7f7434df7acb56df8f493f1ceb62b0994829f396771f34
combustion_science/microgravity_investigation/PSI-101/raw/Reports/SAME ICES 2012 07 15 2012.pptx,11483943,6e2800c0985e1b4b88819adea7513c64e7a6a24a00961785363d9dd3ab8fb8ee
combustion_science/microgravity_investigation/PSI-101/raw/Reports/SAME slides 7-1- 08 fixed schematic as presented .ppt,7918592,95325b626e6a5b505b53f34a2fdc776ec32a0d930cc3e7dbf79bde0c48f917ad
combustion_science/microgravity_investigation/PSI-101/raw/Reports/SAME_Wire_Report.pdf,1852991,78784625aaffb7420474a29b873454beaf5b38377edc11f6378cb087ca942cfa
combustion_science/microgravity_investigation/PSI-101/raw/Reports/SAMER_Final 0602 2014.pdf,4578437,65381e2715eb7379113dd1b9c550baaa5fa5a247dba00419123143aa98ef80d6
combustion_science/microgravity_investigation/PSI-101/raw/Reports/Urban ICES talk.ppt,8259584,ace2a1841b1ae2441f8e09741e82ab09635d2d676f76238442f44c2ce437cc30
combustion_science/microgravity_investigation/PSI-101/raw/Representative Image(s)/SAME-R Flight Ops photos.zip,41201731,51b8d6aab03b505c9d255bf09a035f08b28a78f60af3c5820f56c737226ee3c7
combustion_science/microgravity_investigation/PSI-101/raw/Science Documents/SAME_Baseline Concept Description Document_001 Rev A.pdf,247315,3eed4b7ecd71f9e37a3f7a78d7e7a011ff636bb24ec8bcc72ff97a8ac41b598a
combustion_science/microgravity_investigation/PSI-101/raw/Science Documents/SAME_Operations Manual_007.pdf,699811,ac00e24b0f9a0388c3ac5097cca67591112c9992c0c9d40a6810ca5ba7289f36
combustion_science/microgravity_investigation/PSI-101/raw/Science Documents/SAME_Software Description Document_003 Rev A.pdf,270540,e6b4b119f7adeb6df52529d47d856967c40ff325bba3c923b72785e7fa133ddf
combustion_science/microgravity_investigation/PSI-101/raw/Science Documents/SAME_Software Requirement Document_004 Rev D.pdf,400833,ea41d0a9db34f756f433b6954f1a0a9d6060e05ab45b6ef534ab60a8ff23d300
combustion_science/microgravity_investigation/PSI-101/reports/SAME_Baseline Concept Description Document_001 Rev A.pdf,247315,3eed4b7ecd71f9e37a3f7a78d7e7a011ff636bb24ec8bcc72ff97a8ac41b598a
combustion_science/microgravity_investigation/PSI-101/reports/SAME_Operations Manual_007.pdf,699811,ac00e24b0f9a0388c3ac5097cca67591112c9992c0c9d40a6810ca5ba7289f36
combustion_science/microgravity_investigation/PSI-101/reports/SAME_Software Description Document_003 Rev A.pdf,270540,e6b4b119f7adeb6df52529d47d856967c40ff325bba3c923b72785e7fa133ddf
combustion_science/microgravity_investigation/PSI-101/reports/SAME_Software Requirement Document_004 Rev D.pdf,400833,ea41d0a9db34f756f433b6954f1a0a9d6060e05ab45b6ef534ab60a8ff23d300
combustion_science/microgravity_investigation/PSI-101/reports/SAME_Wire_Report.pdf,1852991,78784625aaffb7420474a29b873454beaf5b38377edc11f6378cb087ca942cfa
combustion_science/microgravity_investigation/PSI-101/reports/SAMER_Final 0602 2014.pdf,4578437,65381e2715eb7379113dd1b9c550baaa5fa5a247dba00419123143aa98ef80d6
combustion_science/microgravity_investigation/PSI-102/download (1).zip,6462912,02f70c44868833b3d8c83b492ccdc78df09cf0ca05049aa837a745fbec3cb70d
combustion_science/microgravity_investigation/PSI-102/download (2).zip,63766209,a46b2158cd29ea39ebe51940cf584dbb9e658b89bd07b9fc943ff778cc7954ac
combustion_science/microgravity_investigation/PSI-102/download.zip,362025043,8f28fe1fe660865e1eb3e55ecc90ee6fdef4cd01e78d0da8816ca78daf7f4901
combustion_science/microgravity_investigation/PSI-102/raw/Analyzed Data/Reduced Gravity/Silicone/Run 01/GMT252run1testhkp with plots.xls,3121152,64044dd8e2cc7a91f7cc9174d7e552a7e55ecb595c4ddc07db930fb9a38ed183
combustion_science/microgravity_investigation/PSI-102/raw/Analyzed Data/Reduced Gravity/Silicone/Run 01/GMT252run1testhkp with plotszgy average.xls,3315200,eb0dc92d2f047bdcc4e92700d6b68ba37ff8006d004ab56a649cee9328e66e3f
combustion_science/microgravity_investigation/PSI-102/raw/Analyzed Data/Reduced Gravity/Silicone/Run 01/Run 1 GMT252 testlog.xls,26112,12c59e279ae624cc0b8b57599072796f6c9fa56d6b08f493ff7e65486f91bb5a
combustion_science/microgravity_investigation/PSI-102/raw/Engineering Documents/60089MFHA150-B Aging Chamber Assembly.pdf,335105,384a1db06b7deed48e6f65f4b4dd30b0e926a6ad82a15faece3223726e4843b8
combustion_science/microgravity_investigation/PSI-102/raw/Engineering Documents/60089MFHA151-B Same Aging Chamber.pdf,212992,04177ecfaedeb18208d27b45f6f96ac4f2c16496fa5bee906ccd1b970b7694c8
combustion_science/microgravity_investigation/PSI-102/raw/Engineering Documents/60089MFHA410-A Teflon Sample Assembly.pdf,156530,3b124d774955a3ecdaed694619ec8ad05293875f3f1145aae9819badf4c3e73d
combustion_science/microgravity_investigation/PSI-102/raw/Engineering Documents/60089MFHA411 Teflon Ignitor Wire Coil Assembly.pdf,175861,24a25119a5732adca9f02d3f437867be1a6250297311504720eea0cab6dcd9d7
combustion_science/microgravity_investigation/PSI-102/raw/Engineering Documents/60089MFHA414-A Lampwick Sample Assembly.pdf,151181,4a084ba74650efd7c31282905711c35adaf3de634d00a525514799e57a1d108d
combustion_science/microgravity_investigation/PSI-102/raw/Engineering Documents/60089MFHA415 Ignitor Wire Coil Assembly (for 0 .250 OD samples).pdf,98186,3bee2dea59501f5022769e0aa9e44275ea3bce8f6fdfd3c1f1051f260054ef51
combustion_science/microgravity_investigation/PSI-102/raw/Engineering Documents/60089MFHA416-A Silicone Sample Assembly.pdf,152496,ca416106d98294bb1a63f81acd12578cb2b4ca632da57cf08ec8791c993240c0
combustion_science/microgravity_investigation/PSI-102/raw/Engineering Documents/60089MFHA417-B Kapton Sample Assembly.pdf,149738,02604f468029563e4f43213129302af8e01a239caf1c98a616962d7af29cf6cb
combustion_science/microgravity_investigation/PSI-102/raw/Engineering Documents/60089MFHA419 Silicone Ignitor Wire Coil Assembly.pdf,161925,729bbf0a1b81d41536394ba1f77110bbc35ee8baa238b6af6180a19bdb942bbb
combustion_science/microgravity_investigation/PSI-102/raw/Engineering Documents/60089MFHA432-A Kapton Ignitor Wire Coil Assembly.pdf,169403,a53dbcd2f46d350ab99b2cc46f4316c29ddf4f139534ac1673d88a0f18609cd3
combustion_science/microgravity_investigation/PSI-102/raw/Engineering Documents/60089MFHD126-B Smoke Generation Tube.pdf,243826,30420506799102afea0f2459a7fb0661ffdc39d1c0ba3f340a7d7f4a5b0849cc
combustion_science/microgravity_investigation/PSI-102/raw/Engineering Documents/60089MFHD413 Teflon Sample Part.pdf,150152,96434adcc6dd848de318711db5a1396ae11c51d0b686a3a799b31c366ccef0de
combustion_science/microgravity_investigation/PSI-102/raw/Engineering Documents/60089MFHD509 P-Trak Condenser Tube Modification.pdf,162848,7a24b235b4b373d3f3dfa9f0ed570ce72c32c5799f6f0a69f4a216881fb42173
"combustion_science/microgravity_investigation/PSI-102/raw/Engineering Documents/60089MFHP000-E SAME Fluids System Schematic, right side.pdf",1611751,6e4063f4bd05a7b6531f662aa46f96a4769fcfea84d1333e62911528a408be19
combustion_science/microgravity_investigation/PSI-102/raw/Engineering Documents/60089MFHP0001-C Same Fluids System Schematic.pdf,258855,bfa59509eeb0b2e3494ee195d01e251844caafc3417ccdfec7b239f1b5680e6f
combustion_science/microgravity_investigation/PSI-102/raw/Engineering Documents/80089MFHP000-E SAME Fluids System Schematic.pdf,333331,e786572cee7f4b049a932ff0057385619882bd0c3e3f670e3bf1da39148aa822
"combustion_science/microgravity_investigation/PSI-102/raw/Engineering Documents/Fluids Control Unit, Schematic, left side.pdf",1163952,eaa26a8b724d924535c6a95e4498c451fa060dd694271c56c1737bee49459e70
combustion_science/microgravity_investigation/PSI-102/raw/Engineering Documents/S1171MFHA401 Pyrell Sample Assembly.pdf,154568,5b3673b64b2c8f5affcf72e749e56077a7d86c1e743ff6d5ac5e9a07640fc0c7
combustion_science/microgravity_investigation/PSI-102/raw/Engineering Documents/SAME EIRD Rev 2.00 02-25-05 HIgh Q.pdf,5378409,941dca3ccf7132913bfd73e8a408f3ea558eaa822486dd53ffcdfa26127461cb
combustion_science/microgravity_investigation/PSI-102/raw/Engineering Documents/SAME Verification Plan and Engineering Requirements Document (VPRED)_January 2007.pdf,514208,126c16614431d5a298a49721c855d14e3e4418167e2955ebf051d88b15b6c014
combustion_science/microgravity_investigation/PSI-102/raw/Engineering Documents/SAME VPRED Matrix PLN-005 Baseline.xls,537600,7016d0b7bdbe0bc899dd487f3ef12eb19aad612ec63c9afe59fbb3d9e9c08e51
combustion_science/microgravity_investigation/PSI-102/raw/Engineering Documents/SAME_Wire_Test.xls,297984,091dfe3ce1e50b2e3f31b147d8076d9aceccfa1176b63e49a778151587e1a4bd
combustion_science/microgravity_investigation/PSI-102/raw/Experimental table/SAME.csv,331,268d1e121d2f211b124407dd32b9475617bd269ede2c2d1749441da3e949a2af
combustion_science/microgravity_investigation/PSI-102/raw/Investigation Metadata Files/PSI-102_metadata_PSI-170_SAME.zip,13127,809127b7c6578263dc829d8ef8b15fa98fd1626dcf9c9d44d832a48974e146c6
combustion_science/microgravity_investigation/PSI-102/raw/Raw Data/SAME OPS images.zip,25024013,68c683f7801bfc32b104a4beed21456e8b4ae69e53be0d29674c806c26bab007
combustion_science/microgravity_investigation/PSI-102/raw/Raw Data/TN001.mp4,7339333,316e5e6c9d4387942d39af82c86c419bddc8f4255deecc7ed9783783f2a3bd5d
combustion_science/microgravity_investigation/PSI-102/raw/Raw Data/TN001.zip,168520317,94ee4c2a0593199c5b0d11c5274f99dc3008e9e9f4e97e8da644edba59f0a015
combustion_science/microgravity_investigation/PSI-102/raw/Raw Data/TN002.mp4,6866548,ff54d41808bda0943bf34c6813ea82b6dd351202995ec19b8f6a8ef9850fe597
combustion_science/microgravity_investigation/PSI-102/raw/Raw Data/TN002.zip,139833351,bf87cafe6e3f66eedde7f33add623e0ab6b09dc4bf54b87c0ccaf5cc554e9ecb
combustion_science/microgravity_investigation/PSI-102/raw/Reports/ICES Paper 2005-01-2930 rev.doc,1608192,67ede025a6cf79ac8857172243334d9cb7550565384178a1351cef34edbc2347
combustion_science/microgravity_investigation/PSI-102/raw/Reports/SAME ICES  2013 07 15 final as presented.pptx,5634955,0e8480e701f437c2fd7f7434df7acb56df8f493f1ceb62b0994829f396771f34
combustion_science/microgravity_investigation/PSI-102/raw/Reports/SAME ICES 2012 07 15 2012.pptx,11483943,6e2800c0985e1b4b88819adea7513c64e7a6a24a00961785363d9dd3ab8fb8ee
combustion_science/microgravity_investigation/PSI-102/raw/Reports/Same progress report to HQ 11-16-07   11 15 07  updated.ppt,26546176,6b9ecd6e3ddf220fce9b52d6158eca450a920b854b0a9018c62d06b76416aa92
combustion_science/microgravity_investigation/PSI-102/raw/Reports/SAME slides 7-1- 08 fixed schematic as presented .ppt,7918592,95325b626e6a5b505b53f34a2fdc776ec32a0d930cc3e7dbf79bde0c48f917ad
combustion_science/microgravity_investigation/PSI-102/raw/Reports/SAME_Wire_Report.pdf,1852991,78784625aaffb7420474a29b873454beaf5b38377edc11f6378cb087ca942cfa
combustion_science/microgravity_investigation/PSI-102/raw/Reports/Urban ICES talk.ppt,8259584,ace2a1841b1ae2441f8e09741e82ab09635d2d676f76238442f44c2ce437cc30
combustion_science/microgravity_investigation/PSI-102/raw/Science Documents/SAME_Baseline Concept Description Document_001 Rev A.pdf,247315,3eed4b7ecd71f9e37a3f7a78d7e7a011ff636bb24ec8bcc72ff97a8ac41b598a
combustion_science/microgravity_investigation/PSI-102/raw/Science Documents/SAME_Crew Interface Description_008 Rev A.pdf,694482,6d67f5e435a94a639f45d7781d998045ab9555dad422d67f8c93a7006995b8f6
combustion_science/microgravity_investigation/PSI-102/raw/Science Documents/SAME_Operations Manual_007.pdf,699811,ac00e24b0f9a0388c3ac5097cca67591112c9992c0c9d40a6810ca5ba7289f36
combustion_science/microgravity_investigation/PSI-102/raw/Science Documents/SAME_Software Description Document_003 Rev A.pdf,270540,e6b4b119f7adeb6df52529d47d856967c40ff325bba3c923b72785e7fa133ddf
combustion_science/microgravity_investigation/PSI-102/raw/Science Documents/SAME_Software Requirement Document_004 Rev D.pdf,400833,ea41d0a9db34f756f433b6954f1a0a9d6060e05ab45b6ef534ab60a8ff23d300
combustion_science/microgravity_investigation/PSI-102/reports/SAME_Baseline Concept Description Document_001 Rev A.pdf,247315,3eed4b7ecd71f9e37a3f7a78d7e7a011ff636bb24ec8bcc72ff97a8ac41b598a
combustion_science/microgravity_investigation/PSI-102/reports/SAME_Crew Interface Description_008 Rev A.pdf,694482,6d67f5e435a94a639f45d7781d998045ab9555dad422d67f8c93a7006995b8f6
combustion_science/microgravity_investigation/PSI-102/reports/SAME_Operations Manual_007.pdf,699811,ac00e24b0f9a0388c3ac5097cca67591112c9992c0c9d40a6810ca5ba7289f36
combustion_science/microgravity_investigation/PSI-102/reports/SAME_Software Description Document_003 Rev A.pdf,270540,e6b4b119f7adeb6df52529d47d856967c40ff325bba3c923b72785e7fa133ddf
combustion_science/microgravity_investigation/PSI-102/reports/SAME_Software Requirement Document_004 Rev D.pdf,400833,ea41d0a9db34f756f433b6954f1a0a9d6060e05ab45b6ef534ab60a8ff23d300
combustion_science/microgravity_investigation/PSI-102/reports/SAME_Wire_Report.pdf,1852991,78784625aaffb7420474a29b873454beaf5b38377edc11f6378cb087ca942cfa
combustion_science/microgravity_investigation/PSI-106/download.zip,9791,12f3f291f180f796884f17fd2c927aadc352b0f06760ae2abceded2aa8306516
combustion_science/microgravity_investigation/PSI-106/raw/Experimental table/Slice.csv,734,89ef980810ca6d9aa8be817b42e36cd2adff23f5e9058361b5a33d18b4363f4d
combustion_science/microgravity_investigation/PSI-106/raw/Investigation Metadata Files/PSI-106_metadata_PSI-174_SLICE.zip,8743,a3e2c30f0e6f379599638534571de281f504abbc407c3058f86a411df5008550
combustion_science/microgravity_investigation/PSI-107/download (1).zip,950929147,8a0e669da18fa6d00d6f5243be621cbfd114e9a06f5da94cd9dbe8d31c5ebbc3
combustion_science/microgravity_investigation/PSI-107/download (3).zip,6492881,27bf1f661fe4cfb51ac2ce7dc362f6f24e2e47e1f5d34e6d3d6bf1affe532f98
combustion_science/microgravity_investigation/PSI-107/download.zip,41025407,23b63b3b05be8998c76ea6bc9aed9e06d24f532bad0e2fcfdc7379f5b17873f2
combustion_science/microgravity_investigation/PSI-107/raw/Engineering Documents/60054MAFH000-C SPICE Experiment Assembly.pdf,591060,f80578410c1a3cdf5a84264e5d883df40ceb29a6a270e18a7a0b2f70b09bb202
combustion_science/microgravity_investigation/PSI-107/raw/Engineering Documents/MEM-010.pdf,113106,46babf9aaa8c26e8cbce989b6e63b9f59a670d36ef03339993291bb0fceb30ac
combustion_science/microgravity_investigation/PSI-107/raw/Engineering Documents/SLICE 4.001 SPICE Video Overlay Reset-MGUEMSGSLCEC001.pdf,1060135,c97875f8c1029d805f8206bd85b1b50990f4ea775f48f071065bacd860ef884a
combustion_science/microgravity_investigation/PSI-107/raw/Engineering Documents/SPICE Phase III Flight Safety Data Package_May 2008.pdf,4490750,f4af29131ce44e4124c105a1ea4c85623a98ef28f852f7fbe9f94b5652c2bf27
combustion_science/microgravity_investigation/PSI-107/raw/Engineering Documents/SPICE RPT-002 Science Verif Report_May 2007.pdf,237000,786175bc7fbb41785ad2642d15b8eb510983d7e217d7bb9f496955d00950775c
combustion_science/microgravity_investigation/PSI-107/raw/Experimental table/Spice.csv,31205,fb0d7e60cf5367afb429089e9901d27288f78038efd26c8de1db4fbe04117136
combustion_science/microgravity_investigation/PSI-107/raw/Investigation Metadata Files/PSI-107_metadata_PSI-176_SPICE.zip,9313,2ebc6e168e4f2614e205addfb9d0643b18d0c3f019109e8a75cda73dac935995
combustion_science/microgravity_investigation/PSI-107/raw/Raw Data/Data Images 045/045_SPICE_DSC_num.txt,1475,ab8b99c8167dc2aeefab89c380281220d3ba3fee3e51d60c33fcf9917b16c527
combustion_science/microgravity_investigation/PSI-107/raw/Raw Data/Data Images 045/Downlink Frame Grabs 36f.zip,7380242,d674607eff191f4569772f4e3bd4d0e1fecdbd223d555bf469c2748d14a8e7fa
combustion_science/microgravity_investigation/PSI-107/raw/Raw Data/Data Images 045/Ethylene assembled smoke hieght slide.  GMT 045 1503      11 26 2011.pptx,1447201,d25e7b55fdcb1b14a55639f354c964644c95625d7365ea948c3e8a09b66c70f0
combustion_science/microgravity_investigation/PSI-107/raw/Raw Data/Data Images 045/SPICE Day 045 Test Point Images.zip,3006740,01e1691c52cf9faccc7406a5159f4c3685e949d8797fe0e038c27e307855564e
combustion_science/microgravity_investigation/PSI-107/raw/Raw Data/Data Images 045/SPICE GMT045 2009 Contact Sheets.zip,86668356,b6375a165c45420fac698b351c754d326d32e63fb31e339dd911ab31e6dbe07e
combustion_science/microgravity_investigation/PSI-107/raw/Raw Data/Data Images 045/SPICE GMT045 2009 jpegs.zip,6793541,367ea3434bebf8b8b676cc1c44622a7feacf10a3424a19c0b5ca2c3f47020b0b
combustion_science/microgravity_investigation/PSI-107/raw/Raw Data/Data Images 045/Spice_Flight_Flamelength.xls,16896,c4625cd9b16ad5af1687c84f0212c0396368cfb1b1173ab80066e1c58e2da46c
combustion_science/microgravity_investigation/PSI-107/raw/Raw Data/Data Images 045/SPICE_GMT045_2009_NEF.zip,249350792,0b79e90de7fa52e1cd71aea673bd9a301f52ee230ec4bd28e0e25eedb9eb27f0
combustion_science/microgravity_investigation/PSI-107/raw/Raw Data/Data Images 045/SPICE_GMT045_2009_NikonD100_PictureBook.ppt,93862400,05aa8a02dc4083d58c986097551836cd71e1fed6978dd984e2e2f3730a2136c0
combustion_science/microgravity_investigation/PSI-107/raw/Raw Data/Data Images 045/vlcsnap downlink frame grabs.zip,48667244,7da2c26a2b44798455b449471ed072671b7b83034a2cc840ae589a096ca023b5
combustion_science/microgravity_investigation/PSI-107/raw/Raw Data/Data Images 048/048_SPICE_num.txt,1577,365e4112a347356c5ad6b78d5d6b4960a99d534c059dc553936ac3bce9381f55
combustion_science/microgravity_investigation/PSI-107/raw/Raw Data/Data Images 048/Downlink Frame Grabs - Ruler.zip,1028100,fe6980ac1786cee8093f5f37d5ee3580bf17de85b24878dfc2507944cd5509ee
combustion_science/microgravity_investigation/PSI-107/raw/Raw Data/Data Images 048/Downlink Frame Grabs - TP 13.zip,1291833,421c484a2ac08c771ecf36c09173a1c15c998574afcd3cabe871a47a7238344b
combustion_science/microgravity_investigation/PSI-107/raw/Raw Data/Data Images 048/Downlink Frame Grabs - TP 14.zip,2116454,4f309b7db9428d75c31dd7f81f324353180e6559bb4095b039d1a82e55d1600f
combustion_science/microgravity_investigation/PSI-107/raw/Raw Data/Data Images 048/Downlink Frame Grabs - TP 15.zip,1317589,767a36058e9491d42c089c6433e5c03e8b16794983cc5e847922d10f1a424be7
combustion_science/microgravity_investigation/PSI-107/raw/Raw Data/Data Images 048/Downlink Frame Grabs - TP 16.zip,15486800,8e2f9bc65f95fe59874c4dea15df8df713b0c775a7be708fc53615ed547ff810
combustion_science/microgravity_investigation/PSI-107/raw/Raw Data/Data Images 048/SPICE GMT048 2009 Contact Sheets.zip,81007511,c65e92590e8a8885caa6ed3f6729fb8c271b2db039ff7e68cf0b06d883f7f06b
combustion_science/microgravity_investigation/PSI-107/raw/Raw Data/Data Images 048/SPICE GMT048 2009 jpegs.zip,9011150,551486f44b00ccc38f56f09656211e0a73b00f62ebf9174feb197a11eeda29c5
combustion_science/microgravity_investigation/PSI-107/raw/Raw Data/Data Images 048/SPICE_GMT048_2009_NEF.zip,252817183,1d03f2c05033a75ae1beb40fb641b031869a33162313dbba1944d74bd2b5d3e2
combustion_science/microgravity_investigation/PSI-107/raw/Raw Data/Data Images 048/SPICE_GMT048_2009_NikonD100_PictureBook.ppt,88787968,781b1c7d8578263d4e5ba3bf1eb7d20bc586a54e34f47917f438369a556dbf68
combustion_science/microgravity_investigation/PSI-107/raw/Raw Data/SmokePointReview-0g-3.xlsx,295735,ed43c2b6c1cb82d1060ed4739a1ea04c68410e53e9f894f8078df0bda1f09fa9
combustion_science/microgravity_investigation/PSI-107/raw/Raw Data/Spice Flight Test Data II modified.xls,429568,52cdb88a3d6c1a4008abb3c1edc601f96a210985e1227e42687b5400784d108d
combustion_science/microgravity_investigation/PSI-107/raw/Raw Data/SPICE Image Organization Guide.docx,139512,2124cf2da51a5bbb46dd3072d16ba1a7c4eaffe33f99c4c56667114b8def1691
combustion_science/microgravity_investigation/PSI-107/raw/Reports/Dotson_umd_0117N_10980.pdf,2227738,1bb111e67a9101ca957265d08a193e55cc6e4cc800f84766f6bfbf2c6f3df9cf
combustion_science/microgravity_investigation/PSI-107/raw/Reports/Exp_19-20_SPICE_30-Day_PostFlight_Report.pdf,160909,0ba8a154fc17c560874c2ef23b508b9f078fa849650472f5819efc54eface32d
combustion_science/microgravity_investigation/PSI-107/raw/Reports/SLICE IP-C crew training 2010.pdf,1348519,1ec77f2a2a2a9835e7e94b5ba1f10f7e855c1a4339e4ad1458a8d1fc8effe192
combustion_science/microgravity_investigation/PSI-107/raw/Reports/SLICE IP-D crew training 2011.pdf,1339967,11ad76194acf095886b0baf33ac3cb960f266d55dce0ab5b15c69de0db7afb62
combustion_science/microgravity_investigation/PSI-107/raw/Reports/SPICE  ops 2-13-09.ppt,28868608,04593d8f34f6177400eda9e488e6cb0efc36c40278742c3ac1752e3123273def
combustion_science/microgravity_investigation/PSI-107/raw/Reports/SPICE AIAA 1-6 2010 0106.pdf,1306705,bd980e9e1195e0225a31c070c279b06a131f7f66a387a35ab3e7e17a25cde256
combustion_science/microgravity_investigation/PSI-107/raw/Reports/SPICE Final Report 12_2_2012.pdf,601754,95e76859017d201dcd6a9fb12f1df568aed77e0edf7a1b609975db37f32fa680
combustion_science/microgravity_investigation/PSI-107/raw/Reports/SPICE SRD 8-23-07 with sigs.doc,1112064,a1e281ff575f3ba017b0b187b5dfc2789df097adc29e1e1d77821cbc7e185e16
combustion_science/microgravity_investigation/PSI-107/raw/Reports/SPICE-1 Ops Overview and Smoke Point Cue Card.ppt,4048384,8a21464b0956d0445f7bb96df4fabdf7f0e53a4f396e9d5fdb97b2c49dc42855
combustion_science/microgravity_investigation/PSI-107/reports/Dotson_umd_0117N_10980.pdf,2227738,1bb111e67a9101ca957265d08a193e55cc6e4cc800f84766f6bfbf2c6f3df9cf
combustion_science/microgravity_investigation/PSI-107/reports/Exp_19-20_SPICE_30-Day_PostFlight_Report.pdf,160909,0ba8a154fc17c560874c2ef23b508b9f078fa849650472f5819efc54eface32d
combustion_science/microgravity_investigation/PSI-107/reports/SLICE IP-C crew training 2010.pdf,1348519,1ec77f2a2a2a9835e7e94b5ba1f10f7e855c1a4339e4ad1458a8d1fc8effe192
combustion_science/microgravity_investigation/PSI-107/reports/SLICE IP-D crew training 2011.pdf,1339967,11ad76194acf095886b0baf33ac3cb960f266d55dce0ab5b15c69de0db7afb62
combustion_science/microgravity_investigation/PSI-107/reports/SPICE AIAA 1-6 2010 0106.pdf,1306705,bd980e9e1195e0225a31c070c279b06a131f7f66a387a35ab3e7e17a25cde256
combustion_science/microgravity_investigation/PSI-107/reports/SPICE Final Report 12_2_2012.pdf,601754,95e76859017d201dcd6a9fb12f1df568aed77e0edf7a1b609975db37f32fa680
combustion_science/microgravity_investigation/PSI-159/download (1).zip,11591885,8fc7bbc600601419a327b40d3b8bff36bab2af37cf35f564105c9addc6462946
combustion_science/microgravity_investigation/PSI-159/raw/Engineering Documents/ACME Engineering Implementation Rpt..pdf,7496324,393f3ebc6662b10f0fe55d87ceda3b6696d2cc9c91266b81132761de50078456
combustion_science/microgravity_investigation/PSI-159/raw/Experimental table/CFI-G_Inverse Flames.csv,39422,d4d44f8b9896936728748e34d1b6ad0812032a92fa5289599b708c138e3a9b39
combustion_science/microgravity_investigation/PSI-159/raw/Experimental table/CFI-G_Normal Flames.csv,22166,d95a621c3fbd27d204dd32ed29fa17d68f2b779d6a523cde8479ed7ebaa5251a
combustion_science/microgravity_investigation/PSI-159/raw/Reports/FinalRpt_ACME.CFI-G.pdf,3894907,f6cce7cc08ca69c155994d7a8898e21cd4aba122f4e46d5e00708e4889a1ebab
combustion_science/microgravity_investigation/PSI-159/raw/Representative Image(s)/ACME logo.png,127968,92456d8cbb1ddc622553e44fef762de21f3037e37a3150eaecd58feb327cce6b
combustion_science/microgravity_investigation/PSI-159/raw/Representative Image(s)/CFI-G_Observation of non-premixed quasi-steady spherical cool flames on porous burners.jpg,9866,bf89cf938c09c799c6edb23f962ba0c7abb9cfd633cbc7264099e133cd8f6201
combustion_science/microgravity_investigation/PSI-159/reports/ACME Engineering Implementation Rpt..pdf,7496324,393f3ebc6662b10f0fe55d87ceda3b6696d2cc9c91266b81132761de50078456
combustion_science/microgravity_investigation/PSI-159/reports/FinalRpt_ACME.CFI-G.pdf,3894907,f6cce7cc08ca69c155994d7a8898e21cd4aba122f4e46d5e00708e4889a1ebab
combustion_science/microgravity_investigation/PSI-20/raw/Experimental table/ACME BRE.csv,1113,4aa5d3f98708ceacced5c620d46858b9965f8d4d941b203229f46467d53e5ab7
combustion_science/microgravity_investigation/PSI-21/raw/Experimental table/CLD Flame.csv,2454,9fafbc5b3dddaf715ce8025ed9154ce297803f7b69a935f077ec26c8249e44c0
combustion_science/microgravity_investigation/PSI-22/download.zip,22563555,811041aa016bcb13b9cd14d5a701420f37eb3f49636d66114fd09c13bc6e7218
combustion_science/microgravity_investigation/PSI-22/raw/Engineering Documents/ACME-DOC-010_D Software Interface Design Description1.pdf,1700304,4eb47116ce37987169a1f70d3afadc4d83a2b3976ee4c6f8c87e2ec4b7cbe3bb
combustion_science/microgravity_investigation/PSI-22/raw/Engineering Documents/ACME-DOC-010_D.pdf,2151284,9b966931336bf70c5bf544b5f02de1978ea206da55a51a0e5ee210f63e1de36c
combustion_science/microgravity_investigation/PSI-22/raw/Experimental table/ACME E-FIELD Flames.csv,2475,69090c357b83ae38d161d29001d1d32b40fd77b13324ca6585ee990cdceef524
combustion_science/microgravity_investigation/PSI-22/raw/Reports/ACME fact sheet 20180519.pdf,437766,39e4cbd2e7985b54a25cee3f8a7f60884eb75881ce9e1a512beeea4128a881c7
combustion_science/microgravity_investigation/PSI-22/raw/Reports/ACME fact sheet 20180820.pdf,1132230,1001b38b3f87ce6e60d2ea11acab7065a11e4fe0796f615558d53826edb6fca4
combustion_science/microgravity_investigation/PSI-22/raw/Reports/E-FIELD Flames 30-day report Inc 55-56 20181115.pdf,793069,198d97c22854a82780852dec511b275213811a749af1208f954d365503403d3a
combustion_science/microgravity_investigation/PSI-22/raw/Reports/E-FIELD Flames 30-day report Inc 57-58 20190601.pdf,660479,a54b7187d89a1607617161b04d2b13197e32e0cc10e4267d66479b7dc5e03e5c
combustion_science/microgravity_investigation/PSI-22/raw/Reports/E-FIELD Flames Final Report.pdf,3529827,9be4013278966e85d99dc0ce05db9f3376d37724bf5ea9072ce7b2c48bc8e5a1
combustion_science/microgravity_investigation/PSI-22/raw/Reports/PS-01548 ACME info sheet.pdf,874049,7df6102b20372bde6515408c6f71268432d1d6e8737df8cca890d3427752513d
combustion_science/microgravity_investigation/PSI-22/raw/Reports/PS-02788 ACME info sheet.pdf,4839732,2b6c470b544ab2b7cc8b00c516ab5609f5c3118d8537cb6866f0021397d724b6
combustion_science/microgravity_investigation/PSI-22/raw/Reports/PS-03055 ACME info sheet.pdf,3782346,62ee98ace867a5ad92c57654f39ac2176885150b5f483b5b5dbc72c377a96844
combustion_science/microgravity_investigation/PSI-22/raw/Reports/PS_00538  Unlocking Mysteries.pdf,2658200,29a51cb4c913de26b2188402611aeb80c28ec503c88e6abbafcf04cc2f800366
combustion_science/microgravity_investigation/PSI-22/reports/ACME fact sheet 20180519.pdf,437766,39e4cbd2e7985b54a25cee3f8a7f60884eb75881ce9e1a512beeea4128a881c7
combustion_science/microgravity_investigation/PSI-22/reports/ACME fact sheet 20180820.pdf,1132230,1001b38b3f87ce6e60d2ea11acab7065a11e4fe0796f615558d53826edb6fca4
combustion_science/microgravity_investigation/PSI-22/reports/E-FIELD Flames 30-day report Inc 55-56 20181115.pdf,793069,198d97c22854a82780852dec511b275213811a749af1208f954d365503403d3a
combustion_science/microgravity_investigation/PSI-22/reports/E-FIELD Flames 30-day report Inc 57-58 20190601.pdf,660479,a54b7187d89a1607617161b04d2b13197e32e0cc10e4267d66479b7dc5e03e5c
combustion_science/microgravity_investigation/PSI-22/reports/E-FIELD Flames Final Report.pdf,3529827,9be4013278966e85d99dc0ce05db9f3376d37724bf5ea9072ce7b2c48bc8e5a1
combustion_science/microgravity_investigation/PSI-22/reports/PS-01548 ACME info sheet.pdf,874049,7df6102b20372bde6515408c6f71268432d1d6e8737df8cca890d3427752513d
combustion_science/microgravity_investigation/PSI-22/reports/PS-02788 ACME info sheet.pdf,4839732,2b6c470b544ab2b7cc8b00c516ab5609f5c3118d8537cb6866f0021397d724b6
combustion_science/microgravity_investigation/PSI-22/reports/PS-03055 ACME info sheet.pdf,3782346,62ee98ace867a5ad92c57654f39ac2176885150b5f483b5b5dbc72c377a96844
combustion_science/microgravity_investigation/PSI-22/reports/PS_00538  Unlocking Mysteries.pdf,2658200,29a51cb4c913de26b2188402611aeb80c28ec503c88e6abbafcf04cc2f800366
combustion_science/microgravity_investigation/PSI-23/raw/Experimental table/ACME s-Flame.csv,2456,16cd10f50bd2e962887c8eb4077e5a9b3e790c78de8e0361c0b77e19300be7cf
combustion_science/microgravity_investigation/PSI-25/raw/Analyzed Data/Fan calibration data.xlsx,23973,bc0dca3efdef44a7774d8dd37aebc0cedae8d67d7bae8c9cbde9590014a3c983
combustion_science/microgravity_investigation/PSI-25/raw/Experimental table/BASS-II.csv,16590,71e792bf6b5fb5ea620c5dd70fbbac05515992e12aefcf5dff47312caa48c042
combustion_science/microgravity_investigation/PSI-26/raw/Experimental table/BASS.csv,4726,ccfc3c54d948b64a1c5d2596a63c7c8019e51df0c91a1d62f039f48fa28c300f
combustion_science/microgravity_investigation/PSI-39/download (1).zip,16911513,8abfc1eadaa627ae3ab7b54a369ce5236fdfe603aa1fcae2693dee8d89046e1e
combustion_science/microgravity_investigation/PSI-39/download (2).zip,6061375,448fe3f96f24980e3cf6fcb719ad4a931937f9861ca33d106659ec8f5440be49
combustion_science/microgravity_investigation/PSI-39/download.zip,13133519,837e3d2374f43850c6f9f38f8565426d63d31b429922b2d57d235210935f9468
combustion_science/microgravity_investigation/PSI-39/raw/Analyzed Data/CFI_DataSummary_Spreadsheet_Jan2021.xlsx,208743,a5b04b6a32bda764a9b367e491cc46b78ad0af0ac6b5e723e63b57abdb1d7dd8
combustion_science/microgravity_investigation/PSI-39/raw/Analyzed Data/FLEX-1206_Summary-prelim.pdf,179513,6bcae09a64feb1b94974950eae1f5da50f921439d3d93b23387dc6cacc394fe1
combustion_science/microgravity_investigation/PSI-39/raw/Analyzed Data/FLEX-1206_Summary.pdf,233495,b975c3ec71906a82ad128bf64f838ead7641c982cb31d6da5314af12431371f1
combustion_science/microgravity_investigation/PSI-39/raw/Analyzed Data/FLEX-1206_SummaryGraph.pxp,77411,145909621834cb897c9a048bca5effa87d4f2d3a4512640df9c5da5f3508063b
combustion_science/microgravity_investigation/PSI-39/raw/Analyzed Data/FLEX-1207_Summary.pdf,232424,23b15435e275d7507e7ad27a0ab545ffc89fb984664fbfa88420f72f8793b88e
combustion_science/microgravity_investigation/PSI-39/raw/Analyzed Data/FLEX-1208_Summary.pdf,228720,9fbddc893ce3d110ac32f9e28ccd6d9f0d767a08be9305436292e60ea4f499be
combustion_science/microgravity_investigation/PSI-39/raw/Analyzed Data/FLEX-1209_Summary.pdf,221992,acec6862d0f07be5aba40043b9a32922ad898927b2fcf4523f2643d5f607eff4
combustion_science/microgravity_investigation/PSI-39/raw/Analyzed Data/FLEX-1210_Summary.pdf,198043,f5c7879180e0898478c48c9986bc955b2e5dfd134ed830b538ed8c9a70f4b8aa
combustion_science/microgravity_investigation/PSI-39/raw/Analyzed Data/FLEX-1211_PrelimSummary.pdf,180190,0224636d9543594f05534b3d7d014e780ee103aafb34b932a8629759257ed96b
combustion_science/microgravity_investigation/PSI-39/raw/Analyzed Data/FLEX-1211_PrelimSummary_1.pdf,270329,70a4f3204e1c2183d1098c2f2629189c347bd9d35f94f78566b8ce739d35b8c2
combustion_science/microgravity_investigation/PSI-39/raw/Analyzed Data/FLEX-1211_Summary.pdf,238256,37e63f116ed5dd77851185e517641111e3d4356fd4a6a55cb404aa4cc5463377
combustion_science/microgravity_investigation/PSI-39/raw/Analyzed Data/FLEX-1213_Summary.pdf,361255,f719bf08c3d3f75ca5c97f43a73c4d91ab39e22a20bb2c752d94fafbc61d85eb
combustion_science/microgravity_investigation/PSI-39/raw/Analyzed Data/FLEX-1215_Summary.pdf,358883,526f47a14de139a260c9ef65cc2019ff880c8f6396e0cb8a194fae42dc48e8c5
combustion_science/microgravity_investigation/PSI-39/raw/Analyzed Data/FLEX-1218_Summary.pdf,356995,c643fafa50f134514aded7e1a50ccd2b03a0ce3b1bb1288660666311321cced5
combustion_science/microgravity_investigation/PSI-39/raw/Analyzed Data/FLEX-1221_Summary.pdf,359580,6c7f742653a6701dcc42812ebe624fc29df2b9464192c7986c4664305b6922b3
combustion_science/microgravity_investigation/PSI-39/raw/Analyzed Data/FLEX-1223_Summary.pdf,337511,c5cb49c9cc6664d33c5d49524f08754d30e71e7a9c0a8b7dc3626b0ef24f8864
combustion_science/microgravity_investigation/PSI-39/raw/Analyzed Data/FLEX-1226_Summary.pdf,334975,4dbe57389d0cbda411afa787ab72cfd5621ffcd58530b942316f668e3d3085f9
combustion_science/microgravity_investigation/PSI-39/raw/Analyzed Data/FLEX-1227_Summary.pdf,312954,36c6710a6c0bc9dd1957fd0fdc28f8a107f2543e4e881c2147d9efbe43b0ef36
combustion_science/microgravity_investigation/PSI-39/raw/Analyzed Data/FLEX-1231_Summary.pdf,328679,d655a73b6a982db9b584561ec993814808fe5212314cd1f0473a3a3737de7104
combustion_science/microgravity_investigation/PSI-39/raw/Analyzed Data/FLEX-1231_Summary_1.pdf,4271880,e18ce2ea5e025a92b07d5bca71b23b76e46775753a03fd62218a376c9ae077a2
combustion_science/microgravity_investigation/PSI-39/raw/Analyzed Data/FLEX-1232_Summary.pdf,364832,f338e1c9048dae760cd12da5920e53b5cf1cc9390ae6a40d7fbef9c85f946cd3
combustion_science/microgravity_investigation/PSI-39/raw/Analyzed Data/FLEX-1238_Summary.pdf,380605,ab9530d2da5b140a00da2aa7ec346455e13b1750a2595f8b6fd2cfb5fa2e4d20
combustion_science/microgravity_investigation/PSI-39/raw/Analyzed Data/FLEX-1239_Summary.pdf,270563,136b975f99dae44ccd72aab2b4b51b9008f3a81ebb76bfe4be2bacc381cf3d1c
combustion_science/microgravity_investigation/PSI-39/raw/Analyzed Data/FLEX-1239_Summary_v2.pdf,393558,e25caeec8c4e143dbe46f1088862c2eaaab461a67b7f009fa29dd43d8f57ab60
combustion_science/microgravity_investigation/PSI-39/raw/Analyzed Data/FLEX-1240_Summary.pdf,349778,91dc839541d4aa5edf03916b67ad53a438a08011296c219f49d7b192d875ca6d
combustion_science/microgravity_investigation/PSI-39/raw/Analyzed Data/FLEX-1248_Summary.pdf,382777,532d5ad452ede1f2f7210470e289d8e804b0d7aa4f73c1a6ec2e45ccef54ff59
combustion_science/microgravity_investigation/PSI-39/raw/Analyzed Data/FLEX-1249_Summary.pdf,334334,bc307b9531ade41515d8a43bc0b1ef495bd872f3f64777e6b3822afda89b6d11
combustion_science/microgravity_investigation/PSI-39/raw/Analyzed Data/FLEX-1250_Summary.pdf,349831,6b3b066a070e57a471d29247410efaf74b8b8cdcb6ac3577ebe5ba9c78ec1943
combustion_science/microgravity_investigation/PSI-39/raw/Analyzed Data/FLEX-1253_Summary.pdf,394976,93a041672e097ec159d200e6d5645ad866339d4baee909aa657aba2373fd86e6
combustion_science/microgravity_investigation/PSI-39/raw/Analyzed Data/FLEX-1261_Summary.pdf,243278,818b3f250b2f4df8f769d2c014ca8ee582f82262669af95082da69d6d9c0e048
combustion_science/microgravity_investigation/PSI-39/raw/Analyzed Data/FLEX-1261_Summary_prelim.pdf,211160,8a8649ce1f36b2f434c0a033b454407581ea510bc61753235dca9766589eae2b
combustion_science/microgravity_investigation/PSI-39/raw/Analyzed Data/FLEX-1264_Summary.pdf,370986,f7a6f91f563eca56b17531ad8ba8ee30e8f50f128cd1a7c4a4293eb37730a754
combustion_science/microgravity_investigation/PSI-39/raw/Analyzed Data/FLEX-1393_Summary.pdf,484921,2620445e3885e766c211612638a80535767e644c28b83459979efdf9f3889154
combustion_science/microgravity_investigation/PSI-39/raw/Experimental table/CFI.csv,7792,fb898e28762353aa132c16b886dbd207a024b1dd3c9bed5928d70d8036d2ec7e
combustion_science/microgravity_investigation/PSI-39/raw/Reports/Aspects of Cool-Flame Supported Droplet Combustion in Microgravity_CFI.pdf,1412488,302c8a9bcb5a847db044a6bd87f0319431132f5bbd506ae47837b41930b66aab
combustion_science/microgravity_investigation/PSI-39/raw/Reports/CFI Science Final Report.pdf,811459,e15158689180314583917200a071730d3aed9088e1ae689b847bd416674010f9
"combustion_science/microgravity_investigation/PSI-39/raw/Reports/Cool Flames in Space, a Hot Prospect on Earth_CFI.pdf",4532795,3ba86ea9b4f6c2e60f84da1637729ddf436c48493ad7ce2514cbbf676189593c
combustion_science/microgravity_investigation/PSI-39/raw/Reports/Pres_SCR_CFI.pdf,3630234,5c050f1ed28349fd3f101db152ce293f5b36b7b975ca6f24ac26b43779aedc11
combustion_science/microgravity_investigation/PSI-39/raw/Science Documents/CFI Operational Requirements and Protocols.pdf,115496,4e6dc66cb2a4bac018296ddc956281f71637242d72a764fc8d5e349bf1418a7b
combustion_science/microgravity_investigation/PSI-39/raw/Science Documents/SRD_CFI.pdf,12260561,d1098335a97e23aecb8528f3a3d413b2eccf27d12f2dcc58d5c6645e1c5d9e89
combustion_science/microgravity_investigation/PSI-39/reports/Aspects of Cool-Flame Supported Droplet Combustion in Microgravity_CFI.pdf,1412488,302c8a9bcb5a847db044a6bd87f0319431132f5bbd506ae47837b41930b66aab
combustion_science/microgravity_investigation/PSI-39/reports/CFI Operational Requirements and Protocols.pdf,115496,4e6dc66cb2a4bac018296ddc956281f71637242d72a764fc8d5e349bf1418a7b
combustion_science/microgravity_investigation/PSI-39/reports/CFI Science Final Report.pdf,811459,e15158689180314583917200a071730d3aed9088e1ae689b847bd416674010f9
"combustion_science/microgravity_investigation/PSI-39/reports/Cool Flames in Space, a Hot Prospect on Earth_CFI.pdf",4532795,3ba86ea9b4f6c2e60f84da1637729ddf436c48493ad7ce2514cbbf676189593c
combustion_science/microgravity_investigation/PSI-39/reports/Pres_SCR_CFI.pdf,3630234,5c050f1ed28349fd3f101db152ce293f5b36b7b975ca6f24ac26b43779aedc11
combustion_science/microgravity_investigation/PSI-39/reports/SRD_CFI.pdf,12260561,d1098335a97e23aecb8528f3a3d413b2eccf27d12f2dcc58d5c6645e1c5d9e89
combustion_science/microgravity_investigation/PSI-47/download.zip,3456578,39ad3499941e8b96ca96f07c24984154c7ad69d79b2be3b5a86b0a81a74340c1
combustion_science/microgravity_investigation/PSI-47/raw/Analyzed Data/DAFT Flight Data GMT053.xls,129024,b23a421107e33dc8c7b62cba654aec0e855c369f84aab64165a167c76f1c22fc
combustion_science/microgravity_investigation/PSI-47/raw/Analyzed Data/DAFT Retrieved Data Summary.xls,1004032,a5c23d302f076de6e2c5477b9f0a06eb90698a3650a48ec34a3b8431abec3c02
combustion_science/microgravity_investigation/PSI-47/raw/Analyzed Data/flight data 063.xls,268288,bad018a09e95063e1e1770168b9397a93ac2f34089bb1da0f50ef046d25a326a
combustion_science/microgravity_investigation/PSI-47/raw/Analyzed Data/flight data 063_DTrk0002.xls,283648,a3bb7d6d33f733c0fd3f823067cb1f3fc9bf3d691c9b559d081b25470fbc7ece
combustion_science/microgravity_investigation/PSI-47/raw/Analyzed Data/flight data 063_DTrk0003.xls,283648,a3ee33e657640d3cd98eb6cd24dc9e84c651848e9c1f8ff50656156c555e149b
combustion_science/microgravity_investigation/PSI-47/raw/Analyzed Data/flight data 063_DTrk0004.xls,283648,777e384751f4af3a2de75912ca765e0633147240c0c3fb98eed1f644cbfd013f
combustion_science/microgravity_investigation/PSI-47/raw/Analyzed Data/flight data 063_PTrk0002.xls,283648,b622b43c51c1fa9de57b908aaddd5c1efb2d7c95d001572b1e384f1ca8aa60a8
combustion_science/microgravity_investigation/PSI-47/raw/Analyzed Data/flight data 063_PTrk0003.xls,283648,2ae19151a0da7f4ec4b9b7e3958863d269308a5cfe421ccc2f565857488fa371
combustion_science/microgravity_investigation/PSI-47/raw/Analyzed Data/flight data 063_PTrk0004.xls,283648,fe519ed4d5a8f9e3267e897761b6e05115bea1f8d2bbee17f256a120f0aba644
combustion_science/microgravity_investigation/PSI-47/raw/Analyzed Data/flight data 063_TIMING.xls,283648,6161d44284bc9fb8e2d7038caa6e7e239f264195d21ebe5c0d97dcb932d4ea30
combustion_science/microgravity_investigation/PSI-47/raw/Analyzed Data/ISS_Daft_Aug21_06 urban.xls,29696,91116542d271d66228c5fe802a9a160acc066a39069c7e2406fbc6524cad3c42
combustion_science/microgravity_investigation/PSI-47/raw/Analyzed Data/ISS_Daft_Aug21_0611zgy time hist.xls,38400,2d321c32d3cd008521a1f0f488659ed4a1cd7b0353ff0647a17671416b934b40
combustion_science/microgravity_investigation/PSI-47/raw/Experimental table/DAFT.csv,518,d9d1a436c6e7bbc410b433e04575fe7dedaff763b5237d688089929b7393b5c0
combustion_science/microgravity_investigation/PSI-68/raw/Experimental table/Flex2.csv,1029,cc57ad1bd9977aa13e7ac6c3aa618303012686e232b36c052c6a9f1a74e5f528
combustion_science/microgravity_investigation/PSI-69/raw/Experimental table/FLEX.csv,24776,37c88ce8ae9391b7544ff630a45ce87543d04d317cdbfbed104fe7d5c27e1b96
combustion_science/microgravity_investigation/PSI-98/download.zip,12854467,d05e945ad26cdbe21c56bad01da68167aaff3bf351e555ff78755a540dc79d72
combustion_science/microgravity_investigation/PSI-98/raw/Experimental table/SAFFIRE-1.csv,469,c01f29c62455f0a3b512290ab85e5687ecded326733189f002f580368402308d
combustion_science/microgravity_investigation/PSI-98/raw/Raw Data/SAFFIRE-1_MergeResult-jpeg_Update_Final_v2.xlsx,12325177,9bfeb80f921d966932e9f903b713148a5f5ec5b13e79564e527f268cc0709536
"combustion_science/microgravity_investigation/PSI-98/raw/Reports/SAFFIRE Objectives, Development and Status.pdf",186259,6cff0b55b8f1416f5b5b768b7fd22ae31991791ef633865471b72ff19ff4159b
combustion_science/microgravity_investigation/PSI-98/raw/Science Documents/SAFFIRE-I and SAFFIRE-III DoD.docx,65426,49c939337fa00a0473f7efa10367288f510afcbf69dd7f5405054a2617d3a66d
combustion_science/microgravity_investigation/PSI-98/raw/Science Documents/SAFFIRE-I Image Directory Nomenclature.pdf,262860,c775153b5c68f5aa8bbdcdb455ef9f737f5291da752ce6befe1f5558cf3fd6ce
combustion_science/microgravity_investigation/PSI-98/raw/Science Documents/SAFFIRE-I Operations.pdf,13957,01f812143679acbd31d7013404e3a8b8752ad554cf93b40a96845ebf37ffe882
"combustion_science/microgravity_investigation/PSI-98/reports/SAFFIRE Objectives, Development and Status.pdf",186259,6cff0b55b8f1416f5b5b768b7fd22ae31991791ef633865471b72ff19ff4159b
combustion_science/microgravity_investigation/PSI-98/reports/SAFFIRE-I Image Directory Nomenclature.pdf,262860,c775153b5c68f5aa8bbdcdb455ef9f737f5291da752ce6befe1f5558cf3fd6ce
combustion_science/microgravity_investigation/PSI-98/reports/SAFFIRE-I Operations.pdf,13957,01f812143679acbd31d7013404e3a8b8752ad554cf93b40a96845ebf37ffe882
combustion_science/microgravity_investigation/PSI-99/download.zip,20822732,f3976670bbf8708f0a1597a7b22fcfb017b5c75d0852a4f15fee9349f13ab1d3
combustion_science/microgravity_investigation/PSI-99/raw/Experimental table/SAFFIRE-2.csv,1973,3c24390b9ef86f3d1ebaab911a1a3cc95a8759aebf42062371370e6d4b31b8ac
combustion_science/microgravity_investigation/PSI-99/raw/Raw Data/SAFFIRE-II_MergeResult-jpeg_v5_Final.xlsx,20820425,1889a35b7f6b9a6de3cc15d099929ca747052f2d5e54283a521680d9593f9277
