,time ,Radiance (W),time,df (mm),,,,time ,Radiance (W),time,df (mm),,,Simulation,,time (s),Q(W),,Simulation,time (s),Q (W),,,Simulation,Time(sec),Dflame (mm),,Simulation ,Time(sec),Dflame (mm),,,Simulation,Time(sec),T_max(K),,Simulation,Time(sec),T_max(K)
0.5 atm,0,17.13271608,0.041884817,22.18673219,,,5 atm,0.031897725,7.897883638,0.083769634,7.997542998,,,Radiance,0.5 atm,0,0,,Radiance 5 atm,0,8.93155E-07,,,Flame Diameter 0.5 atm,0,100.34775,,Flame Diameter 5 atm,0,100.34775,,,Tmax 0.5 atm,0,2400,,Tmax 5 atm,0,2400
do 4.46 mm,0.981518423,20.2458781,0.376963351,23.21867322,,,do 4.48 mm,0.994070514,10.40617403,0.335078534,7.30958231,,,,,0,0,,,2.75E-10,8.93155E-07,,,,0,100.34775,,,0,100.34775,,,,0,2400,,,0,2400
,1.985993959,22.49545533,0.712041885,23.3046683,,,,2.039857842,13.17385685,0.544502618,6.965601966,,,,,1E-10,0.47023868,,,8.25E-10,8.93155E-07,,,,1E-10,100.34775,,,1E-10,100.34775,,,,1E-10,2400,,,1E-10,2400
,2.949488021,23.96798739,0.963350785,20.98280098,,,,0.192960865,13.25020734,1.256544503,9.545454545,,,,,3E-10,0.56190087,,,1.925E-09,8.93155E-07,,,,3E-10,100.34775,,,3E-10,100.34775,,,,3E-10,2399.99,,,3E-10,2400
,3.95638589,24.31867437,1.42408377,22.78869779,,,,3.001810419,15.85477362,1.633507853,10.40540541,,,,,5.47E-10,0.619364194,,,4.125E-09,8.93155E-07,,,,5.46826E-10,100.34775,,,7E-10,100.34775,,,,5.46826E-10,2399.99,,,7E-10,2400
,4.963724183,24.32410856,1.884816754,24.16461916,,,,3.001810419,15.85477362,1.968586387,11.17936118,,,,,7.94E-10,0.657929338,,,8.525E-09,8.93155E-07,,,,7.93652E-10,100.34775,,,1.1E-09,100.34775,,,,7.93652E-10,2399.99,,,1.1E-09,2400
,5.970732158,24.58848234,2.471204188,25.36855037,,,,4.006065743,18.27697724,2.303664921,9.287469287,,,,,1.04E-09,0.687352401,,,1.7325E-08,1.39581E-06,,,,1.04048E-09,100.34775,,,1.9E-09,100.34775,,,,1.04048E-09,2399.98,,,1.9E-09,2400
,6.978510876,24.24866377,3.183246073,26.65847666,,,,4.968348638,20.69895443,2.345549738,10.57739558,,,,,1.53E-09,0.731740058,,,3.4925E-08,5.64858E-07,,,,1.53413E-09,100.34775,,,3.5E-09,100.34775,,,,1.53413E-09,2399.98,,,3.5E-09,2400
,8.95187567,23.74142658,3.895287958,27.43243243,,,,5.973705022,22.25802612,2.345549738,11.95331695,,,,,2.03E-09,0.766061184,,,7.0125E-08,4.40451E-07,,,,2.02778E-09,100.34775,,,6.7E-09,100.34775,,,,2.02778E-09,2399.98,,,6.7E-09,2400
,10.97249798,19.09138252,4.481675393,28.12039312,,,,7.021694472,23.29944506,2.345549738,11.95331695,,,,,3.02E-09,0.817010193,,,1.40525E-07,1.22522E-08,,,,3.01509E-09,100.3473,,,1.31E-08,100.34775,,,,3.01509E-09,2399.98,,,1.31E-08,2400
,12.03898525,5.632184949,5.277486911,28.80835381,,,,7.986509806,23.73621881,2.471204188,13.58722359,,,,,0.000000004,0.855090879,,,2.805E-07,1.04301E-06,,,,4.00239E-09,100.3473,,,2.59E-08,100.34775,,,,4.00239E-09,2399.98,,,2.59E-08,2400
,13.00600271,4.342694819,6.115183246,29.75429975,,,,9.035269998,24.1734454,2.764397906,14.79115479,,,,,5.98E-09,0.912686468,,,5.6375E-07,1.19286E-06,,,,5.977E-09,100.3473,,,3.87E-08,100.34775,,,,5.977E-09,2399.98,,,3.87E-08,2400
,14.01422185,3.65762347,6.827225131,30.18427518,,,,10.00074597,24.09233998,3.183246073,14.79115479,,,,,7.95E-09,0.955801837,,,1.1275E-06,3.45575E-08,,,,7.95161E-09,100.3473,,,6.43E-08,100.34775,,,,7.95161E-09,2399.97,,,6.43E-08,2400
,14.97991803,3.403891663,7.706806283,30.87223587,,,,11.05071733,23.58012144,3.392670157,14.44717445,,,,,9.93E-09,0.990886297,,,2.25225E-06,5.48428E-07,,,,9.92622E-09,100.3473,,,1.155E-07,100.34775,,,,9.92622E-09,2399.97,,,1.155E-07,2399.99
,16.02955907,3.150612706,8.795811518,31.56019656,,,,11.97422087,23.4987896,3.811518325,15.90909091,,,,,1.39E-08,1.046407994,,,3.3825E-06,1.6751E-07,,,,1.38754E-08,100.3473,,,1.667E-07,100.34775,,,,1.38754E-08,2399.97,,,1.667E-07,2399.99
,17.03733779,2.810794131,9.591623037,32.16216216,,,,13.02055873,25.83490645,3.811518325,15.90909091,,,,,1.78E-08,1.089209528,,,0.00000451,9.31796E-08,,,,1.78247E-08,100.3473,,,2.691E-07,100.34775,,,,1.78247E-08,2399.97,,,2.691E-07,2399.99
,18.00248344,2.988628292,10.21989529,32.59213759,,,,14.03086988,23.50988442,4.272251309,17.11302211,,,,,2.57E-08,1.156028414,,,0.000006765,3.36653E-07,,,,2.57231E-08,100.3473,,,4.739E-07,100.34775,,,,2.57231E-08,2399.97,,,4.739E-07,2399.99
,18.96817962,2.734896485,10.93193717,33.02211302,,,,14.98412408,33.00954349,5.02617801,18.14496314,,,,,3.36E-08,1.207363233,,,0.00000902,1.78003E-07,,,,3.36215E-08,100.3473,,,6.787E-07,100.34775,,,,3.36215E-08,2399.97,,,6.787E-07,2399.98
,20.01771056,2.567930722,,,,,,16.00324372,23.77946597,5.863874346,19.26289926,,,,,4.15E-08,1.249407032,,,0.00001353,1.34303E-07,,,,4.152E-08,100.3473,,,1.0883E-06,100.3473,,,,4.152E-08,2399.97,,,1.0883E-06,2399.98
,20.9412141,2.486598877,,,,,,17.0535454,23.00830786,6.57591623,20.03685504,,,,,5.73E-08,1.316482874,,,1.80125E-05,1.50011E-07,,,,5.73169E-08,100.3473,,,1.4979E-06,100.3473,,,,5.73169E-08,2399.96,,,1.4979E-06,2399.97
,21.99063493,2.405946308,,,,,,18.51993787,25.08774937,7.455497382,20.38083538,,,,,7.31E-08,1.369491548,,,2.25225E-05,3.1196E-07,,,,7.31137E-08,100.3473,,,2.3171E-06,100.3473,,,,7.31137E-08,2399.96,,,2.3171E-06,2399.96
,23.04005576,2.325293738,,,,,,19.53146019,21.81328222,8.12565445,20.8968059,,,,,8.89E-08,1.413628606,,,2.70325E-05,2.06403E-07,,,,8.89106E-08,100.3473,,,3.9555E-06,100.34685,,,,8.89106E-08,2399.96,,,3.9555E-06,2399.94
,23.9635593,2.243961893,,,,,,20.53956923,21.21452406,9.130890052,21.4987715,,,,,0.000000121,1.486065179,,,0.000031625,7.24765E-07,,,,1.20504E-07,100.34685,,,5.5939E-06,100.3464,,,,1.20504E-07,2399.95,,,5.5939E-06,2399.92
,24.9711178,2.076769705,,,,,,21.50526541,20.96079225,9.80104712,21.58476658,,,,,0.000000152,1.542038423,,,0.000036025,2.37819E-07,,,,1.52098E-07,100.34685,,,8.8707E-06,100.3455,,,,1.52098E-07,2399.95,,,8.8707E-06,2399.88
,25.9785662,1.99589071,,,,,,22.47151212,20.27549448,10.89005236,21.84275184,,,,,0.000000215,1.631197788,,,0.0000451,3.33511E-06,,,,2.15286E-07,100.34685,,,1.21475E-05,100.34505,,,,2.15286E-07,2399.94,,,1.21475E-05,2399.83
,26.98557418,2.26026449,,,,,,23.47973126,19.59042313,11.97905759,21.92874693,,,,,0.000000278,1.700583695,,,0.000053075,1.90538E-06,,,,2.78473E-07,100.3464,,,1.87011E-05,100.34325,,,,2.78473E-07,2399.93,,,1.87011E-05,2399.75
,28.0347748,2.352238308,,,,,,24.48795041,18.90535178,12.43979058,21.92874693,,,,,0.000000342,1.758668485,,,0.000061325,4.75637E-07,,,,3.41661E-07,100.3464,,,2.52547E-05,100.3419,,,,3.41661E-07,2399.92,,,2.52547E-05,2399.66
,29.00047098,2.098506501,,,,,,25.53902283,17.53000131,12.94240838,22.01474201,,,,,0.000000468,1.850398221,,,0.0000693,4.07245E-06,,,,4.68036E-07,100.34595,,,3.83619E-05,100.33875,,,,4.68036E-07,2399.9,,,3.83619E-05,2399.49
,29.96605706,1.931087888,,,,,,26.54735207,16.75861676,13.48691099,21.58476658,,,,,0.000000594,1.923309303,,,0.00007755,6.8204E-07,,,,5.94411E-07,100.3455,,,5.14691E-05,100.3356,,,,5.94411E-07,2399.89,,,5.14691E-05,2399.32
,30.8895606,1.849756043,,,,,,27.55469037,16.76405096,14.11518325,21.24078624,,,,,0.000000721,1.984676173,,,0.000093775,3.95432E-06,,,,7.20786E-07,100.3455,,,6.45763E-05,100.333123,,,,7.20786E-07,2399.88,,,6.45763E-05,2399.15
,31.98051343,2.114582673,,,,,,28.56301961,15.99266642,14.36649215,22.1007371,,,,,0.000000974,2.083837055,,,0.00011,1.3446E-06,,,,9.73536E-07,100.3446,,,9.07907E-05,100.3268229,,,,9.73536E-07,2399.85,,,9.07907E-05,2398.81
,32.94631972,1.774537673,,,,,,29.48707369,15.47976861,14.91099476,21.92874693,,,,,0.00000123,2.164172968,,,0.000126225,1.24596E-05,,,,1.22629E-06,100.34415,,,0.000117005,100.3209729,,,,1.22629E-06,2399.82,,,0.000117005,2398.48
,33.95365801,1.779971872,,,,,,30.49562315,14.53575768,15.7486911,21.15479115,,,,,0.00000173,2.287207797,,,0.00014245,8.99438E-06,,,,1.73179E-06,100.3428,,,0.00014322,100.3146729,,,,1.73179E-06,2399.78,,,0.00014322,2398.14
,34.96066599,2.044345651,,,,,,31.50373218,13.93699952,16.37696335,20.98280098,,,,,0.00000224,2.385028391,,,0.000158675,1.05558E-05,,,,2.23729E-06,100.3419,,,0.000195648,100.0795448,,,,2.23729E-06,2399.73,,,0.000195648,2397.64
,35.96822449,1.877153463,,,,,,32.51162101,13.51086775,16.83769634,20.98280098,,,,,0.00000274,2.46421,,,0.0001749,1.21171E-05,,,,2.74279E-06,100.341,,,0.000248077,99.59579265,,,,2.74279E-06,2399.69,,,0.000248077,2397.45
,36.93359036,1.882361237,,,,,,33.51928962,13.25736237,17.13089005,25.1965602,,,,,0.00000325,2.533346777,,,0.000223575,2.30593E-06,,,,3.24829E-06,100.33965,,,0.000352935,99.04251028,,,,3.24829E-06,2399.64,,,0.000352935,2397.07
,37.94114886,1.715169049,,,,,,34.52772897,12.39966463,17.13089005,25.1965602,,,,,0.00000426,2.646949438,,,0.000256025,1.31633E-06,,,,4.25929E-06,100.33785,,,0.000447307,98.75697783,,,,4.25929E-06,2399.55,,,0.000447307,2396.72
,38.90651473,1.720376823,,,,,,35.53517737,12.31878564,17.67539267,23.64864865,,,,,0.00000527,2.739831473,,,0.00028875,5.93761E-06,,,,5.27029E-06,100.3356,,,0.000541678,98.56504516,,,,5.27029E-06,2399.46,,,0.000541678,2396.37
,39.95593556,1.639724253,,,,,,36.54328641,11.72002748,18.05235602,22.7027027,,,,,0.00000628,2.81882171,,,0.00032175,1.05589E-05,,,,6.28129E-06,100.33335,,,0.00063605,98.42621233,,,,6.28129E-06,2399.37,,,0.00063605,2396.01
,,,,,,,,37.50931291,11.20735609,18.55497382,21.58476658,,,,,0.00000729,2.887795809,,,0.000385,1.12469E-05,,,,7.29229E-06,100.3311,,,0.000824794,98.23494637,,,,7.29229E-06,2399.29,,,0.000824794,2395.3
,,,,,,,,38.51742194,10.60859794,19.22513089,20.72481572,,,,,0.00000931,3.004589137,,,0.00044275,3.65367E-05,,,,9.31429E-06,100.32705,,,0.00101354,98.10556207,,,,9.31429E-06,2399.11,,,0.00101354,2394.59
,,,,,,,,39.48476972,9.060168227,20.06282723,20.72481572,,,,,0.0000113,3.100433103,,,0.00050325,3.0065E-06,,,,1.13363E-05,100.32255,,,0.00129665,97.96941245,,,,1.13363E-05,2398.93,,,0.00129665,2393.52
,,,,,,,,,,21.57068063,20.63882064,,,,,0.0000134,3.187293355,,,0.000561,3.07939E-05,,,,1.33583E-05,100.3185,,,0.00167414,97.84046124,,,,1.33583E-05,2398.76,,,0.00167414,2392.13
,,,,,,,,,,22.45026178,20.29484029,,,,,0.0000174,3.325151081,,,0.00061875,2.38761E-07,,,,1.74023E-05,100.30995,,,0.00205163,97.74097667,,,,1.74023E-05,2398.41,,,0.00205163,2390.79
,,,,,,,,,,23.28795812,20.29484029,,,,,0.0000214,3.438574373,,,0.000737,4.07245E-05,,,,2.14463E-05,100.0242,,,0.00242912,97.63677312,,,,2.14463E-05,2398.28,,,0.00242912,2389.52
,,,,,,,,,,23.83246073,20.03685504,,,,,0.0000255,3.537679726,,,0.00083875,8.06258E-05,,,,2.54903E-05,99.684,,,0.0028066,97.06835807,,,,2.54903E-05,2398.27,,,0.0028066,2388.75
,,,,,,,,,,24.71204188,19.86486486,,,,,0.0000295,3.622233962,,,0.0009405,0.000123025,,,,2.95343E-05,99.43065,,,0.00318409,96.66082885,,,,2.95343E-05,2398.26,,,0.00318409,2388.06
,,,,,,,,,,25.67539267,19.09090909,,,,,0.0000336,3.699456681,,,0.00108075,0.000168983,,,,3.35783E-05,99.23355,,,0.00356158,96.3493651,,,,3.35783E-05,2398.24,,,0.00356158,2387.49
,,,,,,,,,,26.38743455,18.83292383,,,,,0.0000417,3.831266868,,,0.00128975,0.000394961,,,,4.16663E-05,98.94645,,,0.00393906,96.10833805,,,,4.16663E-05,2398.22,,,0.00393906,2386.97
,,,,,,,,,,27.01570681,18.83292383,,,,,0.0000498,3.943113026,,,0.0014795,0.000728963,,,,4.97543E-05,98.74575,,,0.00431655,95.91522504,,,,4.97543E-05,2398.19,,,0.00431655,2386.51
,,,,,,,,,,28.18848168,18.05896806,,,,,0.0000578,4.039492927,,,0.00166925,0.001174547,,,,5.78423E-05,98.5970191,,,0.00488278,95.68676772,,,,5.78423E-05,2398.15,,,0.00488278,2385.87
,,,,,,,,,,29.19371728,17.71498771,,,,,0.0000659,4.126289314,,,0.001859,0.002134901,,,,6.59303E-05,98.48046885,,,0.00563776,95.45332889,,,,6.59303E-05,2398.11,,,0.00563776,2385.13
,,,,,,,,,,30.07329843,17.37100737,,,,,0.000074,4.204562487,,,0.00204875,0.003442117,,,,7.40183E-05,98.38686864,,,0.00639273,95.26893918,,,,7.40183E-05,2398.07,,,0.00639273,2384.48
,,,,,,,,,,30.9947644,16.85503686,,,,,0.0000821,4.275957453,,,0.002332,0.007147406,,,,8.21063E-05,98.30901846,,,0.00714771,95.11493684,,,,8.21063E-05,2398.03,,,0.00714771,2383.88
,,,,,,,,,,32.04188482,16.16707617,,,,,0.0000983,4.402620736,,,0.00261525,0.014190825,,,,9.82823E-05,98.18616819,,,0.00790268,94.66184347,,,,9.82823E-05,2397.93,,,0.00790268,2383.59
,,,,,,,,,,33.17277487,15.47911548,,,,,0.000114,4.509647808,,,0.002915,0.027955776,,,,0.000114458,98.09256798,,,0.00941263,93.89739141,,,,0.000114458,2397.82,,,0.00941263,2383.21
,,,,,,,,,,34.47120419,14.44717445,,,,,0.000131,4.61241129,,,0.00319,0.081532278,,,,0.000130634,98.01696782,,,0.0109226,93.3894486,,,,0.000130634,2397.69,,,0.0109226,2382.83
,,,,,,,,,,35.76963351,13.93120393,,,,,0.000147,4.69937919,,,0.0032175,0.090501085,,,,0.00014681,97.95351767,,,0.0124325,93.01740844,,,,0.00014681,2397.56,,,0.0124325,2382.39
,,,,,,,,,,36.60732984,13.24324324,,,,,0.000163,4.778746139,,,0.0033,0.203209208,,,,0.000162986,97.89928511,,,0.0139425,92.72366723,,,,0.000162986,2397.41,,,0.0139425,2381.87
,,,,,,,,,,37.57068063,12.98525799,,,,,0.000212,4.98674766,,,0.0033275,0.229150281,,,,0.000211514,97.76743452,,,0.0154524,92.28991341,,,,0.000211514,2396.9,,,0.0154524,2381.46
,,,,,,,,,,38.4921466,12.12530713,,,,,0.000244,5.101692053,,,0.0034375,0.411240133,,,,0.000243866,97.6958842,,,0.0169624,91.74023854,,,,0.000243866,2396.51,,,0.0169624,2381.24
,,,,,,,,,,39.03664921,11.35135135,,,,,0.000276,5.204628214,,,0.003465,0.44190679,,,,0.000276218,97.4400496,,,0.0177174,91.51163233,,,,0.000276218,2396.25,,,0.0177174,2381.11
,,,,,,,,,,39.4973822,10.14742015,,,,,0.000309,5.300790241,,,0.003795,0.778989314,,,,0.00030857,97.02424682,,,0.0192273,91.12192486,,,,0.00030857,2396.18,,,0.0192273,2380.82
,,,,,,,,,,39.70680628,8.771498771,,,,,0.000341,5.386142438,,,0.0042075,0.941777221,,,,0.000340922,96.70294468,,,0.0207373,90.79837091,,,,0.000340922,2396.1,,,0.0207373,2380.5
,,,,,,,,,,39.87434555,7.30958231,,,,,0.000438,5.609204875,,,0.0046475,1.036795633,,,,0.000437978,96.06730392,,,0.0222472,90.52161787,,,,0.000437978,2395.81,,,0.0222472,2380.15
,,,,,,,,,,,,,,,,0.000503,5.73644085,,,0.00517,1.093605682,,,,0.000502682,95.79256435,,,0.0230022,90.39651606,,,,0.000502682,2395.56,,,0.0230022,2379.95
,,,,,,,,,,,,,,,,0.000567,5.848899557,,,0.00572,1.128797803,,,,0.000567386,95.581062,,,0.0245121,90.16791143,,,,0.000567386,2395.28,,,0.0245121,2379.54
,,,,,,,,,,,,,,,,0.000632,5.952708115,,,0.006435,1.155041097,,,,0.00063209,95.40982211,,,0.0252671,89.96040569,,,,0.00063209,2394.96,,,0.0252671,2379.42
,,,,,,,,,,,,,,,,0.000697,6.047924804,,,0.007095,1.164995547,,,,0.000696794,95.26492018,,,0.026777,89.54087227,,,,0.000696794,2394.6,,,0.026777,2379.22
,,,,,,,,,,,,,,,,0.000826,6.216712955,,,0.0078925,1.16967118,,,,0.000826203,94.85313625,,,0.0297969,88.86697719,,,,0.000826203,2393.94,,,0.0297969,2378.76
,,,,,,,,,,,,,,,,0.000956,6.365764586,,,0.00869,1.169017728,,,,0.000955611,94.15313303,,,0.0328168,88.33889545,,,,0.000955611,2393.66,,,0.0328168,2378.2
,,,,,,,,,,,,,,,,0.00109,6.502572227,,,0.0097625,1.166805733,,,,0.00108502,93.66283135,,,0.0388566,87.33567515,,,,0.00108502,2393.32,,,0.0388566,2377.09
,,,,,,,,,,,,,,,,0.00121,6.613598985,,,0.010835,1.168716135,,,,0.00121443,93.29448048,,,0.0448964,86.28716122,,,,0.00121443,2392.93,,,0.0448964,2376.22
,,,,,,,,,,,,,,,,0.00134,6.723912253,,,0.0121825,1.184300948,,,,0.00134383,93.00193665,,,0.0509362,85.51226963,,,,0.00134383,2392.47,,,0.0509362,2375.14
,,,,,,,,,,,,,,,,0.00173,7.00818605,,,0.0135025,1.219140582,,,,0.00173206,92.00937133,,,0.056976,84.5305789,,,,0.00173206,2391.2,,,0.056976,2374.37
,,,,,,,,,,,,,,,,0.00199,7.169063599,,,0.0140525,1.240406337,,,,0.00199087,91.26745335,,,0.0690556,83.03285746,,,,0.00199087,2390.61,,,0.0690556,2372.56
,,,,,,,,,,,,,,,,0.00225,7.313194697,,,0.0143275,1.253929951,,,,0.00224969,90.72828379,,,0.0811352,81.54311267,,,,0.00224969,2389.91,,,0.0811352,2371.01
,,,,,,,,,,,,,,,,0.00251,7.443984492,,,0.014575,1.265492897,,,,0.00250851,90.30586606,,,0.0932148,80.21318984,,,,0.00250851,2389.11,,,0.0932148,2369.44
,,,,,,,,,,,,,,,,0.00277,7.563874598,,,0.0156475,1.3290891,,,,0.00276732,89.75363547,,,0.104062,79.15636064,,,,0.00276732,2388.43,,,0.104062,2368.02
,,,,,,,,,,,,,,,,0.00303,7.674678642,,,0.0161975,1.365638074,,,,0.00302614,89.14894478,,,0.111174,78.45515354,,,,0.00302614,2387.91,,,0.111174,2367.15
,,,,,,,,,,,,,,,,0.00354,7.87067135,,,0.01672,1.40605812,,,,0.00354377,88.25462153,,,0.118285,77.77345861,,,,0.00354377,2386.67,,,0.118285,2366.32
,,,,,,,,,,,,,,,,0.00406,8.047489515,,,0.0172425,1.452259638,,,,0.0040614,87.4648853,,,0.124685,77.22857444,,,,0.0040614,2385.35,,,0.124685,2365.51
,,,,,,,,,,,,,,,,0.00458,8.206248111,,,0.0177925,1.500120231,,,,0.00457904,86.55226976,,,0.130446,76.76090893,,,,0.00457904,2384.33,,,0.130446,2364.76
,,,,,,,,,,,,,,,,0.0051,8.35055758,,,0.018315,1.552052957,,,,0.00509667,85.85250662,,,0.13563,76.2847568,,,,0.00509667,2383.15,,,0.13563,2364.21
,,,,,,,,,,,,,,,,0.00561,8.480573633,,,0.018865,1.607907019,,,,0.0056143,85.18333152,,,0.142505,75.70913097,,,,0.0056143,2381.96,,,0.142505,2363.43
,,,,,,,,,,,,,,,,0.00717,8.824660465,,,0.0193875,1.665721748,,,,0.0071672,83.25222844,,,0.147986,75.28856887,,,,0.0071672,2378.75,,,0.147986,2362.76
,,,,,,,,,,,,,,,,0.0082,9.01877547,,,0.0199375,1.726955159,,,,0.00820246,81.98800879,,,0.153436,74.89937234,,,,0.00820246,2376.83,,,0.153436,2362.06
,,,,,,,,,,,,,,,,0.00924,9.195043243,,,0.02046,1.790651892,,,,0.00923773,80.99756635,,,0.15414,74.85173426,,,,0.00923773,2374.69,,,0.15414,2361.97
,,,,,,,,,,,,,,,,0.0103,9.358349567,,,0.02101,1.857767307,,,,0.010273,79.88942181,,,0.155165,74.76697038,,,,0.010273,2372.88,,,0.155165,2361.87
,,,,,,,,,,,,,,,,0.0113,9.499972873,,,0.0215325,1.920961386,,,,0.0113083,78.98737787,,,0.160577,74.32989047,,,,0.0113083,2370.89,,,0.160577,2361.3
,,,,,,,,,,,,,,,,0.0123,9.631456511,,,0.022055,1.99788014,,,,0.0123435,78.02497782,,,0.163286,6.421419985,,,,0.0123435,2369.1,,,0.163286,2366.12
,,,,,,,,,,,,,,,,0.0144,9.880727212,,,0.022605,2.074798895,,,,0.014414,76.35454736,,,0.16966,6.912315014,,,,0.014414,2365.44,,,0.16966,2472.41
,,,,,,,,,,,,,,,,0.0165,10.10118899,,,0.0231275,2.13211097,,,,0.0164846,74.81945917,,,0.178846,7.474553396,,,,0.0164846,2361.9,,,0.178846,2562.94
,,,,,,,,,,,,,,,,0.0175,10.19799553,,,0.0236775,2.209029724,,,,0.0175198,74.04322574,,,0.187131,7.894310168,,,,0.0175198,2360.27,,,0.187131,2613.17
,,,,,,,,,,,,,,,,0.0196,10.38707001,,,0.0242,2.285948479,,,,0.0195904,72.6742058,,,0.188294,7.944928767,,,,0.0195904,2356.87,,,0.188294,2618.24
,,,,,,,,,,,,,,,,0.0217,10.55986758,,,0.02475,2.362364578,,,,0.0216609,71.32875466,,,0.190621,8.059547414,,,,0.0216609,2353.69,,,0.190621,2630.01
,,,,,,,,,,,,,,,,0.0227,10.63726897,,,0.0252725,2.439283333,,,,0.0226962,70.7177412,,,0.1976,8.351069479,,,,0.0226962,2352.06,,,0.1976,2656.24
,,,,,,,,,,,,,,,,0.0258,10.86030204,,,0.026345,2.612224867,,,,0.025802,68.92834927,,,0.199926,8.451554692,,,,0.025802,2347.41,,,0.199926,2664.55
,,,,,,,,,,,,,,,,0.0287,11.04945875,,,0.029425,3.092338764,,,,0.0287007,67.369537,,,0.202253,8.541147649,,,,0.0287007,2343.27,,,0.202253,2671.62
,,,,,,,,,,,,,,,,0.0296,11.10490214,,,0.032725,3.571950007,,,,0.0296324,66.89161004,,,0.204005,8.601252027,,,,0.0296324,2341.96,,,0.204005,2675.93
,,,,,,,,,,,,,,,,0.0329,11.29680948,,,0.037125,4.186294734,,,,0.0329427,65.28788111,,,0.207509,8.741122435,,,,0.0329427,2337.36,,,0.207509,2686.22
,,,,,,,,,,,,,,,,0.0365,11.48857127,,,0.04125,4.742824731,,,,0.0364509,63.70842483,,,0.209261,8.799323172,,,,0.0364509,2332.64,,,0.209261,2690.12
,,,,,,,,,,,,,,,,0.0369,11.50888693,,,0.045925,5.318961407,,,,0.0369326,63.49592729,,,0.211013,8.860922905,,,,0.0369326,2332.03,,,0.211013,2694.13
,,,,,,,,,,,,,,,,0.0407,11.69320607,,,0.050875,5.855884725,,,,0.0406847,61.95883361,,,0.214167,8.976053214,,,,0.0406847,2327.11,,,0.214167,2701.64
,,,,,,,,,,,,,,,,0.0448,11.87655585,,,0.056375,6.393310697,,,,0.0448149,60.41289785,,,0.215744,9.02579446,,,,0.0448149,2321.83,,,0.215744,2704.64
,,,,,,,,,,,,,,,,0.0451,11.88941173,,,0.0627,6.969950029,,,,0.0450707,60.32210562,,,0.217321,9.072008796,,,,0.0450707,2321.51,,,0.217321,2707.22
,,,,,,,,,,,,,,,,0.0497,12.07807494,,,0.0693,7.488774631,,,,0.0496751,58.77498285,,,0.220475,9.184750806,,,,0.0496751,2315.71,,,0.220475,2713.92
,,,,,,,,,,,,,,,,0.0544,12.25628725,,,0.07755,8.084517987,,,,0.054422,10.52958542,,,0.222052,9.234259534,,,,0.054422,2312.1,,,0.222052,2716.66
,,,,,,,,,,,,,,,,0.0603,12.46257502,,,0.08855,8.796896113,,,,0.0603413,11.09859786,,,0.223628,9.2798785,,,,0.0603413,2399.62,,,0.223628,2719.04
,,,,,,,,,,,,,,,,0.0669,12.67418153,,,0.09955,9.452464818,,,,0.0669488,11.68838989,,,0.225205,9.324187662,,,,0.0669488,2462.51,,,0.225205,2721.22
,,,,,,,,,,,,,,,,0.0741,12.88593336,,,0.1111,10.07032813,,,,0.0741016,12.25859211,,,0.227407,9.398799103,,,,0.0741016,2505.89,,,0.227407,2725.19
,,,,,,,,,,,,,,,,0.0795,13.03370422,,,0.124025,10.70779812,,,,0.0794537,12.64081419,,,0.229609,9.465992295,,,,0.0794537,2528.03,,,0.229609,2728.55
,,,,,,,,,,,,,,,,0.0835,13.1378327,,,0.1386,11.36537744,,,,0.0834678,12.90339424,,,0.23071,9.497078386,,,,0.0834678,2540.66,,,0.23071,2730.02
,,,,,,,,,,,,,,,,0.0861,13.20329602,,,0.154825,12.04356876,,,,0.0861439,13.06874402,,,0.231811,9.526650717,,,,0.0861439,2547.65,,,0.231811,2731.35
,,,,,,,,,,,,,,,,0.0895,13.28644712,,,0.175175,12.83940015,,,,0.0895157,13.26829036,,,0.234013,9.585886504,,,,0.0895157,2555.14,,,0.234013,2733.91
,,,,,,,,,,,,,,,,0.0928,13.36465882,,,0.195525,13.51909943,,,,0.0927672,13.44757627,,,0.236214,9.654705333,,,,0.0927672,2561.11,,,0.236214,2737.11
,,,,,,,,,,,,,,,,0.0971,13.46314697,,,0.218075,14.14198929,,,,0.0971024,13.67803635,,,0.238416,9.717350242,,,,0.0971024,2567.66,,,0.238416,2739.83
,,,,,,,,,,,,,,,,0.0993,13.51213024,,,0.24035,14.66935902,,,,0.09927,13.78445093,,,0.240618,9.774633057,,,,0.09927,2570.32,,,0.240618,2742.12
,,,,,,,,,,,,,,,,0.104,13.61380275,,,0.247775,14.80660578,,,,0.103605,13.99053535,,,0.24282,9.827053492,,,,0.103605,2574.77,,,0.24282,2743.98
,,,,,,,,,,,,,,,,0.106,13.65590322,,,0.27335,15.25856472,,,,0.105773,14.08945145,,,0.245022,9.891161928,,,,0.105773,2576.6,,,0.245022,2746.56
,,,,,,,,,,,,,,,,0.108,13.69734328,,,0.29975,15.5561835,,,,0.107941,14.18160536,,,0.247224,9.951403968,,,,0.107941,2578.11,,,0.247224,2748.88
,,,,,,,,,,,,,,,,0.112,13.77833028,,,0.33825,15.8387195,,,,0.112059,14.35509612,,,0.249205,10.00166468,,,,0.112059,2580.5,,,0.249205,2750.66
,,,,,,,,,,,,,,,,0.114,13.81791847,,,0.341,15.83922215,,,,0.11401,14.43516742,,,0.250961,10.04325708,,,,0.11401,2581.41,,,0.250961,2752
,,,,,,,,,,,,,,,,0.116,13.85692893,,,0.374,15.98501404,,,,0.115961,14.51073,,,0.252717,10.08242832,,,,0.115961,2582.13,,,0.252717,2753.14
,,,,,,,,,,,,,,,,0.118,13.89537983,,,0.396,16.04886063,,,,0.117912,14.58227993,,,0.254472,10.12633545,,,,0.117912,2582.67,,,0.254472,2754.54
,,,,,,,,,,,,,,,,0.12,13.93328849,,,0.44275,16.15795244,,,,0.119862,14.65131903,,,0.257984,10.21723735,,,,0.119862,2583.08,,,0.257984,2757.52
,,,,,,,,,,,,,,,,0.122,13.9706714,,,0.4675,16.24090305,,,,0.121813,14.72618445,,,0.261495,10.29838765,,,,0.121813,2583.51,,,0.261495,2759.79
,,,,,,,,,,,,,,,,0.124,14.0075443,,,0.506,16.36608295,,,,0.123764,14.79721708,,,0.265007,10.37112082,,,,0.123764,2583.8,,,0.265007,2761.41
,,,,,,,,,,,,,,,,0.126,14.0439222,,,0.54175,16.48874958,,,,0.125715,14.86468747,,,0.268518,10.45731716,,,,0.125715,2583.95,,,0.268518,2763.77
,,,,,,,,,,,,,,,,0.128,14.07981944,,,0.5665,16.59030156,,,,0.127666,14.9289113,,,0.27203,10.5359103,,,,0.127666,2583.97,,,0.27203,2765.63
,,,,,,,,,,,,,,,,0.13,14.11524975,,,0.60775,16.77128557,,,,0.129617,14.99008083,,,0.275541,10.60714952,,,,0.129617,2583.87,,,0.275541,2766.97
,,,,,,,,,,,,,,,,0.134,14.18476147,,,0.6215,16.85122025,,,,0.133518,15.11477625,,,0.279053,10.67676323,,,,0.133518,2583.53,,,0.279053,2768.1
,,,,,,,,,,,,,,,,0.137,14.23576314,,,0.6325,16.91154826,,,,0.13742,15.2361881,,,0.282564,10.75488088,,,,0.13742,2582.94,,,0.282564,2769.68
,,,,,,,,,,,,,,,,0.141,14.30232912,,,0.66,17.05130829,,,,0.141322,15.34729508,,,0.286075,10.82632117,,,,0.141322,2581.97,,,0.286075,2770.84
,,,,,,,,,,,,,,,,0.145,14.36733118,,,0.69575,17.23078434,,,,0.145224,15.4495173,,,0.289587,10.89176243,,,,0.145224,2580.67,,,0.289587,2771.6
,,,,,,,,,,,,,,,,0.153,14.49295122,,,0.70675,17.29010703,,,,0.153027,15.66033122,,,0.293098,10.95331226,,,,0.153027,2577.79,,,0.293098,2772.05
,,,,,,,,,,,,,,,,0.157,14.55370887,,,0.71775,17.34993238,,,,0.156929,15.75424697,,,0.29661,11.02608311,,,,0.156929,2575.95,,,0.29661,2773.09
,,,,,,,,,,,,,,,,0.16,14.59843158,,,0.7315,17.42886175,,,,0.160424,15.83280177,,,0.303633,11.15546284,,,,0.160424,2574.12,,,0.303633,2774.19
,,,,,,,,,,,,,,,,0.167,14.70011355,,,0.7425,17.50829378,,,,0.167416,15.99304297,,,0.309953,11.25933178,,,,0.167416,2570.29,,,0.309953,2774.3
,,,,,,,,,,,,,,,,0.171,14.75662425,,,0.77825,17.74558456,,,,0.170912,16.06890373,,,0.316274,11.37488677,,,,0.170912,2568.21,,,0.316274,2774.94
,,,,,,,,,,,,,,,,0.174,14.79828485,,,0.81125,18.00248201,,,,0.174407,16.14049785,,,0.322594,11.47678722,,,,0.174407,2566,,,0.322594,2774.77
,,,,,,,,,,,,,,,,0.178,14.85290598,,,0.825,18.08141139,,,,0.177903,16.20820267,,,0.328915,11.57160363,,,,0.177903,2563.66,,,0.328915,2774.09
,,,,,,,,,,,,,,,,0.188,14.98508935,,,0.836,18.17994744,,,,0.18839,16.40491842,,,0.335236,11.67583816,,,,0.18839,2556.25,,,0.335236,2773.88
,,,,,,,,,,,,,,,,0.195,15.07415442,,,0.847,18.25887681,,,,0.195382,16.52901521,,,0.341556,11.76940452,,,,0.195382,2551.01,,,0.341556,2773.03
,,,,,,,,,,,,,,,,0.202,15.16057965,,,0.87175,18.43634224,,,,0.202373,16.64179504,,,0.347877,11.85358897,,,,0.202373,2545.44,,,0.347877,2771.6
,,,,,,,,,,,,,,,,0.223,15.40559824,,,0.90475,18.69273704,,,,0.223348,16.95351776,,,0.353565,11.9384563,,,,0.223348,2527.72,,,0.353565,2770.72
,,,,,,,,,,,,,,,,0.241,15.60067222,,,0.924,18.83048646,,,,0.240827,17.17226745,,,0.358685,12.0119797,,,,0.240827,2511.78,,,0.358685,2769.77
,,,,,,,,,,,,,,,,0.265,15.84260177,,,0.93225,18.88980915,,,,0.264922,17.4460466,,,0.363805,12.07995008,,,,0.264922,2489.11,,,0.363805,2768.51
,,,,,,,,,,,,,,,,0.297,16.13809137,,,0.9405,18.94862919,,,,0.296744,17.74164925,,,0.368924,12.14307337,,,,0.296744,2457.77,,,0.368924,2766.95
,,,,,,,,,,,,,,,,0.329,16.40800594,,,0.957,19.06727458,,,,0.328567,17.99263173,,,0.374044,12.20488682,,,,0.328567,2426,,,0.374044,2765.28
,,,,,,,,,,,,,,,,0.368,16.70868536,,,0.9735,19.20502399,,,,0.368345,18.24548871,,,0.378652,12.26825746,,,,0.368345,2385.93,,,0.378652,2764.17
,,,,,,,,,,,,,,,,0.41,17.00398106,,,0.99,19.32316672,,,,0.409634,18.46159382,,,0.382799,12.32196199,,,,0.409634,2345.04,,,0.382799,2763.01
,,,,,,,,,,,,,,,,0.459,17.31801796,,,1.023,19.61776958,,,,0.458598,18.66324623,,,0.386946,12.37285759,,,,0.458598,2297.88,,,0.386946,2761.68
,,,,,,,,,,,,,,,,0.509,17.6107277,,,1.0395,19.61827223,,,,0.508649,18.84064086,,,0.391093,12.42109804,,,,0.508649,2252.8,,,0.391093,2760.21
,,,,,,,,,,,,,,,,0.548,17.82274847,,,1.056,19.81484168,,,,0.54782,18.95596124,,,0.39524,12.46689175,,,,0.54782,2219.47,,,0.39524,2758.58
,,,,,,,,,,,,,,,,0.593,18.05221575,,,1.08625,20.01141114,,,,0.592705,19.07392409,,,0.399387,12.51041993,,,,0.592705,2183.52,,,0.399387,2756.81
,,,,,,,,,,,,,,,,0.636,18.25823312,,,1.1,20.20798059,,,,0.636285,19.17789,,,0.40768,12.61006913,,,,0.636285,2151.08,,,0.40768,2753.93
,,,,,,,,,,,,,,,,0.665,18.3906779,,,1.11375,20.20798059,,,,0.665339,19.2451842,,,0.415974,12.70368503,,,,0.665339,2130.98,,,0.415974,2750.75
,,,,,,,,,,,,,,,,0.694,18.5183684,,,1.1275,20.40455004,,,,0.694392,19.30845993,,,0.424268,12.78905308,,,,0.694392,2111.88,,,0.424268,2747.09
,,,,,,,,,,,,,,,,0.723,18.64166364,,,1.14125,20.60061684,,,,0.723446,19.36911525,,,0.432562,12.86793026,,,,0.723446,2093.71,,,0.432562,2743.03
,,,,,,,,,,,,,,,,0.752,18.76088241,,,1.1825,20.79768894,,,,0.752499,19.42556738,,,0.440856,12.95888612,,,,0.752499,2076.44,,,0.440856,2739.66
,,,,,,,,,,,,,,,,0.805,18.9691496,,,1.19625,20.99375574,,,,0.804742,19.52521988,,,0.44832,13.03430669,,,,0.804742,2047.23,,,0.44832,2736.3
,,,,,,,,,,,,,,,,0.851,19.1407932,,,1.221,21.19032519,,,,0.851121,19.60695915,,,0.455039,13.09774022,,,,0.851121,2023.15,,,0.455039,2733.03
,,,,,,,,,,,,,,,,0.898,19.30831803,,,1.24575,21.38639199,,,,0.8975,19.68458202,,,0.461757,13.15736621,,,,0.8975,2000.74,,,0.461757,2729.53
,,,,,,,,,,,,,,,,0.944,19.46530933,,,1.27325,21.58476146,,,,0.94388,19.75672811,,,0.468475,13.21357986,,,,0.94388,1980.12,,,0.468475,2725.82
,,,,,,,,,,,,,,,,0.99,19.61601634,,,1.298,21.78082826,,,,0.990259,19.8258375,,,0.475193,13.27994775,,,,0.990259,1960.85,,,0.475193,2722.72
,,,,,,,,,,,,,,,,1.01,19.67971679,,,1.30075,21.78082826,,,,1.01345,19.85826652,,,0.481911,13.34281196,,,,1.01345,1951.7,,,0.481911,2719.45
,,,,,,,,,,,,,,,,1.06,19.83446224,,,1.309,21.97689506,,,,1.05542,19.91822895,,,0.488629,13.40218499,,,,1.05542,1935.86,,,0.488629,2716
,,,,,,,,,,,,,,,,1.09,19.92439692,,,1.342,22.17296186,,,,1.08732,19.96245035,,,0.495347,13.45842967,,,,1.08732,1924.43,,,0.495347,2712.38
,,,,,,,,,,,,,,,,1.12,20.01228093,,,1.353,22.1734595,,,,1.11922,20.00842731,,,0.502065,13.51174289,,,,1.11922,1913.45,,,0.502065,2708.58
,,,,,,,,,,,,,,,,1.17,20.15446516,,,1.36675,22.36952629,,,,1.16707,20.07871243,,,0.515501,13.61989185,,,,1.16707,1897.76,,,0.515501,2701.1
,,,,,,,,,,,,,,,,1.23,20.31851519,,,1.39425,22.56559309,,,,1.23087,20.16954034,,,0.528937,13.73215358,,,,1.23087,1878.08,,,0.528937,2694.01
,,,,,,,,,,,,,,,,1.26,20.39803886,,,1.41625,22.76165989,,,,1.26277,20.21959319,,,0.542373,13.83412071,,,,1.26277,1868.81,,,0.542373,2686.4
,,,,,,,,,,,,,,,,1.33,20.57759903,,,1.441,22.95772669,,,,1.32657,20.35777548,,,0.555809,13.92762182,,,,1.32657,1851.37,,,0.555809,2678.27
,,,,,,,,,,,,,,,,1.39,20.72531064,,,1.463,23.15379349,,,,1.39037,20.50605828,,,0.569245,14.03019544,,,,1.39037,1834.8,,,0.569245,2670.89
,,,,,,,,,,,,,,,,1.45,20.86777294,,,1.5125,23.54592708,,,,1.45416,20.64091968,,,0.581338,14.11873016,,,,1.45416,1818.99,,,0.581338,2664.16
,,,,,,,,,,,,,,,,1.52,21.02786572,,,1.5345,23.74199388,,,,1.51796,20.78153975,,,0.59343,14.20107863,,,,1.51796,1803.98,,,0.59343,2657.11
,,,,,,,,,,,,,,,,1.58,21.16024361,,,1.55925,23.93806068,,,,1.58176,20.97342678,,,0.617615,14.35711355,,,,1.58176,1790.21,,,0.617615,2642.6
,,,,,,,,,,,,,,,,1.74,21.49370988,,,1.58125,24.13412747,,,,1.74126,21.36012439,,,0.6418,14.51915477,,,,1.74126,1757.82,,,0.6418,2629.2
,,,,,,,,,,,,,,,,1.92,21.83943902,,,1.6005,24.13412747,,,,1.91933,21.8040682,,,0.665985,14.66287174,,,,1.91933,1726.04,,,0.665985,2614.89
,,,,,,,,,,,,,,,,1.94,21.87615591,,,1.63625,24.52626107,,,,1.94325,21.86225481,,,0.678078,14.73317094,,,,1.94325,1721.96,,,0.678078,2607.74
,,,,,,,,,,,,,,,,2.18,22.29369971,,,1.65275,24.72232787,,,,2.18243,22.45091087,,,0.702263,14.882054,,,,2.18243,1685.64,,,0.702263,2594.85
,,,,,,,,,,,,,,,,2.42,22.67434865,,,1.6665,24.72232787,,,,2.42162,22.99832799,,,0.726448,15.01599526,,,,2.42162,1654.42,,,0.726448,2581.29
,,,,,,,,,,,,,,,,2.47,22.74963984,,,1.6995,24.91789702,,,,2.46946,23.12872977,,,0.749423,15.13748903,,,,2.46946,1649.1,,,0.749423,2568.27
,,,,,,,,,,,,,,,,2.71,23.09418665,,,1.71325,25.11396382,,,,2.70864,23.62680173,,,0.778808,15.29934056,,,,2.70864,1622.5,,,0.778808,2553.49
,,,,,,,,,,,,,,,,2.95,23.41404767,,,1.74625,25.31003062,,,,2.94783,24.11842346,,,0.808193,15.44497038,,,,2.94783,1599.79,,,0.808193,2537.98
,,,,,,,,,,,,,,,,3.03,23.51582391,,,1.76275,25.50609741,,,,3.03394,24.29558812,,,0.824724,15.52267938,,,,3.03394,1591.84,,,0.824724,2528.95
,,,,,,,,,,,,,,,,3.25,23.78453375,,,1.7765,25.70216421,,,,3.2492,24.69997694,,,0.855587,15.6790493,,,,3.2492,1574.03,,,0.855587,2514.83
,,,,,,,,,,,,,,,,3.34,23.89008262,,,1.793,25.70216421,,,,3.33531,24.85483095,,,0.886449,15.82086952,,,,3.33531,1566.51,,,0.886449,2500.01
,,,,,,,,,,,,,,,,3.55,24.12739118,,,1.82325,26.09380017,,,,3.55346,25.25277588,,,0.917312,15.95644886,,,,3.55346,1550.98,,,0.917312,2484.81
,,,,,,,,,,,,,,,,3.74,24.33216967,,,1.83975,26.09380017,,,,3.74239,25.58156552,,,0.946631,16.0899177,,,,3.74239,1537.23,,,0.946631,2472.64
,,,,,,,,,,,,,,,,3.96,24.5586641,,,1.8535,26.28986696,,,,3.95831,25.92856509,,,0.969787,16.18802834,,,,3.95831,1523.35,,,0.969787,2462.61
,,,,,,,,,,,,,,,,4.17,24.76523218,,,1.86725,26.28986696,,,,4.17424,26.28289799,,,1.00452,16.32817971,,,,4.17424,1509.69,,,1.00452,2446.83
,,,,,,,,,,,,,,,,4.39,24.97249002,,,1.88375,26.48593376,,,,4.39016,26.59916381,,,1.02768,16.42396273,,,,4.39016,1497.2,,,1.02768,2437.2
,,,,,,,,,,,,,,,,4.61,25.17122023,,,1.91125,26.68150292,,,,4.60608,26.93191445,,,1.05083,16.51787724,,,,4.60608,1484.88,,,1.05083,2428.4
,,,,,,,,,,,,,,,,4.91,25.4297833,,,1.936,26.87756972,,,,4.90838,27.34197392,,,1.07399,16.60690775,,,,4.90838,1468.96,,,1.07399,2419.24
,,,,,,,,,,,,,,,,5.01,25.5130303,,,1.96075,27.07363651,,,,5.00554,27.48617941,,,1.09714,16.69325192,,,,5.00554,1463.57,,,1.09714,2409.69
,,,,,,,,,,,,,,,,5.29,25.73893149,,,1.98275,27.26970331,,,,5.28732,27.8513349,,,1.14015,16.85353248,,,,5.28732,1450.94,,,1.14015,2392.21
,,,,,,,,,,,,,,,,5.64,26.00762486,,,2.0075,27.46527247,,,,5.63712,28.30669772,,,1.16001,16.9268794,,,,5.63712,1434.92,,,1.16001,2385.38
,,,,,,,,,,,,,,,,5.99,26.26269181,,,2.024,27.46527247,,,,5.98692,28.71295256,,,1.17986,16.99714083,,,,5.98692,1420.03,,,1.17986,2378.29
,,,,,,,,,,,,,,,,6.16,26.38210126,,,2.03775,27.66133927,,,,6.16181,28.93054064,,,1.19972,17.0651714,,,,6.16181,1412.96,,,1.19972,2370.93
,,,,,,,,,,,,,,,,6.51,26.61949595,,,2.068,27.85740606,,,,6.51161,29.30554941,,,1.21958,17.13256776,,,,6.51161,1400.2,,,1.21958,2363.3
,,,,,,,,,,,,,,,,6.83,26.82736052,,,2.08175,27.85740606,,,,6.82643,29.66297607,,,1.25929,17.26922353,,,,6.82643,1388.74,,,1.25929,2347.46
,,,,,,,,,,,,,,,,7.3,27.11833273,,,2.0955,28.05347286,,,,7.29865,30.13699225,,,1.27914,17.33643953,,,,7.29865,1372.81,,,1.27914,2341.3
,,,,,,,,,,,,,,,,7.46,27.21380781,,,2.12575,28.24904202,,,,7.45606,30.30795584,,,1.3128,17.4447527,,,,7.45606,1367.84,,,1.3128,2330.29
,,,,,,,,,,,,,,,,7.93,27.48467039,,,2.1395,28.44510881,,,,7.92829,30.73865169,,,1.34438,17.54274475,,,,7.92829,1354.19,,,1.34438,2319.28
,,,,,,,,,,,,,,,,8.24,27.65604992,,,2.156,28.44510881,,,,8.2431,31.04833544,,,1.37596,17.64113275,,,,8.2431,1345.33,,,1.37596,2307.61
,,,,,,,,,,,,,,,,9.26,28.18421807,,,2.16975,28.64298656,,,,9.26147,31.91743047,,,1.40754,17.7425988,,,,9.26147,1321.42,,,1.40754,2296
,,,,,,,,,,,,,,,,10.3,28.67472513,,,2.2,28.83905336,,,,10.2634,32.69937004,,,1.43913,17.8367527,,,,10.2634,1300.92,,,1.43913,2286.67
,,,,,,,,,,,,,,,,10.7,28.8523678,,,2.2275,29.03462751,,,,10.7143,33.06841115,,,1.46774,17.91794194,,,,10.7143,1291.32,,,1.46774,2277.68
,,,,,,,,,,,,,,,,11.4,29.15027296,,,2.25775,29.2306943,,,,11.3906,33.5089876,,,1.49082,17.98243028,,,,11.3906,1280.01,,,1.49082,2270.07
,,,,,,,,,,,,,,,,11.8,29.31368542,,,2.288,29.4267611,,,,11.7851,33.81219414,,,1.51391,18.04713431,,,,11.7851,1272.46,,,1.51391,2262.15
,,,,,,,,,,,,,,,,12.5,29.58880751,,,2.32925,29.6228279,,,,12.4614,34.22114244,,,1.53699,18.11323837,,,,12.4614,1261.38,,,1.53699,2253.92
,,,,,,,,,,,,,,,,13.6,29.99611476,,,2.3705,29.81840205,,,,13.5886,34.93658571,,,1.56008,18.18273145,,,,13.5886,1241.67,,,1.56008,2245.39
,,,,,,,,,,,,,,,,14.5,30.3093137,,,2.398,30.01446884,,,,14.5411,35.55762092,,,1.58316,18.24732596,,,,14.5411,1222.99,,,1.58316,2238.63
,,,,,,,,,,,,,,,,14.7,30.37669282,,,2.4255,30.21053564,,,,14.744,35.72632766,,,1.60625,18.30782846,,,,14.744,1217.42,,,1.60625,2232.04
,,,,,,,,,,,,,,,,14.8,30.41009477,,,2.453,30.40660244,,,,14.8454,35.8348699,,,1.65241,18.42445782,,,,14.8454,1214.01,,,1.65241,2217.93
,,,,,,,,,,,,,,,,15,30.47633527,,,2.4805,30.60266924,,,,14.9659,35.95867116,,,1.69858,18.54237449,,,,14.9659,1209.56,,,1.69858,2202.64
,,,,,,,,,,,,,,,,15,30.47633527,,,2.5355,30.79824338,,,,15.0039,36.00031811,,,1.74475,18.6708995,,,,15.0039,1207.6,,,1.74475,2186.3
,,,,,,,,,,,,,,,,15,30.47633527,,,2.56025,30.99431018,,,,15.0419,36.05308517,,,1.79092,18.78221532,,,,15.0419,1204.83,,,1.79092,2173.65
,,,,,,,,,,,,,,,,15.1,30.46620445,,,2.58775,31.19037698,,,,15.0677,36.09957016,,,1.82208,18.85193812,,,,15.0677,1202.08,,,1.82208,2164.81
,,,,,,,,,,,,,,,,15.1,30.21805559,,,2.6125,31.19037698,,,,15.0934,36.16761394,,,1.85754,18.9317774,,,,15.0934,1197.58,,,1.85754,2154.09
,,,,,,,,,,,,,,,,15.1,30.21773755,,,2.629,31.38644377,,,,15.1082,36.22513677,,,1.89299,19.01389832,,,,15.1082,1193.39,,,1.89299,2142.82
,,,,,,,,,,,,,,,,15.1,29.96965376,,,2.6455,31.38644377,,,,15.1198,36.28675949,,,1.92844,19.10193051,,,,15.1198,1188.38,,,1.92844,2131.06
,,,,,,,,,,,,,,,,15.1,29.96924761,,,2.662,31.58251057,,,,15.1286,36.34679799,,,1.95949,19.18320665,,,,15.1286,1182.69,,,1.95949,2120.97
,,,,,,,,,,,,,,,,15.1,29.72096074,,,2.67575,31.58251057,,,,15.1374,36.41419496,,,1.99053,19.24893456,,,,15.1374,1173.91,,,1.99053,2113.09
,,,,,,,,,,,,,,,,15.1,29.47277541,,,2.706,31.77857737,,,,15.1428,36.41515725,,,2.05262,19.37364391,,,,15.1428,1165.97,,,2.05262,2096.12
,,,,,,,,,,,,,,,,15.1,29.22438701,,,2.71975,31.97464417,,,,15.1483,36.27221262,,,2.11471,19.50203072,,,,15.1483,1154.83,,,2.11471,2077.63
,,,,,,,,,,,,,,,,15.2,28.97584629,,,2.74725,31.97464417,,,,15.1532,35.836916,,,2.17679,19.65018557,,,,15.1532,1141.3,,,2.17679,2057.95
,,,,,,,,,,,,,,,,15.2,26.98899289,,,2.75,32.17071096,,,,15.1704,32.02624961,,,2.23888,19.77198451,,,,15.1704,1090,,,2.23888,2042.3
,,,,,,,,,,,,,,,,15.2,25.49947477,,,2.7775,32.17071096,,,,15.1812,30.21580545,,,2.2544,19.79888497,,,,15.1812,1063.9,,,2.2544,2038.61
,,,,,,,,,,,,,,,,15.2,24.45596931,,,2.805,32.36677776,,,,15.1925,28.67752586,,,2.28545,19.85357476,,,,15.1925,1040.26,,,2.28545,2030.62
,,,,,,,,,,,,,,,,15.2,23.21397651,,,2.8325,32.56284456,,,,15.206,27.14749581,,,2.36926,20.00838582,,,,15.206,1015.88,,,2.36926,2007.62
,,,,,,,,,,,,,,,,15.2,22.17052182,,,2.86,32.56284456,,,,15.2195,25.8567954,,,2.45308,20.1941895,,,,15.2195,994.676,,,2.45308,1983.55
,,,,,,,,,,,,,,,,15.2,21.22651388,,,2.86,32.56284456,,,,15.2331,24.78122268,,,2.50896,20.28499526,,,,15.2331,975.865,,,2.50896,1971.24
,,,,,,,,,,,,,,,,15.3,20.15808327,,,2.915,32.75940401,,,,15.2511,23.63545061,,,2.5369,20.32809543,,,,15.2511,953.482,,,2.5369,1964.72
,,,,,,,,,,,,,,,,15.3,19.21397379,,,2.9425,32.95547081,,,,15.2692,22.75876105,,,2.59278,20.41451906,,,,15.2692,933.517,,,2.59278,1951.09
,,,,,,,,,,,,,,,,15.3,18.39413466,,,2.97,33.15334936,,,,15.2873,22.08885372,,,2.64866,20.50795681,,,,15.2873,915.394,,,2.64866,1936.7
,,,,,,,,,,,,,,,,15.3,17.79786033,,,2.9975,33.15334936,,,,15.3023,21.67336326,,,2.65023,20.51057023,,,,15.3023,901.449,,,2.65023,1936.32
,,,,,,,,,,,,,,,,15.3,17.17686393,,,3.025,33.34941616,,,,15.3188,21.33568015,,,2.65337,20.51597685,,,,15.3188,887.184,,,2.65337,1935.52
,,,,,,,,,,,,,,,,15.3,16.75450718,,,3.0525,33.54597064,,,,15.3319,21.14242946,,,2.73195,20.67837672,,,,15.3319,876.56,,,2.73195,1914.49
,,,,,,,,,,,,,,,,15.3,16.28250321,,,3.08,33.54597064,,,,15.3468,20.95858336,,,2.7571,20.72603128,,,,15.3468,865.178,,,2.7571,1908.73
,,,,,,,,,,,,,,,,15.4,15.88502084,,,3.08,33.74203744,,,,15.3608,20.78025694,,,2.80739,20.79521014,,,,15.3608,855.089,,,2.80739,1898.48
,,,,,,,,,,,,,,,,15.4,15.61175805,,,3.1075,33.74252513,,,,15.3713,20.63948598,,,2.85768,20.86105152,,,,15.3713,847.951,,,2.85768,1887.59
,,,,,,,,,,,,,,,,15.4,15.26402444,,,3.135,33.74252513,,,,15.3853,20.44731121,,,2.90797,20.9278778,,,,15.3853,838.975,,,2.90797,1876.15
,,,,,,,,,,,,,,,,15.4,14.94111443,,,3.135,33.93859193,,,,15.3993,20.25049973,,,3.00855,21.0848589,,,,15.3993,830.529,,,3.00855,1852.07
,,,,,,,,,,,,,,,,15.4,14.6182552,,,3.1625,33.93907961,,,,15.4134,20.06190301,,,3.1041,21.26154589,,,,15.4134,822.585,,,3.1041,1830.28
,,,,,,,,,,,,,,,,15.4,14.32021957,,,3.19,33.93907961,,,,15.4274,19.87933974,,,3.14484,21.308301,,,,15.4274,815.098,,,3.14484,1822.68
,,,,,,,,,,,,,,,,15.4,14.04705833,,,3.19,33.9395673,,,,15.4414,19.68825519,,,3.21816,21.38831296,,,,15.4414,808.012,,,3.21816,1808.2
,,,,,,,,,,,,,,,,15.5,13.79866992,,,3.245,34.13612179,,,,15.4554,19.49533767,,,3.3364,21.53050061,,,,15.4554,801.332,,,3.3364,1783.61
,,,,,,,,,,,,,,,,15.5,13.55033228,,,3.3,34.33267627,,,,15.4694,19.29558164,,,3.34052,21.53620482,,,,15.4694,795.029,,,3.34052,1782.72
,,,,,,,,,,,,,,,,15.5,13.32681826,,,3.3,34.33267627,,,,15.4834,19.07519664,,,3.5055,21.80629434,,,,15.4834,789.063,,,3.5055,1749.07
,,,,,,,,,,,,,,,,15.5,13.10360885,,,3.3275,34.33316396,,,,15.4974,18.8519078,,,3.57149,21.87482408,,,,15.4974,783.47,,,3.57149,1738.09
,,,,,,,,,,,,,,,,15.5,12.90491843,,,3.3275,34.33316396,,,,15.5114,18.60178075,,,3.67636,21.96111957,,,,15.5114,778.178,,,3.67636,1720.37
,,,,,,,,,,,,,,,,15.5,12.53282946,,,3.355,34.52971845,,,,15.5395,18.04801376,,,3.6981,21.98269903,,,,15.5395,768.545,,,3.6981,1716.38
,,,,,,,,,,,,,,,,15.6,12.18500439,,,3.41,34.53020614,,,,15.5675,17.41248553,,,3.71442,22.00304745,,,,15.5675,760.119,,,3.71442,1713.39
,,,,,,,,,,,,,,,,15.6,11.86245481,,,3.4375,34.53069383,,,,15.5955,16.68249646,,,3.79271,22.09474601,,,,15.5955,752.852,,,3.79271,1699.11
,,,,,,,,,,,,,,,,15.6,11.56467807,,,3.465,34.53118151,,,,15.6235,15.89074434,,,3.871,22.23861553,,,,15.6235,746.785,,,3.871,1684.08
,,,,,,,,,,,,,,,,15.7,11.31644701,,,3.4925,34.727736,,,,15.6516,15.10583919,,,3.91015,22.32870924,,,,15.6516,741.901,,,3.91015,1677.27
,,,,,,,,,,,,,,,,15.7,11.24212849,,,3.52,34.72822369,,,,15.6586,14.92078344,,,3.97583,22.37938269,,,,15.6586,740.848,,,3.97583,1669.27
,,,,,,,,,,,,,,,,15.7,11.14253447,,,3.5475,34.72919906,,,,15.6702,14.63987291,,,3.9818,22.38441057,,,,15.6702,739.274,,,3.9818,1668.49
,,,,,,,,,,,,,,,,15.7,11.06821595,,,3.5475,34.53361996,,,,15.6819,14.38637691,,,3.98478,22.38725929,,,,15.6819,737.892,,,3.98478,1668.1
,,,,,,,,,,,,,,,,15.7,11.01867027,,,3.575,34.53410764,,,,15.689,14.25547659,,,3.99075,22.39170025,,,,15.689,737.157,,,3.99075,1667.33
,,,,,,,,,,,,,,,,15.7,10.99389743,,,3.6025,34.53557071,,,,15.6944,14.17022313,,,4.00867,22.40395931,,,,15.6944,736.662,,,4.00867,1665.03
,,,,,,,,,,,,,,,,15.7,10.96912459,,,3.63,34.53557071,,,,15.6997,14.09955151,,,4.15196,22.49805444,,,,15.6997,736.218,,,4.15196,1645.73
,,,,,,,,,,,,,,,,15.7,10.94435175,,,3.63,34.5360584,,,,15.705,14.05125255,,,4.24748,22.58646642,,,,15.705,735.841,,,4.24748,1631.47
,,,,,,,,,,,,,,,,15.7,10.91957891,,,3.6575,34.5360584,,,,15.7104,14.02332603,,,4.29525,22.66337665,,,,15.7104,735.527,,,4.29525,1623.46
,,,,,,,,,,,,,,,,15.7,10.89480607,,,3.685,34.53654608,,,,15.7157,14.01396767,,,4.30719,22.68186862,,,,15.7157,735.276,,,4.30719,1621.81
,,,,,,,,,,,,,,,,15.7,10.84475774,,,3.685,34.73478957,,,,15.721,14.02077352,,,4.32509,22.71876017,,,,15.721,735.087,,,4.32509,1619
,,,,,,,,,,,,,,,,15.7,10.8199849,,,3.7125,34.73527232,,,,15.7263,14.03785977,,,4.36089,22.81538732,,,,15.7263,734.955,,,4.36089,1613.48
,,,,,,,,,,,,,,,,15.7,10.79521205,,,3.74,34.73575507,,,,15.7317,14.05754396,,,4.37878,22.86065111,,,,15.7317,734.869,,,4.37878,1611.22
,,,,,,,,,,,,,,,,15.7,10.72089353,,,3.7675,34.73575507,,,,15.7423,14.08266541,,,4.48618,22.93191638,,,,15.7423,734.783,,,4.48618,1602.83
,,,,,,,,,,,,,,,,15.8,10.52271081,,,3.795,34.73623782,,,,15.7796,13.98378959,,,4.53808,22.95787666,,,,15.7796,734.576,,,4.53808,1598.39
,,,,,,,,,,,,,,,,15.8,10.32402543,,,3.8225,34.73672057,,,,15.8116,13.82335245,,,4.61862,22.99603736,,,,15.8116,734.141,,,4.61862,1590.78
,,,,,,,,,,,,,,,,16.1,8.93531236,,,3.8775,34.93375286,,,,16.12734082,12.07834603,,,4.71528,23.05336303,,,,16.1312,729.744,,,4.71528,1580.09
,,,,,,,,,,,,,,,,16.4,8.042585868,,,3.905,34.73865156,,,,16.44194757,11.29488575,,,4.77327,23.1083928,,,,16.4295,727.751,,,4.77327,1572.28
,,,,,,,,,,,,,,,,17.2,6.504817042,,,3.96,34.73961706,,,,17.22846442,10.55059848,,,4.83126,23.22914945,,,,17.2392,727.831,,,4.83126,1562.4
,,,,,,,,,,,,,,,,18.1,5.563843327,,,3.96,34.74009981,,,,18.12734082,10.23721436,,,4.83199,23.2146619,,,,18.1141,729.836,,,4.83199,1563.47
,,,,,,,,,,,,,,,,19.2,4.845263572,,,3.96,34.74009981,,,,19.1835206,10.04134929,,,4.83271,23.20762812,,,,19.1594,732.209,,,4.83271,1564.01
,,,,,,,,,,,,,,,,20.1,4.400307552,,,3.9875,34.74058256,,,,20.10486891,10.04134929,,,4.83342,23.20428476,,,,20.0799,733.959,,,4.83342,1564.23
,,,,,,,,,,,,,,,,21,4.079059132,,,3.9875,34.74058256,,,,21.00374532,9.92383025,,,4.83414,23.20319617,,,,20.9543,735.375,,,4.83414,1564.24
,,,,,,,,,,,,,,,,21.8,3.806931838,,,3.9875,34.74106531,,,,21.81273408,9.884657236,,,4.83486,23.2033134,,,,21.7827,736.534,,,4.83486,1564.16
,,,,,,,,,,,,,,,,22.6,3.610186834,,,4.015,34.74106531,,,,21.81273408,9.884657236,,,4.8363,23.20543969,,,,22.6112,737.528,,,4.8363,1563.92
,,,,,,,,,,,,,,,,23.4,3.412825197,,,4.015,34.74154806,,,,22.62172285,9.806311208,,,4.84062,23.21406021,,,,23.4396,738.398,,,4.84062,1563.24
,,,,,,,,,,,,,,,,24.2,3.265411818,,,4.015,34.74154806,,,,23.47565543,9.767138194,,,4.84349,23.22000592,,,,24.1852,739.105,,,4.84349,1562.83
,,,,,,,,,,,,,,,,24.9,3.142368351,,,4.0425,34.74154806,,,,24.21722846,9.72796518,,,4.84924,23.23213419,,,,24.9307,739.732,,,4.84924,1562.06
,,,,,,,,,,,,,,,,25.6,3.019328805,,,4.0425,34.74203081,,,,24.9588015,9.649619151,,,4.86075,23.25743557,,,,25.5831,740.228,,,4.86075,1560.61
,,,,,,,,,,,,,,,,26.2,2.946805138,,,4.07,34.74203081,,,,25.6329588,9.532100109,,,4.87225,23.28419536,,,,26.2355,740.682,,,4.87225,1559.23
,,,,,,,,,,,,,,,,27.4,2.774804222,,,4.07,34.74251356,,,,26.26217228,9.453754081,,,4.89526,23.34222986,,,,27.3539,741.382,,,4.89526,1556.64
,,,,,,,,,,,,,,,,28,2.701652514,,,4.0975,34.74251356,,,,27.38576779,9.336235038,,,4.91827,23.40479912,,,,28.0249,741.765,,,4.91827,1554.24
,,,,,,,,,,,,,,,,28.7,2.628724135,,,4.1525,34.93906311,,,,28.01498127,9.218715996,,,4.94128,23.4218719,,,,28.6959,742.118,,,4.94128,1553.11
,,,,,,,,,,,,,,,,29.4,2.555545635,,,4.18,34.93954586,,,,28.7340824,9.062023939,,,5.0103,23.45861783,,,,29.3669,742.444,,,5.0103,1549.51
,,,,,,,,,,,,,,,,30,2.48203537,,,4.2075,34.94002861,,,,29.4082397,8.944504897,,,5.05632,23.47752434,,,,30.0379,742.745,,,5.05632,1546.82
,,,,,,,,,,,,,,,,30.7,2.426732243,,,4.235,34.94051136,,,,30.01498127,8.944504897,,,5.10234,23.49478047,,,,30.709,743.024,,,5.10234,1543.82
,,,,,,,,,,,,,,,,31.4,2.365898694,,,4.2625,35.1370609,,,,30.77902622,8.78781284,,,5.14836,23.51027318,,,,31.38,743.283,,,5.14836,1540.52
,,,,,,,,,,,,,,,,32.1,2.307778602,,,4.29,35.1370609,,,,31.45318352,8.670293798,,,5.19437,23.52796772,,,,32.051,743.523,,,5.19437,1536.84
,,,,,,,,,,,,,,,,32.7,2.251871724,,,4.3175,35.13754365,,,,32.082397,8.591947769,,,5.24039,23.54292656,,,,32.722,743.745,,,5.24039,1532.79
,,,,,,,,,,,,,,,,33.4,2.198950691,,,4.345,35.1380264,,,,33.00374532,8.31773667,,,5.28641,23.56658335,,,,33.3931,743.953,,,5.28641,1528.13
,,,,,,,,,,,,,,,,34.1,2.148217852,,,4.3725,35.13850915,,,,33.65543071,8.200217628,,,5.32782,23.59217388,,,,34.0641,744.142,,,5.32782,1523.29
,,,,,,,,,,,,,,,,34.7,2.087618553,,,4.4275,35.14150514,,,,34.3071161,7.926006529,,,5.36924,23.62934809,,,,34.7351,744.32,,,5.36924,1517.58
,,,,,,,,,,,,,,,,35.4,2.039799881,,,4.455,35.14198298,,,,34.98127341,7.847660501,,,5.41065,23.69638259,,,,35.4061,744.484,,,5.41065,1511.01
,,,,,,,,,,,,,,,,36.1,1.994415001,,,4.4825,35.14246081,,,,35.65543071,7.730141458,,,5.41188,23.69250318,,,,36.0771,744.633,,,5.41188,1511.88
,,,,,,,,,,,,,,,,36.7,1.948778819,,,4.51,35.14293865,,,,36.35205993,7.534276387,,,5.41309,23.69029215,,,,36.7482,744.77,,,5.41309,1512.22
,,,,,,,,,,,,,,,,37.4,1.905805224,,,4.5375,35.14293865,,,,37.02621723,7.338411317,,,5.4143,23.68950355,,,,37.4192,744.893,,,5.4143,1512.27
,,,,,,,,,,,,,,,,38.1,1.862799058,,,4.565,35.14293865,,,,37.70037453,7.18171926,,,5.41551,23.6896768,,,,38.0902,745.002,,,5.41551,1512.19
,,,,,,,,,,,,,,,,38.8,1.822226457,,,4.565,35.14341649,,,,38.35205993,6.985854189,,,5.41672,23.69065428,,,,38.7612,745.099,,,5.41672,1512.04
,,,,,,,,,,,,,,,,39.4,1.779155146,,,4.62,35.33948328,,,,39.04868914,6.789989119,,,5.41914,23.69379172,,,,39.4322,745.191,,,5.41914,1511.71
,,,,,,,,,,,,,,,,40.1,1.740811518,,,4.675,35.33996112,,,,39.6329588,6.633297062,,,5.4264,23.70487127,,,,40.1033,745.269,,,5.4264,1510.8
,,,,,,,,,,,,,,,,40.8,1.700149909,,,4.7025,35.34043896,,,,40.26217228,6.437431991,,,5.43608,23.72072847,,,,40.7743,745.329,,,5.43608,1509.7
,,,,,,,,,,,,,,,,41.4,1.662324329,,,4.7575,35.53698359,,,,40.84644195,6.202393906,,,5.44576,23.73737731,,,,41.4453,745.375,,,5.44576,1508.66
,,,,,,,,,,,,,,,,42.1,1.624052329,,,4.785,35.53746143,,,,41.36329588,6.006528836,,,5.46512,23.77308351,,,,42.1163,745.397,,,5.46512,1506.71
,,,,,,,,,,,,,,,,42.7,1.590679806,,,4.84,35.53793926,,,,41.99250936,5.810663765,,,5.48448,23.81165464,,,,42.7202,745.396,,,5.48448,1504.91
,,,,,,,,,,,,,,,,43.3,1.555174594,,,4.8675,35.53889493,,,,42.5093633,5.614798694,,,5.54255,23.94577831,,,,43.3242,745.372,,,5.54255,1500.04
,,,,,,,,,,,,,,,,43.9,1.521725542,,,4.895,35.53937277,,,,43.07116105,5.418933624,,,5.58127,23.97612142,,,,43.9281,745.323,,,5.58127,1498.5
,,,,,,,,,,,,,,,,44.5,1.488304657,,,4.9225,35.53937277,,,,43.61048689,5.223068553,,,5.6587,24.0062753,,,,44.532,745.242,,,5.6587,1495.49
,,,,,,,,,,,,,,,,45.1,1.459790097,,,4.95,35.53937277,,,,44.17228464,5.027203482,,,5.73613,24.02789282,,,,45.0755,745.149,,,5.73613,1491.81
,,,,,,,,,,,,,,,,45.6,1.428835671,,,4.9775,35.53985061,,,,44.62172285,4.752992383,,,5.77484,24.03852329,,,,45.6191,745.03,,,5.77484,1489.67
,,,,,,,,,,,,,,,,46.2,1.400335586,,,5.005,35.53985061,,,,45.11610487,4.557127312,,,5.81356,24.04870116,,,,46.05121799,743.5705368,,,5.81356,1487.3
,,,,,,,,,,,,,,,,46.7,1.371819851,,,5.005,35.54032844,,,,45.6329588,4.322089227,,,5.85227,24.0593506,,,,46.47845097,742.0724095,,,5.85227,1484.54
,,,,,,,,,,,,,,,,47.2,1.343284503,,,5.0325,35.54032844,,,,46.10486891,4.087051143,,,5.89099,24.07050433,,,,46.47845097,742.0724095,,,5.89099,1481.43
,,,,,,,,,,,,,,,,47.7,1.317111854,,,5.0875,35.73687308,,,,46.57677903,3.891186072,,,5.92971,24.08397468,,,,46.86071205,742.0724095,,,5.92971,1477.91
,,,,,,,,,,,,,,,,48.2,1.288453453,,,5.0875,35.73833957,,,,46.9588015,3.616974973,,,5.96842,24.09879257,,,,47.24297314,742.0724095,,,5.96842,1473.68
,,,,,,,,,,,,,,,,48.7,1.264727695,,,5.115,35.73833957,,,,47.29588015,3.447225245,,,6.00714,24.12232535,,,,47.55777639,740.5742821,,,6.00714,1467.48
,,,,,,,,,,,,,,,,49.2,1.2385278,,,5.1425,35.93440637,,,,47.65543071,3.186071817,,,6.00763,24.12666312,,,,47.84259838,738.576779,,,6.00763,1468.05
,,,,,,,,,,,,,,,,49.6,1.209188269,,,5.17,35.93487932,,,,47.97003745,3.029379761,,,6.00861,24.129079,,,,48.0974391,737.5780275,,,6.00861,1468.71
,,,,,,,,,,,,,,,,50,1.187827584,,,5.1975,35.93487932,,,,48.23970037,2.898803047,,,6.00949,24.12881536,,,,48.27732667,736.5792759,,,6.00949,1468.9
,,,,,,,,,,,,,,,,50.4,1.168869367,,,5.225,35.93487932,,,,48.46441948,2.689880305,,,6.01037,24.12812346,,,,48.27732667,736.5792759,,,6.01037,1468.89
,,,,,,,,,,,,,,,,50.7,1.152253338,,,5.2525,35.93535227,,,,48.7340824,2.533188248,,,6.01125,24.12738764,,,,48.51717676,734.5817728,,,6.01125,1468.76
,,,,,,,,,,,,,,,,,,,,5.3075,36.13189201,,,,48.94382022,2.376496192,,,6.01214,24.12690438,,,,48.74203623,732.5842697,,,6.01214,1468.57
,,,,,,,,,,,,,,,,,,,,5.335,36.13189201,,,,49.12359551,2.27203482,,,6.01743,24.12953928,,,,48.9219238,731.5855181,,,6.01743,1467.64
,,,,,,,,,,,,,,,,,,,,5.3625,36.13236496,,,,49.27340824,2.089227421,,,6.02096,24.1322839,,,,49.116802,729.588015,,,6.02096,1467.15
,,,,,,,,,,,,,,,,,,,,5.39,35.93724406,,,,49.48314607,1.932535365,,,6.02801,24.13804703,,,,49.32667083,727.5905119,,,6.02801,1466.26
,,,,,,,,,,,,,,,,,,,,5.39,35.93724406,,,,49.64794007,1.749727965,,,6.04918,24.15716423,,,,49.52154903,722.5967541,,,6.04918,1463.8
,,,,,,,,,,,,,,,,,,,,5.39,35.93724406,,,,49.79775281,1.593035909,,,6.06329,24.1715249,,,,49.68644597,715.6054931,,,6.06329,1462.29
,,,,,,,,,,,,,,,,,,,,5.39,35.93724406,,,,49.93258427,1.357997824,,,6.0774,24.18715431,,,,49.85134291,708.6142322,,,6.0774,1460.87
,,,,,,,,,,,,,,,,,,,,5.39,35.93724406,,,,50.00749064,1.201305767,,,6.10563,24.22249205,,,,50.00124922,702.6217228,,,6.10563,1458.28
,,,,,,,,,,,,,,,,,,,,5.39,35.93724406,,,,50.12734082,0.940152339,,,6.13385,24.26341421,,,,50.03123048,690.6367041,,,6.13385,1455.91
,,,,,,,,,,,,,,,,,,,,5.39,36.13283791,,,,50.17228464,1.462459195,,,6.16207,24.30562881,,,,50.03123048,680.6491885,,,6.16207,1453.94
,,,,,,,,,,,,,,,,,,,,5.39,36.13283791,,,,50.17228464,1.854189336,,,6.1903,24.35702891,,,,50.04622111,670.6616729,,,6.1903,1451.89
,,,,,,,,,,,,,,,,,,,,5.4175,36.13283791,,,,50.17228464,2.298150163,,,6.21852,24.41180822,,,,50.03123048,636.7041199,,,6.21852,1450.03
,,,,,,,,,,,,,,,,,,,,5.4175,36.13283791,,,,50.17228464,2.689880305,,,6.24674,24.46748917,,,,50.03123048,636.7041199,,,6.24674,1448.32
,,,,,,,,,,,,,,,,,,,,5.4175,36.13331085,,,,50.20224719,3.055495103,,,6.27497,24.51041841,,,,50.01623985,600.7490637,,,6.27497,1447
,,,,,,,,,,,,,,,,,,,,5.4175,36.13331085,,,,50.20224719,3.421109902,,,6.33142,24.53165264,,,,50.01623985,600.7490637,,,6.33142,1445.42
,,,,,,,,,,,,,,,,,,,,5.4175,36.13331085,,,,50.21722846,3.734494015,,,6.41609,24.55211762,,,,50.03123048,580.7740325,,,6.41609,1442.54
,,,,,,,,,,,,,,,,,,,,5.4175,36.13331085,,,,50.27715356,4.126224157,,,6.50076,24.56953648,,,,50.04622111,562.7965044,,,6.50076,1438.64
,,,,,,,,,,,,,,,,,,,,5.445,36.13331085,,,,50.33707865,4.361262242,,,6.55721,24.5797257,,,,50.04622111,551.8102372,,,6.55721,1435.23
,,,,,,,,,,,,,,,,,,,,5.445,36.13331085,,,,50.48689139,4.43960827,,,6.61365,24.58992266,,,,50.04622111,532.8339576,,,6.61365,1430.8
,,,,,,,,,,,,,,,,,,,,5.445,36.13331085,,,,50.54681648,4.047878128,,,6.65248,24.59639685,,,,50.07620237,514.8564295,,,6.65248,1426.48
,,,,,,,,,,,,,,,,,,,,5.4725,36.1337838,,,,50.5917603,3.760609358,,,6.6913,24.60465022,,,,50.07620237,514.8564295,,,6.6913,1421.14
,,,,,,,,,,,,,,,,,,,,5.4725,36.1337838,,,,50.5917603,3.368879217,,,6.69254,24.61218307,,,,50.091193,497.8776529,,,6.69254,1421.92
,,,,,,,,,,,,,,,,,,,,5.5275,36.1337838,,,,,,,,6.69388,24.61443328,,,,50.16614616,483.8951311,,,6.69388,1422.34
,,,,,,,,,,,,,,,,,,,,5.555,36.33032355,,,,,,,,6.69521,24.61409499,,,,50.24109931,470.9113608,,,6.69521,1422.44
,,,,,,,,,,,,,,,,,,,,5.5825,36.33032355,,,,,,,,6.69655,24.61307094,,,,50.3310431,459.9250936,,,6.69655,1422.34
,,,,,,,,,,,,,,,,,,,,5.6925,36.52686329,,,,,,,,6.69788,24.61209055,,,,50.43597751,450.9363296,,,6.69788,1422.15
,,,,,,,,,,,,,,,,,,,,5.7475,36.52874656,,,,,,,,6.70055,24.61129577,,,,50.57089319,446.9413233,,,6.70055,1421.71
,,,,,,,,,,,,,,,,,,,,5.8025,36.72481336,,,,,,,,6.70322,24.61141771,,,,50.70580887,440.948814,,,6.70322,1421.3
,,,,,,,,,,,,,,,,,,,,5.8575,36.72528145,,,,,,,,6.70856,24.61298374,,,,50.81074329,437.9525593,,,6.70856,1420.6
,,,,,,,,,,,,,,,,,,,,5.885,36.72574953,,,,,,,,6.7139,24.61488594,,,,50.94565896,435.9550562,,,6.7139,1419.96
,,,,,,,,,,,,,,,,,,,,5.9125,36.72621762,,,,,,,,6.72458,24.61919502,,,,51.1555278,432.9588015,,,6.72458,1418.76
,,,,,,,,,,,,,,,,,,,,5.9125,36.72621762,,,,,,,,6.75662,24.63499937,,,,51.23048095,432.9588015,,,6.75662,1415.51
,,,,,,,,,,,,,,,,,,,,5.94,36.72621762,,,,,,,,6.77798,24.64811632,,,,51.36539663,428.9637953,,,6.77798,1413.61
,,,,,,,,,,,,,,,,,,,,5.94,36.72621762,,,,,,,,6.79934,24.66327605,,,,51.5452842,426.9662921,,,6.79934,1411.86
,,,,,,,,,,,,,,,,,,,,5.94,36.72621762,,,,,,,,6.84206,24.69963183,,,,51.78513429,425.9675406,,,6.84206,1408.77
,,,,,,,,,,,,,,,,,,,,5.94,36.72621762,,,,,,,,6.88478,24.74375204,,,,,,,,6.88478,1406.03
,,,,,,,,,,,,,,,,,,,,5.94,36.72621762,,,,,,,,6.92751,24.79496067,,,,,,,,6.92751,1403.57
,,,,,,,,,,,,,,,,,,,,5.9675,36.72621762,,,,,,,,7.09839,25.046951,,,,,,,,7.09839,1395.02
,,,,,,,,,,,,,,,,,,,,5.9675,36.72621762,,,,,,,,7.14111,25.05765445,,,,,,,,7.14111,1393.75
,,,,,,,,,,,,,,,,,,,,5.9675,36.7266857,,,,,,,,7.22655,25.07184345,,,,,,,,7.22655,1390.47
,,,,,,,,,,,,,,,,,,,,5.995,36.7266857,,,,,,,,7.26927,25.07581242,,,,,,,,7.26927,1388.25
,,,,,,,,,,,,,,,,,,,,6.0225,36.7266857,,,,,,,,7.31199,25.07823648,,,,,,,,7.31199,1385.44
,,,,,,,,,,,,,,,,,,,,6.0225,36.7266857,,,,,,,,7.35471,25.07748302,,,,,,,,7.35471,1381.84
,,,,,,,,,,,,,,,,,,,,6.05,36.72715379,,,,,,,,7.39743,25.07436546,,,,,,,,7.39743,1377.53
,,,,,,,,,,,,,,,,,,,,6.0775,36.92322058,,,,,,,,7.42842,25.07836822,,,,,,,,7.42842,1375.32
,,,,,,,,,,,,,,,,,,,,6.105,36.92322058,,,,,,,,7.44854,25.07359628,,,,,,,,7.44854,1372.94
,,,,,,,,,,,,,,,,,,,,6.1325,36.92322058,,,,,,,,7.46664,25.07372238,,,,,,,,7.46664,1371.18
,,,,,,,,,,,,,,,,,,,,6.2975,37.12022355,,,,,,,,7.53906,25.08515457,,,,,,,,7.53906,1365.64
,,,,,,,,,,,,,,,,,,,,6.3525,37.31629035,,,,,,,,7.57158,25.09433709,,,,,,,,7.57158,1363.5
,,,,,,,,,,,,,,,,,,,,6.38,37.31629035,,,,,,,,7.60409,25.10623581,,,,,,,,7.60409,1361.56
,,,,,,,,,,,,,,,,,,,,6.4075,37.31812276,,,,,,,,7.66912,25.13657104,,,,,,,,7.66912,1358
,,,,,,,,,,,,,,,,,,,,6.4625,37.31812276,,,,,,,,7.99426,25.32298055,,,,,,,,7.99426,1340.81
,,,,,,,,,,,,,,,,,,,,6.49,37.31858601,,,,,,,,8.05929,25.32653561,,,,,,,,8.05929,1336.46
,,,,,,,,,,,,,,,,,,,,6.5175,37.31904926,,,,,,,,8.12432,25.32165188,,,,,,,,8.12432,1331.64
,,,,,,,,,,,,,,,,,,,,6.5175,37.31904926,,,,,,,,8.17301,25.3318473,,,,,,,,8.17301,1328.6
,,,,,,,,,,,,,,,,,,,,6.545,37.31904926,,,,,,,,8.20305,25.30176615,,,,,,,,8.20305,1326.11
,,,,,,,,,,,,,,,,,,,,6.5725,37.31904926,,,,,,,,8.23008,25.29386997,,,,,,,,8.23008,1324.07
,,,,,,,,,,,,,,,,,,,,6.5725,37.3195125,,,,,,,,8.33822,25.28928915,,,,,,,,8.33822,1316.81
,,,,,,,,,,,,,,,,,,,,6.6275,37.5155793,,,,,,,,8.48421,25.29952702,,,,,,,,8.48421,1307.77
,,,,,,,,,,,,,,,,,,,,6.655,37.5155793,,,,,,,,9.16551,25.12448808,,,,,,,,9.16551,1265.06
,,,,,,,,,,,,,,,,,,,,6.6825,37.51604255,,,,,,,,9.36016,24.97438772,,,,,,,,9.36016,1251.53
,,,,,,,,,,,,,,,,,,,,6.71,37.51604255,,,,,,,,9.51434,24.82137422,,,,,,,,9.51434,1240.01
,,,,,,,,,,,,,,,,,,,,6.765,37.51650579,,,,,,,,9.74176,24.41873391,,,,,,,,9.74176,1220.4
,,,,,,,,,,,,,,,,,,,,6.82,37.71257259,,,,,,,,9.79862,24.2512149,,,,,,,,9.79862,1215.04
,,,,,,,,,,,,,,,,,,,,6.875,37.71257259,,,,,,,,9.85547,24.07254382,,,,,,,,9.85547,1209.15
,,,,,,,,,,,,,,,,,,,,6.93,37.71303584,,,,,,,,9.96918,23.54381067,,,,,,,,9.96918,1196.24
,,,,,,,,,,,,,,,,,,,,6.9575,37.71303584,,,,,,,,10.0829,22.75250751,,,,,,,,10.0829,1181.55
,,,,,,,,,,,,,,,,,,,,7.04,37.90956588,,,,,,,,10.1018,22.59712468,,,,,,,,10.1018,1178.88
,,,,,,,,,,,,,,,,,,,,7.0675,37.91134787,,,,,,,,10.1271,22.30175594,,,,,,,,10.1271,1175.51
,,,,,,,,,,,,,,,,,,,,7.095,37.91134787,,,,,,,,10.2156,21.3351779,,,,,,,,10.2156,1163.27
,,,,,,,,,,,,,,,,,,,,7.1225,37.91134787,,,,,,,,10.4279,19.56324752,,,,,,,,10.4279,1135.3
,,,,,,,,,,,,,,,,,,,,7.15,37.9118063,,,,,,,,10.5189,19.11936296,,,,,,,,10.5189,1124.15
,,,,,,,,,,,,,,,,,,,,7.205,37.91226474,,,,,,,,10.6099,18.80739607,,,,,,,,10.6099,1114.06
,,,,,,,,,,,,,,,,,,,,7.2325,37.91226474,,,,,,,,10.7009,18.60541768,,,,,,,,10.7009,1104.96
,,,,,,,,,,,,,,,,,,,,7.26,37.91272317,,,,,,,,10.7464,18.53481421,,,,,,,,10.7464,1100.97
,,,,,,,,,,,,,,,,,,,,7.37,37.91318161,,,,,,,,10.7919,18.48085502,,,,,,,,10.7919,1097.27
,,,,,,,,,,,,,,,,,,,,7.5625,38.11016527,,,,,,,,10.8374,18.44209496,,,,,,,,10.8374,1093.86
,,,,,,,,,,,,,,,,,,,,7.59,38.1106237,,,,,,,,10.8829,18.41608302,,,,,,,,10.8829,1090.74
,,,,,,,,,,,,,,,,,,,,7.645,38.11108214,,,,,,,,10.9284,18.40012434,,,,,,,,10.9284,1087.89
,,,,,,,,,,,,,,,,,,,,7.7825,37.91719618,,,,,,,,10.9739,18.39274359,,,,,,,,10.9739,1085.31
,,,,,,,,,,,,,,,,,,,,7.8925,37.91810348,,,,,,,,11.0251,18.39270024,,,,,,,,11.0251,1082.69
,,,,,,,,,,,,,,,,,,,,8.03,37.72339762,,,,,,,,11.0934,18.40278496,,,,,,,,11.0934,1079.63
,,,,,,,,,,,,,,,,,,,,8.0575,37.72385126,,,,,,,,11.1844,18.42931985,,,,,,,,11.1844,1076.22
,,,,,,,,,,,,,,,,,,,,8.14,37.52869176,,,,,,,,11.3209,18.48710056,,,,,,,,11.3209,1072.34
,,,,,,,,,,,,,,,,,,,,8.2225,37.52959905,,,,,,,,11.4119,18.53204905,,,,,,,,11.4119,1070.43
,,,,,,,,,,,,,,,,,,,,8.3325,37.33608861,,,,,,,,11.5939,18.61893437,,,,,,,,11.5939,1068.05
,,,,,,,,,,,,,,,,,,,,8.415,37.14091958,,,,,,,,11.81,18.71991535,,,,,,,,11.81,1066.68
,,,,,,,,,,,,,,,,,,,,8.4975,36.75013264,,,,,,,,12.7655,19.03777211,,,,,,,,12.7655,1066.39
,,,,,,,,,,,,,,,,,,,,8.58,36.55586137,,,,,,,,13.5845,19.18494677,,,,,,,,13.5845,1063.94
,,,,,,,,,,,,,,,,,,,,8.6625,36.16507443,,,,,,,,14.4945,19.26955121,,,,,,,,14.4945,1057.12
,,,,,,,,,,,,,,,,,,,,8.745,35.57911845,,,,,,,,15.4045,19.34698976,,,,,,,,15.4045,1047.89
,,,,,,,,,,,,,,,,,,,,8.745,35.57956734,,,,,,,,16.3145,19.42736707,,,,,,,,16.3145,1038.69
,,,,,,,,,,,,,,,,,,,,8.8,35.18878039,,,,,,,,17.0766,19.48607626,,,,,,,,17.0766,1031.18
,,,,,,,,,,,,,,,,,,,,8.855,34.79799345,,,,,,,,17.8046,19.54546172,,,,,,,,17.8046,1024.15
,,,,,,,,,,,,,,,,,,,,8.9375,34.01746655,,,,,,,,18.5326,19.56379587,,,,,,,,18.5326,1017.67
,,,,,,,,,,,,,,,,,,,,8.9925,33.23630838,,,,,,,,19.2606,19.57924735,,,,,,,,19.2606,1011.4
,,,,,,,,,,,,,,,,,,,,9.075,32.45559436,,,,,,,,19.9154,19.59938341,,,,,,,,19.9154,1006.17
,,,,,,,,,,,,,,,,,,,,9.2675,29.32874095,,,,,,,,20.5703,19.59292171,,,,,,,,20.5703,1001.42
,,,,,,,,,,,,,,,,,,,,9.3225,28.35240427,,,,,,,,21.2251,19.56612935,,,,,,,,21.2251,996.986
,,,,,,,,,,,,,,,,,,,,9.4325,26.59446528,,,,,,,,21.8799,19.53029121,,,,,,,,21.8799,992.651
,,,,,,,,,,,,,,,,,,,,9.4875,26.00804147,,,,,,,,22.5347,19.48732836,,,,,,,,22.5347,988.429
,,,,,,,,,,,,,,,,,,,,9.515,25.61724032,,,,,,,,23.1241,19.45411469,,,,,,,,23.1241,984.991
,,,,,,,,,,,,,,,,,,,,9.5425,25.22758074,,,,,,,,23.7134,19.39442222,,,,,,,,23.7134,982.03
,,,,,,,,,,,,,,,,,,,,9.57,25.03239281,,,,,,,,24.3028,19.32391633,,,,,,,,24.3028,979.267
,,,,,,,,,,,,,,,,,,,,9.57,24.64113808,,,,,,,,24.8921,19.24404965,,,,,,,,24.8921,976.578
,,,,,,,,,,,,,,,,,,,,9.5975,24.44595015,,,,,,,,25.4815,19.16018288,,,,,,,,25.4815,973.938
,,,,,,,,,,,,,,,,,,,,9.625,24.25076222,,,,,,,,26.0119,19.09087711,,,,,,,,26.0119,971.876
,,,,,,,,,,,,,,,,,,,,9.6525,24.05557429,,,,,,,,26.5423,19.02287975,,,,,,,,26.5423,969.998
,,,,,,,,,,,,,,,,,,,,9.68,23.85994692,,,,,,,,27.0727,18.95368214,,,,,,,,27.0727,968.241
,,,,,,,,,,,,,,,,,,,,9.68,23.66475899,,,,,,,,27.6031,18.86965795,,,,,,,,27.6031,966.619
,,,,,,,,,,,,,,,,,,,,9.735,23.27350426,,,,,,,,28.3228,18.73067261,,,,,,,,28.3228,964.708
,,,,,,,,,,,,,,,,,,,,9.7625,22.88268897,,,,,,,,28.9705,18.61291482,,,,,,,,28.9705,963.36
,,,,,,,,,,,,,,,,,,,,9.79,22.68794047,,,,,,,,29.6182,18.49324098,,,,,,,,29.6182,962.143
,,,,,,,,,,,,,,,,,,,,9.845,22.29668574,,,,,,,,30.2012,18.37867263,,,,,,,,30.2012,961.055
,,,,,,,,,,,,,,,,,,,,9.9275,21.90630988,,,,,,,,30.7841,18.2701728,,,,,,,,30.7841,960.147
,,,,,,,,,,,,,,,,,,,,9.9825,21.31942779,,,,,,,,31.3671,18.16595164,,,,,,,,31.3671,959.432
,,,,,,,,,,,,,,,,,,,,10.065,20.92905193,,,,,,,,31.95,18.05428571,,,,,,,,31.95,958.812
,,,,,,,,,,,,,,,,,,,,10.0925,20.92949136,,,,,,,,32.533,17.91309308,,,,,,,,32.533,958.429
,,,,,,,,,,,,,,,,,,,,10.1475,20.733864,,,,,,,,33.1159,17.77695157,,,,,,,,33.1159,958.252
,,,,,,,,,,,,,,,,,,,,10.175,20.53875692,,,,,,,,33.6988,17.63755906,,,,,,,,33.6988,958.13
,,,,,,,,,,,,,,,,,,,,10.2575,20.14749282,,,,,,,,34.2818,17.49501378,,,,,,,,34.2818,958.025
,,,,,,,,,,,,,,,,,,,,10.3675,19.75666346,,,,,,,,34.8356,17.36436246,,,,,,,,34.8356,958.086
,,,,,,,,,,,,,,,,,,,,10.45,19.56146615,,,,,,,,35.3602,17.23979493,,,,,,,,35.3602,958.208
,,,,,,,,,,,,,,,,,,,,10.5325,19.42465414,,,,,,,,35.8849,17.11193061,,,,,,,,35.8849,958.348
,,,,,,,,,,,,,,,,,,,,10.5875,19.24862877,,,,,,,,36.4095,16.96001796,,,,,,,,36.4095,958.852
,,,,,,,,,,,,,,,,,,,,10.7525,18.93600876,,,,,,,,36.9079,16.81420866,,,,,,,,36.9079,959.436
,,,,,,,,,,,,,,,,,,,,10.89,18.64310359,,,,,,,,37.3801,16.66858293,,,,,,,,37.3801,959.871
,,,,,,,,,,,,,,,,,,,,11.055,18.40842555,,,,,,,,37.8523,16.52041244,,,,,,,,37.8523,960.294
,,,,,,,,,,,,,,,,,,,,11.275,18.1150995,,,,,,,,38.3245,16.37203387,,,,,,,,38.3245,960.789
,,,,,,,,,,,,,,,,,,,,11.55,17.84164027,,,,,,,,38.7967,16.21727275,,,,,,,,38.7967,961.232
,,,,,,,,,,,,,,,,,,,,11.81,17.5481357,,,,,,,,39.0328,16.13803239,,,,,,,,39.0328,961.468
,,,,,,,,,,,,,,,,,,,,12.7655,17.21583468,,,,,,,,39.2689,16.060957,,,,,,,,39.2689,961.75
,,,,,,,,,,,,,,,,,,,,13.5845,16.92248212,,,,,,,,39.505,15.98325896,,,,,,,,39.505,962.052
,,,,,,,,,,,,,,,,,,,,14.4945,16.72723051,,,,,,,,39.7411,15.89378102,,,,,,,,39.7411,962.45
,,,,,,,,,,,,,,,,,,,,15.4045,16.66901757,,,,,,,,39.9771,15.8008432,,,,,,,,39.9771,962.855
,,,,,,,,,,,,,,,,,,,,16.3145,16.68923125,,,,,,,,40.2132,15.70692403,,,,,,,,40.2132,963.263
,,,,,,,,,,,,,,,,,,,,17.0766,16.74905526,,,,,,,,40.4493,15.61329505,,,,,,,,40.4493,963.713
,,,,,,,,,,,,,,,,,,,,17.8046,16.76898254,,,,,,,,40.6854,15.51999401,,,,,,,,40.6854,964.201
,,,,,,,,,,,,,,,,,,,,18.5326,16.819,,,,,,,,40.9215,15.4236924,,,,,,,,40.9215,964.676
,,,,,,,,,,,,,,,,,,,,19.2606,16.8713,,,,,,,,41.1576,15.32707609,,,,,,,,41.1576,965.138
,,,,,,,,,,,,,,,,,,,,19.9154,16.9244,,,,,,,,41.3937,15.22920123,,,,,,,,41.3937,965.609
,,,,,,,,,,,,,,,,,,,,20.5703,16.871344,,,,,,,,41.6298,15.13149798,,,,,,,,41.6298,966.116
,,,,,,,,,,,,,,,,,,,,21.2251,16.8541,,,,,,,,41.8659,15.03177512,,,,,,,,41.8659,966.64
,,,,,,,,,,,,,,,,,,,,21.8799,16.8412,,,,,,,,42.102,14.93182249,,,,,,,,42.102,967.152
,,,,,,,,,,,,,,,,,,,,22.5347,16.7957,,,,,,,,42.3381,14.82858435,,,,,,,,42.3381,967.657
,,,,,,,,,,,,,,,,,,,,23.1241,16.6423,,,,,,,,42.5742,14.72509628,,,,,,,,42.5742,968.19
,,,,,,,,,,,,,,,,,,,,23.7134,16.6109,,,,,,,,42.8103,14.60865125,,,,,,,,42.8103,968.874
,,,,,,,,,,,,,,,,,,,,24.3028,16.5821,,,,,,,,43.0463,14.48827072,,,,,,,,43.0463,969.547
,,,,,,,,,,,,,,,,,,,,24.8921,16.542822,,,,,,,,43.2824,14.36702641,,,,,,,,43.2824,970.233
,,,,,,,,,,,,,,,,,,,,25.4815,16.51099,,,,,,,,43.5185,14.24401339,,,,,,,,43.5185,970.94
,,,,,,,,,,,,,,,,,,,,26.0119,16.48449,,,,,,,,43.7546,14.11680848,,,,,,,,43.7546,971.609
,,,,,,,,,,,,,,,,,,,,26.5423,16.42,,,,,,,,43.9671,14.00201883,,,,,,,,43.9671,972.212
,,,,,,,,,,,,,,,,,,,,27.0727,16.3509,,,,,,,,44.1796,13.88461261,,,,,,,,44.1796,972.813
,,,,,,,,,,,,,,,,,,,,27.6031,16.21,,,,,,,,44.3921,13.76604572,,,,,,,,44.3921,973.425
,,,,,,,,,,,,,,,,,,,,28.3228,15.9822,,,,,,,,44.6046,13.64421441,,,,,,,,44.6046,974.017
,,,,,,,,,,,,,,,,,,,,28.9705,15.914322,,,,,,,,44.817,13.5209558,,,,,,,,44.817,974.612
,,,,,,,,,,,,,,,,,,,,29.6182,15.714,,,,,,,,45.0295,13.38876674,,,,,,,,45.0295,975.309
,,,,,,,,,,,,,,,,,,,,30.2012,15.54318,,,,,,,,45.1889,13.28270656,,,,,,,,45.1889,975.876
,,,,,,,,,,,,,,,,,,,,30.7841,15.3199,,,,,,,,45.3748,13.1568771,,,,,,,,45.3748,976.522
,,,,,,,,,,,,,,,,,,,,31.3671,15.0885,,,,,,,,45.481,13.08387777,,,,,,,,45.481,976.885
,,,,,,,,,,,,,,,,,,,,31.95,15.001,,,,,,,,45.5873,13.01038249,,,,,,,,45.5873,977.251
,,,,,,,,,,,,,,,,,,,,32.533,14.7544,,,,,,,,45.7998,12.86143811,,,,,,,,45.7998,977.986
,,,,,,,,,,,,,,,,,,,,33.1159,14.6541299,,,,,,,,45.991,12.72440226,,,,,,,,45.991,978.643
,,,,,,,,,,,,,,,,,,,,33.6988,14.45459,,,,,,,,46.1822,12.58498583,,,,,,,,46.1822,979.296
,,,,,,,,,,,,,,,,,,,,34.2818,14.19413,,,,,,,,46.3735,12.44136875,,,,,,,,46.3735,979.925
,,,,,,,,,,,,,,,,,,,,34.8356,13.9817,,,,,,,,46.5647,12.29518686,,,,,,,,46.5647,980.545
,,,,,,,,,,,,,,,,,,,,35.3602,13.7093739,,,,,,,,46.7559,12.1325108,,,,,,,,46.7559,981.346
,,,,,,,,,,,,,,,,,,,,35.8849,13.45644118,,,,,,,,46.9472,11.96371647,,,,,,,,46.9472,982.121
,,,,,,,,,,,,,,,,,,,,36.4095,13.30089892,,,,,,,,47.1384,11.79600068,,,,,,,,47.1384,982.95
,,,,,,,,,,,,,,,,,,,,36.9079,13.14519812,,,,,,,,47.2168,11.71902349,,,,,,,,47.2168,983.204
,,,,,,,,,,,,,,,,,,,,37.3801,13.02845466,,,,,,,,47.2953,11.64687817,,,,,,,,47.2953,983.509
,,,,,,,,,,,,,,,,,,,,37.8523,12.91168824,,,,,,,,47.3737,11.57371074,,,,,,,,47.3737,983.821
,,,,,,,,,,,,,,,,,,,,38.3245,12.75607389,,,,,,,,47.4521,11.49947913,,,,,,,,47.4521,984.128
,,,,,,,,,,,,,,,,,,,,38.7967,12.56147134,,,,,,,,47.5305,11.42435379,,,,,,,,47.5305,984.43
,,,,,,,,,,,,,,,,,,,,39.0328,12.36686237,,,,,,,,47.6089,11.34821143,,,,,,,,47.6089,984.719
,,,,,,,,,,,,,,,,,,,,39.2689,12.26954982,,,,,,,,47.6874,11.27102949,,,,,,,,47.6874,985.003
,,,,,,,,,,,,,,,,,,,,39.505,12.17221813,,,,,,,,47.7658,11.1865721,,,,,,,,47.7658,985.384
,,,,,,,,,,,,,,,,,,,,39.7411,12.07498499,,,,,,,,47.8442,11.09998705,,,,,,,,47.8442,985.777
,,,,,,,,,,,,,,,,,,,,39.9771,11.9776542,,,,,,,,47.9226,11.01245318,,,,,,,,47.9226,986.159
,,,,,,,,,,,,,,,,,,,,40.2132,11.89981304,,,,,,,,48.001,10.92442159,,,,,,,,48.001,986.548
,,,,,,,,,,,,,,,,,,,,40.4493,11.8024724,,,,,,,,48.0795,10.83356985,,,,,,,,48.0795,986.918
,,,,,,,,,,,,,,,,,,,,40.6854,11.70513273,,,,,,,,48.1383,10.7647849,,,,,,,,48.1383,987.18
,,,,,,,,,,,,,,,,,,,,40.9215,11.60778756,,,,,,,,48.2167,10.67248519,,,,,,,,48.2167,987.527
,,,,,,,,,,,,,,,,,,,,41.1576,11.51043697,,,,,,,,48.2951,10.57900687,,,,,,,,48.2951,987.878
,,,,,,,,,,,,,,,,,,,,41.3937,11.43257198,,,,,,,,48.3735,10.48473011,,,,,,,,48.3735,988.239
,,,,,,,,,,,,,,,,,,,,41.6298,11.35471081,,,,,,,,48.452,10.38713317,,,,,,,,48.452,988.614
,,,,,,,,,,,,,,,,,,,,41.8659,11.25733742,,,,,,,,48.5304,10.27962031,,,,,,,,48.5304,989.1
,,,,,,,,,,,,,,,,,,,,42.102,11.17947447,,,,,,,,48.6088,10.17155144,,,,,,,,48.6088,989.593
,,,,,,,,,,,,,,,,,,,,42.3381,11.1015992,,,,,,,,48.6872,10.06125984,,,,,,,,48.6872,990.065
,,,,,,,,,,,,,,,,,,,,42.5742,11.00421892,,,,,,,,48.7657,9.949216818,,,,,,,,48.7657,990.53
,,,,,,,,,,,,,,,,,,,,42.8103,10.92634437,,,,,,,,48.8441,9.836515067,,,,,,,,48.8441,990.991
,,,,,,,,,,,,,,,,,,,,43.0463,10.82895432,,,,,,,,48.8735,9.79469183,,,,,,,,48.8735,991.171
,,,,,,,,,,,,,,,,,,,,43.2824,10.75106705,,,,,,,,48.9127,9.73704638,,,,,,,,48.9127,991.401
,,,,,,,,,,,,,,,,,,,,43.5185,10.65367663,,,,,,,,48.9715,9.639603366,,,,,,,,48.9715,991.829
,,,,,,,,,,,,,,,,,,,,43.7546,10.57574469,,,,,,,,49.0107,9.573350883,,,,,,,,49.0107,992.126
,,,,,,,,,,,,,,,,,,,,43.9671,10.49783891,,,,,,,,49.0499,9.507018324,,,,,,,,49.0499,992.43
,,,,,,,,,,,,,,,,,,,,44.1796,10.43943664,,,,,,,,49.0891,9.439684082,,,,,,,,49.0891,992.73
,,,,,,,,,,,,,,,,,,,,44.3921,10.38099831,,,,,,,,49.1284,9.36967608,,,,,,,,49.1284,992.996
,,,,,,,,,,,,,,,,,,,,44.6046,10.28358723,,,,,,,,49.1676,9.297721306,,,,,,,,49.1676,993.223
,,,,,,,,,,,,,,,,,,,,44.817,10.1861636,,,,,,,,49.197,9.243881257,,,,,,,,49.197,993.387
,,,,,,,,,,,,,,,,,,,,45.0295,10.12771724,,,,,,,,49.2362,9.175757615,,,,,,,,49.2362,993.668
,,,,,,,,,,,,,,,,,,,,45.1889,10.06927192,,,,,,,,49.2558,9.140844033,,,,,,,,49.2558,993.815
,,,,,,,,,,,,,,,,,,,,45.3748,10.01084194,,,,,,,,49.2754,9.104443195,,,,,,,,49.2754,993.989
,,,,,,,,,,,,,,,,,,,,45.481,9.913423026,,,,,,,,49.295,9.065808887,,,,,,,,49.295,994.218
,,,,,,,,,,,,,,,,,,,,45.5873,9.835470404,,,,,,,,49.3244,9.007885231,,,,,,,,49.3244,994.566
,,,,,,,,,,,,,,,,,,,,45.7998,9.757525767,,,,,,,,49.344,8.968928842,,,,,,,,49.344,994.794
,,,,,,,,,,,,,,,,,,,,45.991,9.67959805,,,,,,,,49.3734,8.90993656,,,,,,,,49.3734,995.126
,,,,,,,,,,,,,,,,,,,,46.1822,9.582161482,,,,,,,,49.393,8.870497398,,,,,,,,49.393,995.344
,,,,,,,,,,,,,,,,,,,,46.3735,9.504190978,,,,,,,,49.4322,8.791690837,,,,,,,,49.4322,995.776
,,,,,,,,,,,,,,,,,,,,46.5647,9.445737894,,,,,,,,49.4675,8.72011548,,,,,,,,49.4675,996.152
,,,,,,,,,,,,,,,,,,,,46.7559,9.328788032,,,,,,,,49.5028,8.646045152,,,,,,,,49.5028,996.54
,,,,,,,,,,,,,,,,,,,,46.9472,9.289820039,,,,,,,,49.5381,8.563799938,,,,,,,,49.5381,997.068
,,,,,,,,,,,,,,,,,,,,47.1384,9.231343147,,,,,,,,49.5734,8.481106598,,,,,,,,49.5734,997.581
,,,,,,,,,,,,,,,,,,,,47.2168,9.192372439,,,,,,,,49.6087,8.398553131,,,,,,,,49.6087,998.085
,,,,,,,,,,,,,,,,,,,,47.2953,9.133887643,,,,,,,,49.644,8.31721572,,,,,,,,49.644,998.591
,,,,,,,,,,,,,,,,,,,,47.3737,9.075411992,,,,,,,,49.6793,8.230709279,,,,,,,,49.6793,999.215
,,,,,,,,,,,,,,,,,,,,47.4521,8.997454519,,,,,,,,49.7146,8.136353136,,,,,,,,49.7146,999.914
,,,,,,,,,,,,,,,,,,,,47.5305,8.938974827,,,,,,,,49.7498,8.040254498,,,,,,,,49.7498,1000.54
,,,,,,,,,,,,,,,,,,,,47.6089,8.880495474,,,,,,,,49.7851,7.946501609,,,,,,,,49.7851,1001.15
,,,,,,,,,,,,,,,,,,,,47.6874,8.782359518,,,,,,,,49.794,7.92083109,,,,,,,,49.794,1001.38
,,,,,,,,,,,,,,,,,,,,47.7658,8.724167537,,,,,,,,49.8072,7.882706867,,,,,,,,49.8072,1001.74
,,,,,,,,,,,,,,,,,,,,47.8442,8.685384155,,,,,,,,49.816,7.855765132,,,,,,,,49.816,1001.97
,,,,,,,,,,,,,,,,,,,,47.9226,8.627194992,,,,,,,,49.8248,7.827529995,,,,,,,,49.8248,1002.18
,,,,,,,,,,,,,,,,,,,,48.001,8.549601636,,,,,,,,49.8337,7.799186131,,,,,,,,49.8337,1002.36
,,,,,,,,,,,,,,,,,,,,48.0795,8.491413157,,,,,,,,49.8425,7.771479605,,,,,,,,49.8425,1002.54
,,,,,,,,,,,,,,,,,,,,48.1383,8.45262602,,,,,,,,49.8513,7.744217664,,,,,,,,49.8513,1002.72
,,,,,,,,,,,,,,,,,,,,48.2167,8.375031421,,,,,,,,49.8601,7.717222199,,,,,,,,49.8601,1002.89
,,,,,,,,,,,,,,,,,,,,48.2951,8.297435403,,,,,,,,49.8689,7.690311071,,,,,,,,49.8689,1003.06
,,,,,,,,,,,,,,,,,,,,48.3735,8.219839907,,,,,,,,49.8778,7.662453416,,,,,,,,49.8778,1003.26
,,,,,,,,,,,,,,,,,,,,48.452,8.161650978,,,,,,,,49.8866,7.630973886,,,,,,,,49.8866,1003.51
,,,,,,,,,,,,,,,,,,,,48.5304,8.084053496,,,,,,,,49.8932,7.607337048,,,,,,,,49.8932,1003.69
,,,,,,,,,,,,,,,,,,,,48.6088,8.006454683,,,,,,,,49.902,7.577068414,,,,,,,,49.902,1003.94
,,,,,,,,,,,,,,,,,,,,48.6872,7.9094469,,,,,,,,49.9109,7.547644068,,,,,,,,49.9109,1004.18
,,,,,,,,,,,,,,,,,,,,48.7657,7.831830959,,,,,,,,49.9197,7.518372973,,,,,,,,49.9197,1004.43
,,,,,,,,,,,,,,,,,,,,48.8441,7.734753404,,,,,,,,49.9285,7.488923578,,,,,,,,49.9285,1004.67
,,,,,,,,,,,,,,,,,,,,48.8735,7.67650625,,,,,,,,49.9373,7.459186853,,,,,,,,49.9373,1004.9
,,,,,,,,,,,,,,,,,,,,48.9127,7.618259362,,,,,,,,49.9461,7.428645175,,,,,,,,49.9461,1005.13
,,,,,,,,,,,,,,,,,,,,48.9715,7.57942451,,,,,,,,49.955,7.393875256,,,,,,,,49.955,1005.45
,,,,,,,,,,,,,,,,,,,,49.0107,7.540590732,,,,,,,,49.9638,7.359855139,,,,,,,,49.9638,1005.75
,,,,,,,,,,,,,,,,,,,,49.0499,7.482347275,,,,,,,,49.9726,7.326571537,,,,,,,,49.9726,1006.05
,,,,,,,,,,,,,,,,,,,,49.0891,7.404687001,,,,,,,,49.9814,7.293884239,,,,,,,,49.9814,1006.34
,,,,,,,,,,,,,,,,,,,,49.1284,7.346443882,,,,,,,,49.9903,7.261601018,,,,,,,,49.9903,1006.62
,,,,,,,,,,,,,,,,,,,,49.1676,7.288200201,,,,,,,,49.9991,7.229255286,,,,,,,,49.9991,1006.9
,,,,,,,,,,,,,,,,,,,,49.197,7.229955805,,,,,,,,50.0079,7.191569328,,,,,,,,50.0079,1007.29
,,,,,,,,,,,,,,,,,,,,49.2362,7.171710734,,,,,,,,50.0167,7.154580586,,,,,,,,50.0167,1007.65
,,,,,,,,,,,,,,,,,,,,49.2558,7.132879761,,,,,,,,50.0255,7.117230428,,,,,,,,50.0255,1007.99
,,,,,,,,,,,,,,,,,,,,49.2754,7.094053643,,,,,,,,50.03,7.097828287,,,,,,,,50.03,1008.15
,,,,,,,,,,,,,,,,,,,,49.295,7.055226785,,,,,,,,50.0338,7.080365633,,,,,,,,50.0338,1008.27
,,,,,,,,,,,,,,,,,,,,49.3244,6.977570583,,,,,,,,50.0404,7.051958327,,,,,,,,50.0404,1008.46
,,,,,,,,,,,,,,,,,,,,49.344,6.938742624,,,,,,,,50.0448,7.030512779,,,,,,,,50.0448,1008.67
,,,,,,,,,,,,,,,,,,,,49.3734,6.919326386,,,,,,,,50.0537,6.989540275,,,,,,,,50.0537,1009.08
,,,,,,,,,,,,,,,,,,,,49.393,6.880497541,,,,,,,,50.0616,6.95451722,,,,,,,,50.0616,1009.43
,,,,,,,,,,,,,,,,,,,,49.4322,6.841670594,,,,,,,,50.0695,6.920757242,,,,,,,,50.0695,1009.75
,,,,,,,,,,,,,,,,,,,,49.4675,6.802844383,,,,,,,,50.0775,6.883426986,,,,,,,,50.0775,1010.15
,,,,,,,,,,,,,,,,,,,,49.5028,6.783427032,,,,,,,,50.0854,6.843669189,,,,,,,,50.0854,1010.6
,,,,,,,,,,,,,,,,,,,,49.5381,6.725186493,,,,,,,,50.0934,6.805807601,,,,,,,,50.0934,1010.99
,,,,,,,,,,,,,,,,,,,,49.5734,6.705771678,,,,,,,,50.1013,6.767314228,,,,,,,,50.1013,1011.4
,,,,,,,,,,,,,,,,,,,,49.6087,6.686355145,,,,,,,,50.1092,6.723963651,,,,,,,,50.1092,1011.91
,,,,,,,,,,,,,,,,,,,,49.644,6.628117635,,,,,,,,50.1172,6.684135152,,,,,,,,50.1172,1012.35
,,,,,,,,,,,,,,,,,,,,49.6793,6.589287353,,,,,,,,50.1192,6.674924533,,,,,,,,50.1192,1012.44
,,,,,,,,,,,,,,,,,,,,49.7146,6.569871364,,,,,,,,50.1202,6.670377523,,,,,,,,50.1202,1012.49
,,,,,,,,,,,,,,,,,,,,49.7498,6.511629505,,,,,,,,50.1222,6.658415924,,,,,,,,50.1222,1012.65
,,,,,,,,,,,,,,,,,,,,49.7851,6.453390113,,,,,,,,50.1241,6.646720777,,,,,,,,50.1241,1012.81
,,,,,,,,,,,,,,,,,,,,49.794,6.395149504,,,,,,,,50.1266,6.63245693,,,,,,,,50.1266,1012.99
,,,,,,,,,,,,,,,,,,,,49.8072,6.336907755,,,,,,,,50.1286,6.621347826,,,,,,,,50.1286,1013.12
,,,,,,,,,,,,,,,,,,,,49.816,6.278664089,,,,,,,,50.1326,6.599925744,,,,,,,,50.1326,1013.38
,,,,,,,,,,,,,,,,,,,,49.8248,6.220423582,,,,,,,,50.1365,6.57969996,,,,,,,,50.1365,1013.59
,,,,,,,,,,,,,,,,,,,,49.8337,6.201008415,,,,,,,,50.1405,6.55427061,,,,,,,,50.1405,1013.92
,,,,,,,,,,,,,,,,,,,,49.8425,6.123358168,,,,,,,,50.1445,6.529400108,,,,,,,,50.1445,1014.22
,,,,,,,,,,,,,,,,,,,,49.8513,6.026292189,,,,,,,,50.1485,6.506327416,,,,,,,,50.1485,1014.48
,,,,,,,,,,,,,,,,,,,,49.8601,5.968052894,,,,,,,,50.1524,6.482357787,,,,,,,,50.1524,1014.75
,,,,,,,,,,,,,,,,,,,,49.8689,5.890407215,,,,,,,,50.1564,6.45480161,,,,,,,,50.1564,1015.1
,,,,,,,,,,,,,,,,,,,,49.8778,5.773934952,,,,,,,,50.1604,6.430235318,,,,,,,,50.1604,1015.38
,,,,,,,,,,,,,,,,,,,,49.8866,5.657468008,,,,,,,,50.1643,6.403559702,,,,,,,,50.1643,1015.69
,,,,,,,,,,,,,,,,,,,,49.8932,5.599236056,,,,,,,,50.1683,6.374007708,,,,,,,,50.1683,1016.03
,,,,,,,,,,,,,,,,,,,,49.902,5.560418894,,,,,,,,50.1719,6.352012563,,,,,,,,50.1719,1016.25
,,,,,,,,,,,,,,,,,,,,49.9109,5.541007688,,,,,,,,50.1751,6.32858694,,,,,,,,50.1751,1016.6
,,,,,,,,,,,,,,,,,,,,49.9197,5.502189424,,,,,,,,50.1783,6.310729208,,,,,,,,50.1783,1016.87
,,,,,,,,,,,,,,,,,,,,49.9285,5.482778974,,,,,,,,50.1811,6.292019923,,,,,,,,50.1811,1017.16
,,,,,,,,,,,,,,,,,,,,49.9373,5.463369948,,,,,,,,50.184,6.270230049,,,,,,,,50.184,1017.46
,,,,,,,,,,,,,,,,,,,,49.9461,5.4439596,,,,,,,,50.1847,6.265273742,,,,,,,,50.1847,1017.52
,,,,,,,,,,,,,,,,,,,,49.955,5.443960645,,,,,,,,50.1862,6.256052221,,,,,,,,50.1862,1017.61
,,,,,,,,,,,,,,,,,,,,49.9638,5.424550389,,,,,,,,50.1876,6.241918516,,,,,,,,50.1876,1017.81
,,,,,,,,,,,,,,,,,,,,49.9726,5.405145311,,,,,,,,50.1891,6.229729138,,,,,,,,50.1891,1017.97
,,,,,,,,,,,,,,,,,,,,49.9814,5.385735177,,,,,,,,50.1905,6.219551035,,,,,,,,50.1905,1018.08
,,,,,,,,,,,,,,,,,,,,49.9903,5.346921496,,,,,,,,50.1919,6.2088942,,,,,,,,50.1919,1018.21
,,,,,,,,,,,,,,,,,,,,49.9991,5.308106728,,,,,,,,50.1934,6.194677841,,,,,,,,50.1934,1018.4
,,,,,,,,,,,,,,,,,,,,50.0079,5.269289579,,,,,,,,50.1948,6.183106117,,,,,,,,50.1948,1018.54
,,,,,,,,,,,,,,,,,,,,50.0167,5.249886314,,,,,,,,50.1962,6.17279058,,,,,,,,50.1962,1018.64
,,,,,,,,,,,,,,,,,,,,50.0255,5.211074541,,,,,,,,50.1977,6.157925366,,,,,,,,50.1977,1018.85
,,,,,,,,,,,,,,,,,,,,50.03,5.191671522,,,,,,,,50.198,6.154851705,,,,,,,,50.198,1018.89
,,,,,,,,,,,,,,,,,,,,50.0338,5.172265919,,,,,,,,50.1982,6.153421203,,,,,,,,50.1982,1018.91
,,,,,,,,,,,,,,,,,,,,50.0404,5.152858827,,,,,,,,50.1985,6.151406786,,,,,,,,50.1985,1018.93
,,,,,,,,,,,,,,,,,,,,50.0448,5.133455623,,,,,,,,50.1986,6.150466676,,,,,,,,50.1986,1018.94
,,,,,,,,,,,,,,,,,,,,50.0537,5.133456064,,,,,,,,50.1988,6.149273562,,,,,,,,50.1988,1018.96
,,,,,,,,,,,,,,,,,,,,50.0616,5.094645895,,,,,,,,50.1992,6.147093859,,,,,,,,50.1992,1018.98
,,,,,,,,,,,,,,,,,,,,50.0695,5.075245516,,,,,,,,50.1995,6.145205706,,,,,,,,50.1995,1018.99
,,,,,,,,,,,,,,,,,,,,50.0775,5.036437151,,,,,,,,50.2002,6.137751455,,,,,,,,50.2002,1019.1
,,,,,,,,,,,,,,,,,,,,50.0854,4.997632749,,,,,,,,50.201,6.129954786,,,,,,,,50.201,1019.21
,,,,,,,,,,,,,,,,,,,,50.0934,4.978240865,,,,,,,,50.2017,6.123592912,,,,,,,,50.2017,1019.28
,,,,,,,,,,,,,,,,,,,,50.1013,4.939436622,,,,,,,,50.2024,6.118857051,,,,,,,,50.2024,1019.33
,,,,,,,,,,,,,,,,,,,,50.1092,4.920036396,,,,,,,,50.2038,6.104553356,,,,,,,,50.2038,1019.53
,,,,,,,,,,,,,,,,,,,,50.1172,4.90063617,,,,,,,,50.2053,6.095074712,,,,,,,,50.2053,1019.64
,,,,,,,,,,,,,,,,,,,,50.1192,4.881239625,,,,,,,,50.2066,6.081554934,,,,,,,,50.2066,1019.86
,,,,,,,,,,,,,,,,,,,,50.1202,4.86183937,,,,,,,,50.2079,6.072787459,,,,,,,,50.2079,1019.98
,,,,,,,,,,,,,,,,,,,,50.1222,4.842439109,,,,,,,,50.209,6.063092844,,,,,,,,50.209,1020.14
,,,,,,,,,,,,,,,,,,,,50.1241,4.80363936,,,,,,,,50.2101,6.05343095,,,,,,,,50.2101,1020.3
,,,,,,,,,,,,,,,,,,,,50.1266,4.784245358,,,,,,,,50.211,6.048473221,,,,,,,,50.211,1020.39
,,,,,,,,,,,,,,,,,,,,50.1286,4.764853992,,,,,,,,50.2119,6.041391125,,,,,,,,50.2119,1020.53
,,,,,,,,,,,,,,,,,,,,50.1326,4.72605454,,,,,,,,50.2126,6.03511741,,,,,,,,50.2126,1020.66
,,,,,,,,,,,,,,,,,,,,50.1365,4.706660125,,,,,,,,50.2132,6.035522031,,,,,,,,50.2132,1020.67
,,,,,,,,,,,,,,,,,,,,50.1405,4.687265578,,,,,,,,,,,,,,,,,,
,,,,,,,,,,,,,,,,,,,,50.1445,4.64922741,,,,,,,,,,,,,,,,,,
,,,,,,,,,,,,,,,,,,,,50.1485,4.629922708,,,,,,,,,,,,,,,,,,
,,,,,,,,,,,,,,,,,,,,50.1524,4.629931781,,,,,,,,,,,,,,,,,,
,,,,,,,,,,,,,,,,,,,,50.1564,4.610627018,,,,,,,,,,,,,,,,,,
,,,,,,,,,,,,,,,,,,,,50.1604,4.610637973,,,,,,,,,,,,,,,,,,
,,,,,,,,,,,,,,,,,,,,50.1643,4.572031928,,,,,,,,,,,,,,,,,,
,,,,,,,,,,,,,,,,,,,,50.1683,4.552738663,,,,,,,,,,,,,,,,,,
,,,,,,,,,,,,,,,,,,,,50.1719,4.552743669,,,,,,,,,,,,,,,,,,
,,,,,,,,,,,,,,,,,,,,50.1751,4.533441624,,,,,,,,,,,,,,,,,,
,,,,,,,,,,,,,,,,,,,,50.1783,4.53344703,,,,,,,,,,,,,,,,,,
,,,,,,,,,,,,,,,,,,,,50.1811,4.533452394,,,,,,,,,,,,,,,,,,
,,,,,,,,,,,,,,,,,,,,50.184,4.514155418,,,,,,,,,,,,,,,,,,
,,,,,,,,,,,,,,,,,,,,50.1847,4.494853454,,,,,,,,,,,,,,,,,,
,,,,,,,,,,,,,,,,,,,,50.1862,4.494860964,,,,,,,,,,,,,,,,,,
,,,,,,,,,,,,,,,,,,,,50.1876,4.494868389,,,,,,,,,,,,,,,,,,
,,,,,,,,,,,,,,,,,,,,50.1891,4.475563431,,,,,,,,,,,,,,,,,,
,,,,,,,,,,,,,,,,,,,,50.1905,4.475568416,,,,,,,,,,,,,,,,,,
,,,,,,,,,,,,,,,,,,,,50.1919,4.475573356,,,,,,,,,,,,,,,,,,
,,,,,,,,,,,,,,,,,,,,50.1934,4.456270869,,,,,,,,,,,,,,,,,,
,,,,,,,,,,,,,,,,,,,,50.1948,4.456277917,,,,,,,,,,,,,,,,,,
,,,,,,,,,,,,,,,,,,,,50.1962,4.436972688,,,,,,,,,,,,,,,,,,
,,,,,,,,,,,,,,,,,,,,50.1977,4.436975212,,,,,,,,,,,,,,,,,,
,,,,,,,,,,,,,,,,,,,,50.198,4.436979897,,,,,,,,,,,,,,,,,,
,,,,,,,,,,,,,,,,,,,,50.1982,4.436984535,,,,,,,,,,,,,,,,,,
,,,,,,,,,,,,,,,,,,,,50.1985,4.417676696,,,,,,,,,,,,,,,,,,
,,,,,,,,,,,,,,,,,,,,50.1986,4.417683683,,,,,,,,,,,,,,,,,,
,,,,,,,,,,,,,,,,,,,,50.1988,4.417690268,,,,,,,,,,,,,,,,,,
,,,,,,,,,,,,,,,,,,,,50.1992,4.39838704,,,,,,,,,,,,,,,,,,
,,,,,,,,,,,,,,,,,,,,50.1995,4.39839368,,,,,,,,,,,,,,,,,,
,,,,,,,,,,,,,,,,,,,,50.2002,4.379087967,,,,,,,,,,,,,,,,,,
,,,,,,,,,,,,,,,,,,,,50.201,4.379092193,,,,,,,,,,,,,,,,,,
,,,,,,,,,,,,,,,,,,,,50.2017,4.379094409,,,,,,,,,,,,,,,,,,
,,,,,,,,,,,,,,,,,,,,50.2024,4.379098557,,,,,,,,,,,,,,,,,,
,,,,,,,,,,,,,,,,,,,,50.2038,4.379100496,,,,,,,,,,,,,,,,,,
,,,,,,,,,,,,,,,,,,,,50.2053,4.379104798,,,,,,,,,,,,,,,,,,
,,,,,,,,,,,,,,,,,,,,50.2066,4.359796715,,,,,,,,,,,,,,,,,,
,,,,,,,,,,,,,,,,,,,,50.2079,4.359800929,,,,,,,,,,,,,,,,,,
,,,,,,,,,,,,,,,,,,,,50.209,4.359804869,,,,,,,,,,,,,,,,,,
,,,,,,,,,,,,,,,,,,,,50.2101,4.359806717,,,,,,,,,,,,,,,,,,
,,,,,,,,,,,,,,,,,,,,50.211,4.359810783,,,,,,,,,,,,,,,,,,
,,,,,,,,,,,,,,,,,,,,50.2119,4.340502609,,,,,,,,,,,,,,,,,,
,,,,,,,,,,,,,,,,,,,,50.2126,4.340506585,,,,,,,,,,,,,,,,,,
,,,,,,,,,,,,,,,,,,,,50.2132,4.340510314,,,,,,,,,,,,,,,,,,
