,t,d^2 (mm^2),,t,dflame (mm),,time ,Q (W),time ,Q (W),,Model,t,d^2 (mm^2),dflame (mm),,Model,t,Q (W)
EXP,0.043245302,16.2372052,,0.035489614,12.77822469,,0.203228798,13.95494714,0.4063494,2.743933661,,1 atm,0,16,79.7148801,,1 atm,0,5.68291E-05
,6.383443001,14.94100647,,0.80130089,14.44360728,,0.70994834,15.05114539,0.823049585,3.423753315,,do 4 mm,0,16,79.7148801,,do 4mm,0,5.68291E-05
,7.01754212,14.76397895,,1.400147181,19.14021561,,1.44929002,16.40967011,1.523945497,3.899284736,,1 atm,1E-10,16,79.7148801,,Radiance,1E-10,5.68291E-05
,7.722162821,14.52777531,,1.965578635,19.3319775,,1.959543976,17.14251235,2.035209285,4.528310979,,,3E-10,16,79.7148801,,,3E-10,5.68291E-05
,8.356460313,14.23222865,,2.671985757,19.61763756,,2.561332038,18.13600918,2.59451225,5.054078516,,,7E-10,16,79.7148801,,,7E-10,5.68291E-05
,9.060981827,14.05528459,,3.367691395,21.19011336,,3.16715943,18.71424202,3.248883735,5.477144641,,,1.5E-09,16,79.7148801,,,1.5E-09,5.68291E-05
,9.695279319,13.75973792,,4.002464095,21.56669745,,3.77197699,19.39629085,3.856225876,5.899653472,,,2.3E-09,16,79.7148801,,,3.1E-09,5.68291E-05
,10.39980083,13.58279386,,4.703520475,22.49576538,,4.283240778,20.02531709,4.69972457,6.221132774,,,3.9E-09,16,79.7148801,,,6.3E-09,5.68291E-05
,11.03409833,13.28724719,,5.26512997,23.14710431,,4.985146524,20.39703251,5.495689003,6.593962783,,,5.5E-09,16,79.7148801,,,9.5E-09,5.68291E-05
,11.73881821,12.99178399,,5.971537092,23.43276437,,5.499944726,20.66270275,6.057011633,6.912098318,,,8.7E-09,16,79.7148801,,,1.27E-08,5.68291E-05
,12.37301652,12.7554969,,6.677944214,23.71842444,,6.156840792,20.82622888,6.665363606,7.230791149,,,1.19E-08,16,79.7148801,,,1.91E-08,5.68291E-05
,13.07763722,12.51929327,,7.381293769,24.37174614,,6.718668338,21.09245641,7.604940653,7.345753039,,,1.83E-08,16,79.7148801,,,2.55E-08,5.68291E-05
,13.71183553,12.28300617,,8.08770089,24.6574062,,7.231446875,21.56575865,8.16525345,7.767704575,,,2.47E-08,16,79.7148801,,,3.83E-08,5.68291E-05
,14.48697781,11.98762644,,8.722473591,25.03399029,,7.938401783,21.41839407,8.964247381,7.829086582,,,3.11E-08,16,79.7148801,,,5.11E-08,5.68291E-05
,15.05075372,11.75125588,,9.358775074,25.22674356,,8.499724413,21.73652961,9.478540667,8.146664823,,,4.39E-08,16,79.7148801,,,6.39E-08,5.68291E-05
,15.68495202,11.51496878,,10.06671098,25.3285728,,9.158640144,21.69242373,10.18398083,8.15502424,,,5.67E-08,16,79.7144604,,,7.67E-08,5.68291E-05
,16.38957272,11.27876515,,10.7914635,23.40826304,,9.814021462,22.01167385,10.55920574,8.263298597,,,8.23E-08,16,79.7144604,,,8.95E-08,5.68291E-05
,17.09419343,11.04256152,,11.35077982,24.3353482,,10.23779047,21.9647815,11.21660673,8.37491672,,,1.079E-07,16,79.7144604,,,0.000000102,5.68291E-05
,17.65796934,10.80619096,,12.09311335,20.30098402,,10.89872587,21.71304362,11.68639525,8.432397665,,,1.591E-07,16,79.7144604,,,0.000000128,5.68291E-05
,18.43301243,10.57007079,,13.18772226,7.998198515,,11.50909751,21.82410445,12.25024246,8.490993199,,,2.103E-07,16,79.7144604,,,0.000000154,5.68291E-05
,19.06721074,10.33378369,,13.86508249,11.77664414,,12.26964567,21.00249316,12.83883057,6.006096718,,,3.127E-07,16,79.7140407,,,0.000000179,5.68291E-05
,19.70140904,10.0974966,,14.42822077,12.24415225,,12.90107953,9.277415327,13.56042805,4.353400125,,,4.151E-07,16,79.7140407,,,0.00000023,5.68291E-05
,20.40612893,9.802033396,,15.1338635,12.62172773,,13.44061863,6.999593552,14.12932442,3.892915656,,,6.199E-07,16,79.713621,,,0.000000282,5.68291E-05
,21.04032724,9.5657463,,15.84715015,12.0801491,,14.15161287,6.436964966,14.74171573,3.796344483,,,8.247E-07,16,79.7132013,,,0.000000333,5.68291E-05
,21.60410315,9.32937574,,16.4773365,13.00822565,,14.67297498,6.027831203,15.16649457,3.645636133,,,1.0295E-06,16,79.7132013,,,0.000000384,5.68291E-05
,22.52009022,9.034162933,,17.25537804,13.20296169,,15.23934678,5.826886735,16.39127718,3.452493788,,,1.4391E-06,16,79.7123619,,,0.000000435,5.68291E-05
,23.15418934,8.857135405,,17.82233828,13.21089275,,15.89977726,5.627056857,17.6620793,3.363724738,,,1.8487E-06,16,79.7119422,,,0.000000486,5.68291E-05
,23.71806444,8.561505277,,18.52950979,13.40463741,,16.60673216,5.479692273,18.5576565,3.166681332,,,2.2583E-06,16,79.7115225,,,0.000000589,5.68291E-05
,24.35226274,8.325218181,,19.09417685,13.6883147,,17.31469691,5.228511689,19.64034124,3.075683105,,,3.0775E-06,16,79.7102634,,,0.000000691,5.68291E-05
,25.12740502,8.029838445,,19.73124273,13.78915257,,17.78650509,5.078360632,20.91164828,2.935006055,,,3.8967E-06,16,79.7090043,,,0.000000794,5.68291E-05
,25.69128012,7.734208316,,20.51310623,13.52431155,,18.30584754,4.87685887,22.04085745,2.896473122,,,5.5351E-06,16,79.7064861,,,0.000000896,5.68291E-05
,26.46632322,7.498088149,,21.07624451,13.99181967,,18.96476327,4.832752993,22.93441498,2.907061717,,,7.1735E-06,16,79.7043876,,,0.000000998,5.68291E-05
,27.10052152,7.261801053,,21.8596368,13.54314784,,19.48208606,4.838883232,23.64036006,2.863513134,,,8.8119E-06,16,79.7018694,,,0.0000012,5.68291E-05
,27.73481901,6.966254388,,22.42736142,13.4591635,,20.09447736,4.74231206,24.34681005,2.768056551,,,1.04503E-05,16,79.6997709,,,0.00000141,5.68291E-05
,28.43934053,6.789310325,,23.13606172,13.46907733,,20.75339309,4.698206182,25.10028939,2.673157262,,,1.37271E-05,16,79.6947345,,,0.00000161,5.68291E-05
,29.07363802,6.493763661,,23.84705519,13.20324494,,21.41281374,4.602192304,25.6641366,2.731752796,,,1.70039E-05,16,79.6901178,,,0.00000182,5.68291E-05
,29.70783633,6.257476565,,24.417073,12.84351437,,21.78854358,4.65855866,26.84138494,2.589961157,,,2.35575E-05,16,79.6808844,,,0.00000202,5.68291E-05
,30.41245703,6.021272933,,25.25986944,13.77456507,,22.49549848,4.511194077,27.21660986,2.698235513,,,3.01111E-05,16,79.4718738,,,0.00000223,5.68291E-05
,31.11707773,5.785069301,,25.83141602,13.23100368,,23.10940454,4.258898903,28.01762346,2.551985519,,,3.66647E-05,16,79.1566791,,,0.00000264,5.68291E-05
,31.75137522,5.489522637,,26.47001068,13.14801072,,23.67375666,4.265586437,28.4879169,2.557558464,,,4.32183E-05,16,78.9313002,,,0.00000305,5.68291E-05
,32.38557353,5.253235541,,27.1771822,13.34175537,,24.33166256,4.32529656,29.24089132,2.514567175,,,4.97719E-05,16,78.7617414,,,0.00000346,5.68291E-05
,33.16061662,5.017115374,,27.81959881,12.79918537,,24.94405387,4.228725388,29.89930213,2.522369298,,,6.28791E-05,16,78.5225124,,,0.00000387,5.68291E-05
,33.72439253,4.780744813,,28.52982789,12.62526838,,25.50992074,4.079688921,30.46415918,2.477148831,,,7.59863E-05,16.00007625,78.36069491,,,0.00000428,5.68291E-05
,34.35869002,4.485198149,,29.23623501,12.91092844,,26.1207973,4.138841749,31.59387326,2.386707898,,,8.90935E-05,16.00007625,78.24233922,,,0.00000509,5.68291E-05
,34.99288833,4.248911053,,29.87865163,12.36835844,,26.7331886,4.042270577,32.72308244,2.348174965,,,0.000102201,16.00007625,78.15126411,,,0.00000591,5.68291E-05
,35.76793143,4.012790886,,30.65592878,12.65500989,,27.2965309,4.152774111,33.47555194,2.357091677,,,0.000115308,16.00007625,78.07781643,,,0.00000673,5.68291E-05
,36.40222892,3.717244221,,31.22594659,12.29527932,,27.95342696,4.316300235,34.69932471,2.267765333,,,0.000128415,16.00007625,78.01737949,,,0.00000755,5.68291E-05
,37.03632804,3.540216694,,31.8683632,11.75270931,,28.42624498,4.062333178,35.87707798,2.074065694,,,0.000154629,16.00007625,77.92168766,,,0.00000837,5.68291E-05
,37.74104792,3.244753494,,32.57782789,11.67070773,,29.0391412,3.913854006,37.10337533,1.725199348,,,0.000180844,16.00007625,77.84782028,,,0.00001,5.68291E-05
,38.44566863,3.008549862,,33.2857638,11.77253698,,29.65203742,3.765374833,38.23207959,1.738574416,,,0.000207058,16.00015249,77.78714898,,,0.0000116,5.68291E-05
,39.07976774,2.831522334,,33.92818042,11.22996697,,30.35646775,3.877550251,39.17266647,1.749720305,,,0.000233273,16.00015249,77.73510593,,,0.0000133,5.68291E-05
,39.78448763,2.536059134,,34.63458754,11.51562704,,30.82777102,3.779307195,40.11426318,1.657050194,,,0.000259487,16.00015249,77.68935841,,,0.0000149,5.68291E-05
,40.48900915,2.359115071,,35.28006172,10.60539539,,31.39313298,3.682178728,41.14789891,1.773126673,,,0.000311916,16.00015249,77.60961503,,,0.0000166,5.68291E-05
,41.05278506,2.122744511,,35.92400712,9.878994567,,32.14661232,3.587279439,42.18405923,1.629663151,,,0.000364345,16.00022874,77.33825211,,,0.0000198,5.68291E-05
,41.82792734,1.827364775,,36.63347181,9.796992992,,32.66544985,3.437685678,43.12565594,1.53699304,,,0.000416773,16.00022874,76.95590267,,,0.0000231,3.82993E-05
,42.46202646,1.650337247,,37.20119644,9.713008651,,33.32234592,3.601211801,43.97167922,1.598932341,,,0.000469202,16.00030498,76.67488435,,,0.0000261,3.82993E-05
,43.16654797,1.473393184,,37.98076677,9.723913869,,33.93574705,3.400824628,44.81921724,1.505147641,,,0.000521631,16.00030498,76.45873679,,,0.000029,3.82993E-05
,43.80074628,1.237106088,,38.68870267,9.825743113,,34.45357475,3.355046867,45.66776509,1.307546941,,,0.000626489,16.00038123,76.14539933,,,0.000032,3.82993E-05
,44.43494458,1.000818992,,39.40657567,8.732672033,,35.1129954,3.259032989,46.70392541,1.164083418,,,0.000731346,16.00045747,75.92187746,,,0.0000379,3.82993E-05
,45.0690437,0.823791465,,40.04517033,8.649679075,,35.72690145,3.006737816,48.25639868,1.130566136,,,0.000836204,16.00053372,75.74871936,,,0.0000467,3.82993E-05
,45.77356522,0.646847401,,40.61213056,8.657610143,,36.38278769,3.27407994,48.82125572,1.085345669,,,0.000941061,16.00053372,75.60559927,,,0.0000526,1.97694E-05
,46.40736678,0.647598579,,41.25684036,7.839293908,,36.94713981,3.280767474,49.47966654,1.093147792,,,0.00104592,16.00060997,75.35941082,,,0.0000585,1.97694E-05
,47.18201313,0.648516685,,42.03946825,7.482537488,,37.51199686,3.235547008,50.09155292,1.04848462,,,0.00125563,16.00076246,74.67858059,,,0.0000644,1.97694E-05
,48.23834906,0.649768648,,42.68264926,6.848052073,,38.07937848,2.930786539,,,,,0.00146535,16.00083871,74.23218602,,,0.0000762,5.05047E-05
,48.51993946,0.709362073,,43.39134955,6.857965908,,38.59619635,2.988824779,,,,,0.00167506,16.0009912,73.90642274,,,0.000088,5.05047E-05
,49.15374102,0.71011325,,43.96518932,6.03865829,,39.34866585,2.997741491,,,,,0.00188478,16.00114369,73.64906991,,,0.0000998,3.19749E-05
,,,,44.68153353,5.12941803,,39.96055224,2.953078319,,,,,0.0020945,16.00121994,73.27653758,,,0.000112,1.3445E-05
,,,,45.40017092,3.944431541,,40.62148764,2.70134044,,,,,0.00251393,16.00152494,72.48606372,,,0.000129,2.36147E-05
,,,,46.04182315,3.493776944,,41.18836435,2.448487972,,,,,0.00289141,16.00175368,71.99718481,,,0.00015,2.99391E-05
,,,,13.27923086,5.517473842,,41.74867714,2.870439508,,,,,0.0032689,16.00198243,71.61910656,,,0.000171,0.000122588
,,,,13.98334481,6.078880133,,42.3170686,2.46186304,,,,,0.00364639,16.00221118,71.01604816,,,0.000192,0.000165973
,,,,14.55030504,6.086811201,,42.88142073,2.468550573,,,,,0.00402387,16.00243993,70.52630876,,,0.00021,0.000295682
,,,,15.18584214,6.371479881,,44.2452717,2.484712113,,,,,0.00477885,16.00289744,69.79445438,,,0.000227,0.000425391
,,,,16.03857567,6.107630254,,44.76663382,2.07557835,,,,,0.00553382,16.00335495,68.9152489,,,0.000245,0.000542894
,,,,16.60706469,5.931730502,,45.42201513,2.394828475,,,,,0.0062888,16.00381247,68.22322675,,,0.000262,0.000728193
,,,,17.3142362,6.125475156,,45.99192134,1.830528005,,,,,0.00704377,16.00427,67.56770356,,,0.000279,0.000901286
,,,,17.95130208,6.226313017,,46.55526363,1.94103154,,,,,0.00779875,16.00472754,66.8802597,,,0.000297,0.001111439
,,,,18.37728665,6.140345908,,47.26070379,1.949390957,,,,,0.00855372,16.00518508,66.3220847,,,0.000314,0.001389387
,,,,18.59142552,5.959489239,,47.87259018,1.904727785,,,,,0.0093087,16.00564262,65.7462632,,,0.000331,0.00165513
,,,,19.3016546,5.785572255,,48.39142771,1.755134023,,,,,0.00987493,16.00594766,65.3002459,,,0.000349,0.001957932
,,,,20.0095905,5.887401499,,49.05084836,1.659120145,,,,,0.0104412,16.00632896,64.90558811,,,0.000366,0.002328529
,,,,20.50415193,6.078172002,,49.56817114,1.665250384,,,,,0.0115736,16.0070153,64.18325826,,,0.000371,0.002371914
,,,,21.14351098,5.903263634,,50.36716508,1.726632391,,,,,0.0123286,16.00747288,63.65061236,,,0.000379,0.002575742
,,,,21.85374006,5.72934665,,,,,,,,0.0130836,16.00793046,63.18260102,,,0.000388,0.002779571
,,,,22.70341602,5.833158661,,,,,,,,0.0145935,16.00884563,62.31538796,,,0.000397,0.002952664
,,,,23.20179941,5.564352117,,,,,,,,0.0161035,16.00976084,61.46953645,,,0.000414,0.003366645
,,,,24.05147537,5.668164128,,,,,,,,0.0176134,16.01067607,60.69920768,,,0.000432,0.003829892
,,,,24.83028131,5.770984755,,,,,,,,0.0206333,16.01258289,59.26688381,,,0.000449,0.004299463
,,,,25.54051039,5.597067771,,,,,,,,0.0233512,16.01426098,58.05903515,,,0.000466,0.004769034
,,,,26.20400237,5.361212925,,,,,,,,0.0260691,16.01593916,56.93672104,,,0.000484,0.005275665
,,,,26.7719818,5.246590113,,,,,,,,0.028787,16.01761743,55.90625389,,,0.000501,0.005800826
,,,,27.57670425,5.073994973,,,,,,,,0.031505,16.01929578,54.93951132,,,0.000553,0.007536752
,,,,28.28183739,5.512847385,,,,,,,,0.0342229,16.02105052,54.00429386,,,0.000588,0.008784578
,,,,28.850836,5.275670695,,,,,,,,0.0369408,16.02280536,53.14163347,,,0.000658,0.011360673
,,,,29.51636637,4.79470809,,,,,,,,0.0396587,16.02448398,52.3106754,,,0.000727,0.014041622
,,,,30.13159248,4.6807462,,,,,,,,0.0423766,16.02623901,51.52763757,,,0.000832,0.01839026
,,,,30.93478615,4.691981879,,,,,,,,0.0450945,16.02807044,50.78832154,,,0.000936,0.02265213
,,,,31.49919842,5.006297645,,,,,,,,0.0505303,16.03165729,49.41014527,,,0.00104,0.0267287
,,,,32.1632,4.709165859,,,,,,,,0.0559661,16.03532088,48.15320078,,,0.00118,0.031966329
,,,,32.82618239,4.534587953,,,,,,,,0.0641199,16.04112241,46.46162384,,,0.00132,0.036697326
,,,,33.62886647,4.607100572,,,,,,,,0.0722736,16.04738313,44.96846251,,,0.00146,0.041008461
,,,,34.24613096,4.248030924,,,,,,,,0.079525,16.0538742,43.78696652,,,0.00167,0.047085814
,,,,34.95432166,4.319221698,,,,,,,,0.0876461,16.06609624,42.65590655,,,0.00188,0.052372707
,,,,35.475564,4.142661024,,,,,,,,0.0878496,16.06640185,7.20772866,,,0.00215,0.058586094
,,,,36.23151098,4.153235781,,,,,,,,0.0970082,16.07817006,8.556179843,,,0.00243,0.064379618
,,,,36.94377844,3.734211038,,,,,,,,0.106959,16.08841344,9.556001748,,,0.00271,0.069802545
,,,,37.55543739,4.049187726,,,,,,,,0.114408,16.09506574,10.14422727,,,0.00299,0.074805609
,,,,38.36117903,3.754038707,,,,,,,,0.120596,16.09996026,10.56467354,,,0.00341,0.082304324
,,,,38.98252028,2.904753542,,,,,,,,0.125547,16.10363164,10.86234427,,,0.00382,0.089988338
,,,,39.68816301,3.282329015,,,,,,,,0.131116,16.10753294,11.16529962,,,0.00424,0.098364281
,,,,40.34961662,3.291581927,,,,,,,,0.132973,16.10875698,11.25799212,,,0.0048,0.111088863
,,,,40.96637151,2.993789219,,,,,,,,0.136686,16.11112868,11.43894884,,,0.00535,0.127643689
,,,,41.67507181,3.003703053,,,,,,,,0.138542,16.11227634,11.52506435,,,0.0059,0.153156095
,,,,42.33703501,2.951679026,,,,,,,,0.140399,16.11342404,11.60537361,,,0.00646,0.230701464
,,,,43.00256538,2.470716421,,,,,,,,0.144112,16.11564304,11.76901401,,,0.00715,0.279311423
,,,,43.67064372,1.683369118,,,,,,,,0.145969,16.11671434,11.84543683,,,0.00788,0.284298292
,,,,44.34228922,0.467083237,,,,,,,,0.147825,16.11770915,11.91720276,,,0.00873,0.297712586
,,,,45.00476202,0.35378227,,,,,,,,0.149682,16.11878051,11.98992831,,,0.00948,0.316587309
,,,,45.57121266,0.422990277,,,,,,,,0.151538,16.11977538,12.0639781,,,0.0105,0.35238524
,,,,,,,,,,,,,0.153395,16.12077029,12.13386175,,,0.0108,0.363700221
,,,,,,,,,,,,,0.155251,16.12176522,12.19991591,,,0.0112,0.375015202
,,,,,,,,,,,,,0.157108,16.12268365,12.26240604,,,0.0115,0.386330184
,,,,,,,,,,,,,0.158964,16.12367864,12.32880511,,,0.0118,0.3975959
,,,,,,,,,,,,,0.160821,16.12459712,12.39429403,,,0.0124,0.422029584
,,,,,,,,,,,,,0.162677,16.12543909,12.45642849,,,0.0127,0.433344565
,,,,,,,,,,,,,0.164534,16.12635762,12.51552,,,0.013,0.444610281
,,,,,,,,,,,,,0.166205,16.12712308,12.5662543,,,0.0136,0.465288727
,,,,,,,,,,,,,0.167708,16.12788856,12.61020687,,,0.0152,0.517866995
,,,,,,,,,,,,,0.169212,16.12857751,12.65897739,,,0.0167,0.566645686
,,,,,,,,,,,,,0.170716,16.12918992,12.70637138,,,0.0185,0.617316775
,,,,,,,,,,,,,0.17222,16.1298789,12.75202754,,,0.0212,0.690489738
,,,,,,,,,,,,,0.173724,16.13056789,12.79608429,,,0.0238,0.759917315
,,,,,,,,,,,,,0.176731,16.13186936,12.87957927,,,0.0263,0.825589654
,,,,,,,,,,,,,0.179739,16.13317088,12.95777077,,,0.0271,0.846248393
,,,,,,,,,,,,,0.182746,16.13439589,13.04280738,,,0.0303,0.93333877
,,,,,,,,,,,,,0.185754,16.13562094,13.12241339,,,0.0335,1.019241856
,,,,,,,,,,,,,0.191769,16.13791805,13.26741783,,,0.0375,1.128918472
,,,,,,,,,,,,,0.203799,16.14228299,13.54453412,,,0.0389,1.170970617
,,,,,,,,,,,,,0.209814,16.14427422,13.66531127,,,0.044,1.320925216
,,,,,,,,,,,,,0.215829,16.14618897,13.79108771,,,0.0499,1.498300201
,,,,,,,,,,,,,0.221845,16.14802724,13.90643153,,,0.0528,1.589767174
,,,,,,,,,,,,,0.22786,16.14978902,14.0118883,,,0.0586,1.774554105
,,,,,,,,,,,,,0.233875,16.15147428,14.1189254,,,0.0659,2.005123788
,,,,,,,,,,,,,0.23989,16.15315964,14.22192523,,,0.0711,2.18840259
,,,,,,,,,,,,,0.245905,16.15469186,14.3170659,,,0.0737,2.261536756
,,,,,,,,,,,,,0.25192,16.15622414,14.40546763,,,0.0763,2.353200789
,,,,,,,,,,,,,0.257935,16.15760327,14.49697217,,,0.0787,2.426433485
,,,,,,,,,,,,,0.269966,16.16036169,14.66751929,,,0.0808,2.499715447
,,,,,,,,,,,,,0.281996,16.16281381,14.81774896,,,0.0851,2.6463779
,,,,,,,,,,,,,0.288011,16.16396331,14.89581098,,,0.0893,2.774559751
,,,,,,,,,,,,,0.306056,16.16725877,15.10553108,,,0.0914,2.847890978
,,,,,,,,,,,,,0.34133,16.17262418,15.46180699,,,0.0935,2.921271469
,,,,,,,,,,,,,0.381246,16.17745382,15.79898917,,,0.0956,2.976122094
,,,,,,,,,,,,,0.425597,16.18144073,16.10942902,,,0.0978,3.049502586
,,,,,,,,,,,,,0.469948,16.18427786,16.37731926,,,0.0999,3.122932343
,,,,,,,,,,,,,0.503655,16.18581155,16.55323697,,,0.102,3.177832232
,,,,,,,,,,,,,0.567521,16.18757539,16.84783072,,,0.104,3.251311254
,,,,,,,,,,,,,0.596261,16.18788215,16.96378803,,,0.106,3.306309674
,,,,,,,,,,,,,0.63937,16.18788215,17.12961129,,,0.108,3.361258829
,,,,,,,,,,,,,0.692538,16.18719194,17.31250055,,,0.112,3.471206404
,,,,,,,,,,,,,0.731337,16.18627168,17.43704511,,,0.113,3.526204824
,,,,,,,,,,,,,0.767549,16.18512138,17.54740112,,,0.115,3.581203244
,,,,,,,,,,,,,0.802467,16.18374109,17.64821085,,,0.117,3.654731531
,,,,,,,,,,,,,0.837386,16.18213082,17.74293441,,,0.119,3.709828482
,,,,,,,,,,,,,0.882458,16.17983057,17.86259121,,,0.121,3.74644483
,,,,,,,,,,,,,0.891153,16.17929387,17.88495876,,,0.122,3.801640311
,,,,,,,,,,,,,0.925929,16.17722382,17.97070809,,,0.123,3.838256659
,,,,,,,,,,,,,0.978094,16.17377403,18.09217677,,,0.125,3.874922272
,,,,,,,,,,,,,1.04069,16.16909824,18.23107067,,,0.127,3.966832631
,,,,,,,,,,,,,1.10329,16.16396331,18.36396746,,,0.13,4.058693725
,,,,,,,,,,,,,1.16276,16.15867596,18.47745825,,,0.133,4.132074217
,,,,,,,,,,,,,1.21909,16.15331286,18.58656544,,,0.136,4.223984576
,,,,,,,,,,,,,1.27543,16.14756767,18.70055758,,,0.139,4.297414333
,,,,,,,,,,,,,1.33177,16.14159375,18.80695477,,,0.141,4.370844091
,,,,,,,,,,,,,1.35994,16.13853063,18.85731138,,,0.144,4.46285298
,,,,,,,,,,,,,1.41628,16.13209903,18.98782074,,,0.147,4.536332002
,,,,,,,,,,,,,1.46445,16.12643416,19.1062582,,,0.15,4.609811025
,,,,,,,,,,,,,1.55571,16.11518392,19.29836057,,,0.152,4.701819914
,,,,,,,,,,,,,1.60135,16.10929251,19.4041583,,,0.155,4.775348202
,,,,,,,,,,,,,1.72482,16.09277169,19.71982566,,,0.158,4.848876489
,,,,,,,,,,,,,1.79383,16.08306201,19.85311447,,,0.161,4.922454042
,,,,,,,,,,,,,2.03537,16.04707771,20.43879679,,,0.164,4.996031594
,,,,,,,,,,,,,2.28381,16.00686278,21.0004985,,,0.166,5.069609147
,,,,,,,,,,,,,2.40803,15.98566916,21.27626425,,,0.172,5.216912048
,,,,,,,,,,,,,2.47014,15.97477288,21.39654188,,,0.176,5.327253744
,,,,,,,,,,,,,2.53225,15.96380415,21.52632338,,,0.178,5.382449225
,,,,,,,,,,,,,2.58585,15.9542096,21.64989996,,,0.183,5.492889452
,,,,,,,,,,,,,2.82705,15.90947318,22.11797154,,,0.187,5.603329679
,,,,,,,,,,,,,2.9163,15.89244726,22.29319127,,,0.192,5.713819171
,,,,,,,,,,,,,3.08034,15.86024457,22.57316819,,,0.196,5.805680265
,,,,,,,,,,,,,3.12135,15.85212311,22.66209328,,,0.205,6.008523503
,,,,,,,,,,,,,3.24438,15.82724038,22.88398736,,,0.213,6.192836873
,,,,,,,,,,,,,3.40843,15.79336154,23.15103531,,,0.221,6.377150244
,,,,,,,,,,,,,3.49045,15.77609504,23.30653645,,,0.229,6.542933747
,,,,,,,,,,,,,3.65449,15.74098535,23.56208229,,,0.237,6.727739769
,,,,,,,,,,,,,3.81854,15.70508384,23.8319636,,,0.244,6.875486057
,,,,,,,,,,,,,3.90056,15.68688422,23.96331057,,,0.25,7.004702477
,,,,,,,,,,,,,4.0646,15.64991338,24.19410885,,,0.257,7.133918897
,,,,,,,,,,,,,4.22865,15.61230831,24.45357391,,,0.263,7.263135318
,,,,,,,,,,,,,4.39269,15.57407146,24.6783913,,,0.269,7.37382187
,,,,,,,,,,,,,4.55673,15.53513018,24.90280853,,,0.275,7.484508423
,,,,,,,,,,,,,4.63876,15.51552766,25.02959696,,,0.28,7.57715776
,,,,,,,,,,,,,4.79173,15.47845945,25.22754718,,,0.286,7.687844313
,,,,,,,,,,,,,5.00459,15.42608443,25.49662722,,,0.292,7.799023518
,,,,,,,,,,,,,5.14649,15.39069361,25.69306027,,,0.298,7.891180203
,,,,,,,,,,,,,5.40192,15.32600304,25.98700665,,,0.303,7.98382954
,,,,,,,,,,,,,5.65735,15.26010839,26.31120412,,,0.309,8.076478878
,,,,,,,,,,,,,5.91277,15.19316692,26.58073854,,,0.314,8.168635563
,,,,,,,,,,,,,6.1682,15.12511234,26.88664325,,,0.319,8.242755033
,,,,,,,,,,,,,6.55134,15.02121135,27.26838297,,,0.324,8.33540437
,,,,,,,,,,,,,6.80677,14.95066889,27.55959443,,,0.33,8.409031188
,,,,,,,,,,,,,7.03666,14.88646951,27.76560514,,,0.335,8.483150658
,,,,,,,,,,,,,7.34329,14.79966748,28.09186029,,,0.34,8.575799995
,,,,,,,,,,,,,7.42004,14.77775017,28.16370123,,,0.345,8.649919465
,,,,,,,,,,,,,8.04438,14.59673275,28.75325732,,,0.349,8.705016415
,,,,,,,,,,,,,8.18128,14.55641573,28.86788379,,,0.353,8.760606018
,,,,,,,,,,,,,8.72886,14.39288481,29.34905969,,,0.361,8.871785222
,,,,,,,,,,,,,8.86576,14.35140626,29.4738835,,,0.364,8.927374825
,,,,,,,,,,,,,9.09536,14.28151991,29.64053953,,,0.372,9.056591245
,,,,,,,,,,,,,9.18805,14.25308061,29.71166831,,,0.379,9.16777045
,,,,,,,,,,,,,9.4328,14.17769205,29.92514687,,,0.386,9.278949654
,,,,,,,,,,,,,9.59597,14.12706644,30.08715515,,,0.394,9.389636207
,,,,,,,,,,,,,10.0039,13.9993295,30.36857087,,,0.401,9.482285544
,,,,,,,,,,,,,10.3302,13.89589491,30.66165869,,,0.416,9.704151302
,,,,,,,,,,,,,10.4934,13.84386044,30.78877731,,,0.43,9.907487192
,,,,,,,,,,,,,10.9829,13.68622709,31.13383217,,,0.445,10.1298456
,,,,,,,,,,,,,11.5593,13.49803439,31.60744792,,,0.46,10.33318149
,,,,,,,,,,,,,11.5923,13.48718187,31.62922662,,,0.474,10.55504725
,,,,,,,,,,,,,11.6584,13.46548992,31.67859169,,,0.483,10.66622645
,,,,,,,,,,,,,11.7245,13.44367565,31.73717379,,,0.499,10.88809221
,,,,,,,,,,,,,11.774,13.42732655,31.78830658,,,0.506,10.98074155
,,,,,,,,,,,,,11.8071,13.41643268,31.82756147,,,0.514,11.07339089
,,,,,,,,,,,,,11.8401,13.40554323,31.87257495,,,0.521,11.18407744
,,,,,,,,,,,,,11.8732,13.39458844,31.92598332,,,0.529,11.27672678
,,,,,,,,,,,,,11.9062,13.38370786,31.99270206,,,0.544,11.4615328
,,,,,,,,,,,,,11.9392,13.37276199,32.06993928,,,0.551,11.55418214
,,,,,,,,,,,,,11.9584,13.36641963,32.10679344,,,0.566,11.73898816
,,,,,,,,,,,,,11.9776,13.36007876,32.15459507,,,0.574,11.8316375
,,,,,,,,,,,,,11.9885,13.35645609,32.18662604,,,0.581,11.92428683
,,,,,,,,,,,,,11.9969,13.35366975,32.20899633,,,0.596,12.10909286
,,,,,,,,,,,,,12.0031,13.35158018,32.21054019,,,0.604,12.20174219
,,,,,,,,,,,,,12.0092,13.34956043,32.15274588,,,0.611,12.27586166
,,,,,,,,,,,,,12.013,13.34830686,32.00924449,,,0.619,12.36801835
,,,,,,,,,,,,,12.0168,13.34705336,31.59485784,,,0.626,12.46066768
,,,,,,,,,,,,,12.0402,13.3393247,27.55502204,,,0.634,12.53478715
,,,,,,,,,,,,,12.0493,13.33633132,26.41811533,,,0.64,12.60890662
,,,,,,,,,,,,,12.064,13.33145909,24.9149655,,,0.653,12.73812304
,,,,,,,,,,,,,12.0804,13.32603109,23.50659681,,,0.671,12.94195159
,,,,,,,,,,,,,12.0969,13.32060419,22.30344759,,,0.683,13.07116801
,,,,,,,,,,,,,12.1134,13.31517839,21.27495457,,,0.695,13.18234721
,,,,,,,,,,,,,12.1299,13.30975371,20.42859059,,,0.707,13.31205628
,,,,,,,,,,,,,12.1458,13.3045387,19.81392321,,,0.732,13.55245191
,,,,,,,,,,,,,12.1606,13.29967228,19.35337922,,,0.756,13.77481032
,,,,,,,,,,,,,12.1755,13.29480676,18.99874696,,,0.78,13.99667608
,,,,,,,,,,,,,12.1952,13.28827445,18.63083389,,,0.805,14.21903449
,,,,,,,,,,,,,12.2101,13.28334154,18.40087225,,,0.823,14.36678077
,,,,,,,,,,,,,12.2249,13.27834009,18.18700552,,,0.84,14.51501971
,,,,,,,,,,,,,12.2348,13.27500631,18.04789961,,,0.857,14.64472878
,,,,,,,,,,,,,12.2496,13.26993699,17.86316637,,,0.873,14.77443786
,,,,,,,,,,,,,12.2644,13.26493806,17.68332548,,,0.904,15.01483348
,,,,,,,,,,,,,12.2842,13.25813547,17.45628476,,,0.917,15.12601269
,,,,,,,,,,,,,12.304,13.25140402,17.23578191,,,0.93,15.21866202
,,,,,,,,,,,,,12.3237,13.24467427,17.00989008,,,0.943,15.31131136
,,,,,,,,,,,,,12.3435,13.23787689,16.77933302,,,0.956,15.4039607
,,,,,,,,,,,,,12.3633,13.23108124,16.5296946,,,0.982,15.58925937
,,,,,,,,,,,,,12.3831,13.22428735,16.26106591,,,1.01,15.7740654
,,,,,,,,,,,,,12.4028,13.21756449,15.96839193,,,1.02,15.84818487
,,,,,,,,,,,,,12.4226,13.21077407,15.64352179,,,1.03,15.9408342
,,,,,,,,,,,,,12.4424,13.20398538,15.28736182,,,1.05,16.01495367
,,,,,,,,,,,,,12.4621,13.19726769,14.90443508,,,1.06,16.08907314
,,,,,,,,,,,,,12.4819,13.19048248,14.49864626,,,1.07,16.18172248
,,,,,,,,,,,,,12.5017,13.18376823,14.08491018,,,1.09,16.25584195
,,,,,,,,,,,,,12.5215,13.17698649,13.68616319,,,1.1,16.32996142
,,,,,,,,,,,,,12.5264,13.17532592,13.59427646,,,1.12,16.44114062
,,,,,,,,,,,,,12.5363,13.17193592,13.41769941,,,1.15,16.58937956
,,,,,,,,,,,,,12.5449,13.16903055,13.28051525,,,1.17,16.6820289
,,,,,,,,,,,,,12.5536,13.16605634,13.16643627,,,1.18,16.75614837
,,,,,,,,,,,,,12.5622,13.16315162,13.07403958,,,1.21,16.88585744
,,,,,,,,,,,,,12.5709,13.16017807,13.00678888,,,1.23,16.97899943
,,,,,,,,,,,,,12.5795,13.157274,12.96782712,,,1.24,17.0531189
,,,,,,,,,,,,,12.5882,13.15430112,12.95448881,,,1.26,17.14576824
,,,,,,,,,,,,,12.5969,13.1513977,12.95743493,,,1.3,17.31253705
,,,,,,,,,,,,,12.6055,13.14842548,12.96658565,,,1.33,17.46077599
,,,,,,,,,,,,,12.6228,13.14262025,12.96623339,,,1.37,17.60950758
,,,,,,,,,,,,,12.6574,13.13094457,12.85541976,,,1.43,17.86941837
,,,,,,,,,,,,,12.7007,13.11637452,12.66307265,,,1.46,17.99912745
,,,,,,,,,,,,,12.9084,13.04722562,11.90534399,,,1.49,18.09177678
,,,,,,,,,,,,,13.156,12.96528431,11.28335718,,,1.52,18.20344864
,,,,,,,,,,,,,13.4222,12.87723905,10.88016797,,,1.55,18.29609798
,,,,,,,,,,,,,14.2068,12.61395531,10.38229891,,,1.57,18.3707101
,,,,,,,,,,,,,15.1735,12.27907131,10.1825199,,,1.6,18.44482957
,,,,,,,,,,,,,16.0814,11.95343715,10.11098608,,,1.62,18.46385209
,,,,,,,,,,,,,16.7622,11.70262642,10.07871997,,,1.67,18.65030359
,,,,,,,,,,,,,17.4431,11.44660587,10.05107318,,,1.74,18.83608995
,,,,,,,,,,,,,18.3025,11.11663956,10.01278973,,,1.78,19.02187631
,,,,,,,,,,,,,19.1135,10.79901429,9.976771364,,,1.83,19.022364
,,,,,,,,,,,,,19.9245,10.4758723,9.928080491,,,1.85,19.20766268
,,,,,,,,,,,,,20.7355,10.14786034,9.868312329,,,1.87,19.20766268
,,,,,,,,,,,,,21.5464,9.815388915,9.797517135,,,1.9,19.20815037
,,,,,,,,,,,,,22.3169,9.495971915,9.723013572,,,1.92,19.39344904
,,,,,,,,,,,,,22.9589,9.227292842,9.653351565,,,1.96,19.39393673
,,,,,,,,,,,,,23.6009,8.956649897,9.574975872,,,2.01,19.57972309
,,,,,,,,,,,,,24.2429,8.684136336,9.489316619,,,2.13,19.76599714
,,,,,,,,,,,,,24.8206,8.437467709,9.405784719,,,2.16,19.95129582
,,,,,,,,,,,,,25.3984,8.189552036,9.316084941,,,2.2,19.95178351
,,,,,,,,,,,,,25.9762,7.94055195,9.220879649,,,2.24,20.13708218
,,,,,,,,,,,,,26.554,7.69047913,9.119360183,,,2.27,20.13756987
,,,,,,,,,,,,,27.1318,7.439519449,9.012088739,,,2.31,20.32286854
,,,,,,,,,,,,,27.7096,7.18771373,8.899189187,,,2.35,20.32335623
,,,,,,,,,,,,,28.2874,6.935122088,8.780825111,,,2.39,20.32444149
,,,,,,,,,,,,,28.8652,6.681923205,8.656118753,,,2.42,20.50974016
,,,,,,,,,,,,,29.443,6.428115668,8.52551055,,,2.59,20.88130301
,,,,,,,,,,,,,30.0208,6.173869189,8.388709244,,,2.66,21.06708444
,,,,,,,,,,,,,30.5986,5.919232775,8.24511524,,,2.69,21.06708444
,,,,,,,,,,,,,31.1764,5.664286586,8.095290654,,,2.72,21.06708444
,,,,,,,,,,,,,31.7542,5.409098932,7.938702622,,,2.75,21.25238311
,,,,,,,,,,,,,32.332,5.153732962,7.776673312,,,2.79,21.25286586
,,,,,,,,,,,,,32.852,4.923767494,7.624520352,,,2.81,21.25286586
,,,,,,,,,,,,,33.372,4.693804326,7.46680027,,,2.84,21.43816453
,,,,,,,,,,,,,33.892,4.463821548,7.302792228,,,2.87,21.43816453
,,,,,,,,,,,,,34.412,4.233965637,7.1324724,,,2.9,21.43864728
,,,,,,,,,,,,,34.9321,4.004347142,6.955750381,,,2.94,21.62394596
,,,,,,,,,,,,,35.4521,3.774979568,6.77170444,,,3.1,21.81077027
,,,,,,,,,,,,,35.9721,3.54598422,6.580883432,,,3.17,21.99606894
,,,,,,,,,,,,,36.4401,3.340193872,6.401950226,,,3.21,21.99606894
,,,,,,,,,,,,,36.9081,3.134848695,6.21610581,,,3.25,22.18184545
,,,,,,,,,,,,,37.3761,2.929978148,6.023437995,,,3.3,22.18184545
,,,,,,,,,,,,,37.8441,2.725638145,5.825469122,,,3.34,22.18184545
,,,,,,,,,,,,,38.3122,2.521958916,5.618912776,,,3.37,22.36762196
,,,,,,,,,,,,,38.7802,2.31907107,5.403305539,,,3.4,22.36762196
,,,,,,,,,,,,,39.2482,2.117056201,5.178006639,,,3.43,22.36762196
,,,,,,,,,,,,,39.7162,1.916057528,4.941074352,,,3.45,22.36762196
,,,,,,,,,,,,,40.1842,1.716355954,4.693268843,,,3.48,22.55339847
,,,,,,,,,,,,,40.6054,1.537883644,4.460127999,,,3.5,22.55394108
,,,,,,,,,,,,,41.0266,1.360855385,4.213727866,,,3.54,22.55394108
,,,,,,,,,,,,,41.4479,1.185499138,3.952110918,,,3.7,22.74018565
,,,,,,,,,,,,,41.8691,1.012178863,3.673103683,,,3.77,22.92548432
,,,,,,,,,,,,,42.2903,0.841348327,3.3765045,,,3.84,22.92595727
,,,,,,,,,,,,,42.6681,0.690753072,3.088061496,,,3.86,22.92595727
,,,,,,,,,,,,,42.9325,0.587251805,2.871155302,,,3.93,23.11125594
,,,,,,,,,,,,,43.1543,0.501849869,2.677704459,,,3.98,23.11172889
,,,,,,,,,,,,,43.3761,0.417978116,2.4725492,,,4.04,23.29754793
,,,,,,,,,,,,,43.5758,0.344048072,2.276028846,,,4.1,23.29754793
,,,,,,,,,,,,,43.7213,0.291269686,2.123555814,,,4.14,23.29801601
,,,,,,,,,,,,,43.8425,0.248142135,1.989462114,,,4.2,23.29801601
,,,,,,,,,,,,,43.9637,0.20589063,1.847464082,,,4.27,23.48378277
,,,,,,,,,,,,,44.0728,0.168731662,1.71186304,,,4.34,23.48425086
,,,,,,,,,,,,,44.1514,0.142570388,1.609520969,,,4.38,23.48425086
,,,,,,,,,,,,,44.2165,0.121332293,1.520094965,,,4.42,23.48471894
,,,,,,,,,,,,,44.2816,0.10054082,1.424918918,,,4.48,23.67051593
,,,,,,,,,,,,,44.3401,0.082267962,1.333981942,,,4.53,23.67097918
,,,,,,,,,,,,,44.3824,0.069373309,1.265079354,,,4.67,23.85627786
,,,,,,,,,,,,,44.4173,0.05896068,1.203653172,,,4.72,23.85627786
,,,,,,,,,,,,,44.4522,0.048776043,1.140389676,,,4.81,24.04203978
,,,,,,,,,,,,,44.4836,0.039833198,1.078243541,,,4.89,24.04203978
,,,,,,,,,,,,,44.5056,0.033737208,1.033101278,,,4.94,24.04298432
,,,,,,,,,,,,,44.5275,0.027782543,0.984947251,,,5.01,24.04312185
,,,,,,,,,,,,,44.5472,0.022566239,0.938898554,,,5.06,24.22864974
,,,,,,,,,,,,,44.561,0.019016522,0.90579073,,,5.08,24.22878727
,,,,,,,,,,,,,44.5723,0.016170725,0.879295938,,,5.14,24.22906233
,,,,,,,,,,,,,44.5743,0.015694114,0.874658772,,,5.18,24.22933739
,,,,,,,,,,,,,44.5781,0.014748155,0.866433076,,,5.23,24.22961245
,,,,,,,,,,,,,44.582,0.013813446,0.859625919,,,5.26,24.22979582
,,,,,,,,,,,,,44.5859,0.012891365,0.85366179,,,5.31,24.23007088
,,,,,,,,,,,,,44.5884,0.012295676,0.852504719,,,5.34,24.23020841
,,,,,,,,,,,,,44.5905,0.011798815,0.853421196,,,5.4,24.23084854
,,,,,,,,,,,,,44.5923,0.011392422,0.858035667,,,5.46,24.23098463
,,,,,,,,,,,,,44.594,0.010991751,0.869626927,,,5.75,24.60212636
,,,,,,,,,,,,,44.5958,0.01059845,0.893362498,,,5.84,24.60275312
,,,,,,,,,,,,,44.597,0.010347015,0.918840705,,,5.96,24.78836602
,,,,,,,,,,,,,44.5981,0.010100705,0.953928283,,,6.02,24.78859046
,,,,,,,,,,,,,44.5992,0.009884064,0.993858033,,,6.08,24.78885979
,,,,,,,,,,,,,44.6002,0.009672959,1.040298476,,,6.14,24.78912912
,,,,,,,,,,,,,44.6012,0.009467285,1.090893857,,,6.16,24.78926378
,,,,,,,,,,,,,44.6031,0.009111264,1.187405793,,,6.18,24.78944334
,,,,,,,,,,,,,44.605,0.0087724,1.28181596,,,6.22,24.78971267
,,,,,,,,,,,,,44.6068,0.008448925,1.368380949,,,6.24,24.60459355
,,,,,,,,,,,,,44.6087,0.008139178,1.449092863,,,6.33,24.60572771
,,,,,,,,,,,,,44.6106,0.007841662,1.521315346,,,6.35,24.60586096
,,,,,,,,,,,,,44.6124,0.007555018,1.585582794,,,6.37,24.6059942
,,,,,,,,,,,,,44.6143,0.007278053,1.64355898,,,6.42,24.60621627
,,,,,,,,,,,,,44.6162,0.007009707,1.696192738,,,6.44,24.6063051
,,,,,,,,,,,,,44.618,0.006749079,1.74406032,,,6.5,24.60643835
,,,,,,,,,,,,,44.6199,0.006495354,1.787222092,,,6.61,24.79187027
,,,,,,,,,,,,,44.6218,0.006247846,1.825964847,,,6.96,25.1632679
,,,,,,,,,,,,,44.6236,0.006005929,1.860285181,,,6.96,25.1632679
,,,,,,,,,,,,,44.6255,0.005769092,1.892803223,,,7.07,25.16384021
,,,,,,,,,,,,,44.6274,0.005536849,1.921605746,,,7.16,25.16405759
,,,,,,,,,,,,,44.6292,0.00530878,1.947000571,,,7.26,25.34961711
,,,,,,,,,,,,,44.6311,0.005084543,1.971389176,,,7.34,25.34992143
,,,,,,,,,,,,,44.633,0.004863828,1.991577247,,,7.4,25.35018228
,,,,,,,,,,,,,44.6348,0.004646347,2.011812683,,,7.45,25.16518793
,,,,,,,,,,,,,44.6367,0.00443186,2.027631925,,,7.48,25.16582594
,,,,,,,,,,,,,44.6385,0.004220114,2.044186014,,,7.51,25.16608399
,,,,,,,,,,,,,44.6404,0.004010918,2.056555679,,,7.54,25.16638505
,,,,,,,,,,,,,44.6423,0.003804136,2.069090515,,,7.55,25.16651408
,,,,,,,,,,,,,44.6441,0.003599645,2.077903725,,,7.57,25.16660009
,,,,,,,,,,,,,44.646,0.003397359,2.086149598,,,7.58,25.16672912
,,,,,,,,,,,,,44.6479,0.003197128,2.091462728,,,7.6,24.98160248
,,,,,,,,,,,,,44.6497,0.002998842,2.09539238,,,7.62,24.98168849
,,,,,,,,,,,,,44.6516,0.002802392,2.097360539,,,7.63,24.98177451
,,,,,,,,,,,,,44.6535,0.002607668,2.096977559,,,7.65,24.98186053
,,,,,,,,,,,,,44.6553,0.002414717,2.095373712,,,7.67,24.98194654
,,,,,,,,,,,,,44.657,0.002242385,2.090806754,,,7.71,25.16733124
,,,,,,,,,,,,,44.6585,0.002088322,2.086904392,,,7.76,25.16741725
,,,,,,,,,,,,,44.6599,0.001950511,2.080643262,,,7.84,25.16746026
,,,,,,,,,,,,,44.6613,0.001813489,2.073661033,,,8.25,25.53893903
,,,,,,,,,,,,,44.6626,0.001677247,2.065427916,,,8.44,25.72449021
,,,,,,,,,,,,,44.664,0.001541755,2.054009104,,,8.58,25.72474271
,,,,,,,,,,,,,,,,,,8.67,25.72529713
,,,,,,,,,,,,,,,,,,8.72,25.725422
,,,,,,,,,,,,,,,,,,8.77,25.7255885
,,,,,,,,,,,,,,,,,,8.79,25.72567175
,,,,,,,,,,,,,,,,,,8.82,25.72579663
,,,,,,,,,,,,,,,,,,8.84,25.72596313
,,,,,,,,,,,,,,,,,,8.87,25.72612963
,,,,,,,,,,,,,,,,,,8.9,25.5410807
,,,,,,,,,,,,,,,,,,8.91,25.5412472
,,,,,,,,,,,,,,,,,,8.92,25.54149695
,,,,,,,,,,,,,,,,,,8.93,25.35653127
,,,,,,,,,,,,,,,,,,8.94,25.35682265
,,,,,,,,,,,,,,,,,,8.95,25.17185697
,,,,,,,,,,,,,,,,,,8.95,25.17214834
,,,,,,,,,,,,,,,,,,8.96,25.17243972
,,,,,,,,,,,,,,,,,,8.97,24.98739079
,,,,,,,,,,,,,,,,,,8.97,24.98790272
,,,,,,,,,,,,,,,,,,8.98,24.98794389
,,,,,,,,,,,,,,,,,,8.98,24.98798506
,,,,,,,,,,,,,,,,,,8.98,24.98802623
,,,,,,,,,,,,,,,,,,8.98,24.98806739
,,,,,,,,,,,,,,,,,,8.98,24.98810856
,,,,,,,,,,,,,,,,,,8.98,24.98810856
,,,,,,,,,,,,,,,,,,8.98,24.98814973
,,,,,,,,,,,,,,,,,,8.99,24.9881909
,,,,,,,,,,,,,,,,,,8.99,24.80301573
,,,,,,,,,,,,,,,,,,9,24.8030569
,,,,,,,,,,,,,,,,,,9.01,24.98835558
,,,,,,,,,,,,,,,,,,9.02,24.98831441
,,,,,,,,,,,,,,,,,,9.02,24.98831441
,,,,,,,,,,,,,,,,,,9.03,24.98823207
,,,,,,,,,,,,,,,,,,9.03,24.98814973
,,,,,,,,,,,,,,,,,,9.04,25.17328373
,,,,,,,,,,,,,,,,,,9.06,25.35808838
,,,,,,,,,,,,,,,,,,9.07,25.35800604
,,,,,,,,,,,,,,,,,,9.07,25.35796488
,,,,,,,,,,,,,,,,,,9.07,25.35788254
,,,,,,,,,,,,,,,,,,9.08,25.3578002
,,,,,,,,,,,,,,,,,,9.08,25.35771786
,,,,,,,,,,,,,,,,,,9.08,25.35767669
,,,,,,,,,,,,,,,,,,9.09,25.35759436
,,,,,,,,,,,,,,,,,,9.09,25.54285186
,,,,,,,,,,,,,,,,,,9.09,25.54281069
,,,,,,,,,,,,,,,,,,9.1,25.54276953
,,,,,,,,,,,,,,,,,,9.1,25.54276953
,,,,,,,,,,,,,,,,,,9.1,25.54276953
,,,,,,,,,,,,,,,,,,9.1,25.54276953
,,,,,,,,,,,,,,,,,,9.1,25.54272836
,,,,,,,,,,,,,,,,,,9.1,25.54272836
,,,,,,,,,,,,,,,,,,9.1,25.54272836
,,,,,,,,,,,,,,,,,,9.1,25.54272836
,,,,,,,,,,,,,,,,,,9.1,25.54272836
,,,,,,,,,,,,,,,,,,9.11,25.54272836
,,,,,,,,,,,,,,,,,,9.11,25.54272836
,,,,,,,,,,,,,,,,,,9.11,25.54272836
,,,,,,,,,,,,,,,,,,9.11,25.54272836
,,,,,,,,,,,,,,,,,,9.12,25.54272836
,,,,,,,,,,,,,,,,,,9.13,25.54281069
,,,,,,,,,,,,,,,,,,9.14,25.54285186
,,,,,,,,,,,,,,,,,,9.14,25.54289303
,,,,,,,,,,,,,,,,,,9.15,25.35767669
,,,,,,,,,,,,,,,,,,9.16,25.35771786
,,,,,,,,,,,,,,,,,,9.16,25.35775903
,,,,,,,,,,,,,,,,,,9.17,25.35775903
,,,,,,,,,,,,,,,,,,9.17,25.35775903
,,,,,,,,,,,,,,,,,,9.17,25.3578002
,,,,,,,,,,,,,,,,,,9.18,25.3578002
,,,,,,,,,,,,,,,,,,9.18,25.3578002
,,,,,,,,,,,,,,,,,,9.19,25.35784137
,,,,,,,,,,,,,,,,,,9.2,25.35784137
,,,,,,,,,,,,,,,,,,9.2,25.35784137
,,,,,,,,,,,,,,,,,,9.22,25.54314004
,,,,,,,,,,,,,,,,,,9.28,25.54309888
,,,,,,,,,,,,,,,,,,9.39,25.72862596
,,,,,,,,,,,,,,,,,,9.68,25.91404678
,,,,,,,,,,,,,,,,,,10,25.91509838
,,,,,,,,,,,,,,,,,,10.2,25.9154169
,,,,,,,,,,,,,,,,,,10.2,25.91545672
,,,,,,,,,,,,,,,,,,10.2,25.91557616
,,,,,,,,,,,,,,,,,,10.3,25.91565579
,,,,,,,,,,,,,,,,,,10.3,25.91573542
,,,,,,,,,,,,,,,,,,10.3,25.91581505
,,,,,,,,,,,,,,,,,,10.3,25.91585487
,,,,,,,,,,,,,,,,,,10.3,25.91589468
,,,,,,,,,,,,,,,,,,10.3,25.73067564
,,,,,,,,,,,,,,,,,,10.3,25.73071546
,,,,,,,,,,,,,,,,,,10.3,25.73079509
,,,,,,,,,,,,,,,,,,10.3,25.7308349
,,,,,,,,,,,,,,,,,,10.3,25.73087472
,,,,,,,,,,,,,,,,,,10.3,25.73095435
,,,,,,,,,,,,,,,,,,10.3,25.73099416
,,,,,,,,,,,,,,,,,,10.3,25.73103398
,,,,,,,,,,,,,,,,,,10.3,25.73107379
,,,,,,,,,,,,,,,,,,10.3,25.73115342
,,,,,,,,,,,,,,,,,,10.3,25.54589457
,,,,,,,,,,,,,,,,,,10.3,25.54593438
,,,,,,,,,,,,,,,,,,10.3,25.54601401
,,,,,,,,,,,,,,,,,,10.3,25.54613346
,,,,,,,,,,,,,,,,,,10.3,25.54629272
,,,,,,,,,,,,,,,,,,10.3,25.3613922
,,,,,,,,,,,,,,,,,,10.3,25.17657131
,,,,,,,,,,,,,,,,,,10.5,25.6221
,,,,,,,,,,,,,,,,,,11,25.72289
,,,,,,,,,,,,,,,,,,11.6,25.8015
,,,,,,,,,,,,,,,,,,11.6,25.94021
,,,,,,,,,,,,,,,,,,11.7,26.1256
,,,,,,,,,,,,,,,,,,11.7,26.28075
,,,,,,,,,,,,,,,,,,11.8,26.4099
,,,,,,,,,,,,,,,,,,12,26.35674
,,,,,,,,,,,,,,,,,,12,24.75963749
,,,,,,,,,,,,,,,,,,12,23.89532774
,,,,,,,,,,,,,,,,,,12.1,22.59895578
,,,,,,,,,,,,,,,,,,12.1,21.17326162
,,,,,,,,,,,,,,,,,,12.1,20.04981658
,,,,,,,,,,,,,,,,,,12.1,19.0558019
,,,,,,,,,,,,,,,,,,12.1,18.1697994
,,,,,,,,,,,,,,,,,,12.1,17.43502313
,,,,,,,,,,,,,,,,,,12.2,16.80835074
,,,,,,,,,,,,,,,,,,12.2,16.24647649
,,,,,,,,,,,,,,,,,,12.2,15.5550518
,,,,,,,,,,,,,,,,,,12.2,15.10128142
,,,,,,,,,,,,,,,,,,12.2,14.66914099
,,,,,,,,,,,,,,,,,,12.2,14.40985673
,,,,,,,,,,,,,,,,,,12.2,14.04251444
,,,,,,,,,,,,,,,,,,12.3,13.69684794
,,,,,,,,,,,,,,,,,,12.3,13.26479919
,,,,,,,,,,,,,,,,,,12.3,12.87573527
,,,,,,,,,,,,,,,,,,12.3,12.5302063
,,,,,,,,,,,,,,,,,,12.3,12.18467732
,,,,,,,,,,,,,,,,,,12.4,11.88222487
,,,,,,,,,,,,,,,,,,12.4,11.60131066
,,,,,,,,,,,,,,,,,,12.4,11.34239315
,,,,,,,,,,,,,,,,,,12.4,11.10455546
,,,,,,,,,,,,,,,,,,12.4,10.8671762
,,,,,,,,,,,,,,,,,,12.5,10.6513352
,,,,,,,,,,,,,,,,,,12.5,10.45703246
,,,,,,,,,,,,,,,,,,12.5,10.26329468
,,,,,,,,,,,,,,,,,,12.5,10.09053498
,,,,,,,,,,,,,,,,,,12.5,10.04745846
,,,,,,,,,,,,,,,,,,12.5,9.982390049
,,,,,,,,,,,,,,,,,,12.5,9.917775279
,,,,,,,,,,,,,,,,,,12.6,9.85316051
,,,,,,,,,,,,,,,,,,12.6,9.78854574
,,,,,,,,,,,,,,,,,,12.6,9.745015581
,,,,,,,,,,,,,,,,,,12.6,9.701939068
,,,,,,,,,,,,,,,,,,12.6,9.658862555
,,,,,,,,,,,,,,,,,,12.6,9.615786041
,,,,,,,,,,,,,,,,,,12.6,9.572709528
,,,,,,,,,,,,,,,,,,12.6,9.465018245
,,,,,,,,,,,,,,,,,,12.7,9.292258547
,,,,,,,,,,,,,,,,,,12.7,9.076422335
,,,,,,,,,,,,,,,,,,12.9,8.214131228
,,,,,,,,,,,,,,,,,,13.2,7.437407341
,,,,,,,,,,,,,,,,,,13.4,6.790538347
,,,,,,,,,,,,,,,,,,14.2,5.583028254
,,,,,,,,,,,,,,,,,,15.2,4.720654034
,,,,,,,,,,,,,,,,,,16.1,4.226006777
,,,,,,,,,,,,,,,,,,16.8,3.924986884
,,,,,,,,,,,,,,,,,,17.4,3.688996563
,,,,,,,,,,,,,,,,,,18.3,3.452624213
,,,,,,,,,,,,,,,,,,19.1,3.260011697
,,,,,,,,,,,,,,,,,,19.9,3.088657572
,,,,,,,,,,,,,,,,,,20.7,2.961034077
,,,,,,,,,,,,,,,,,,21.5,2.833400706
,,,,,,,,,,,,,,,,,,22.3,2.726657782
,,,,,,,,,,,,,,,,,,23,2.642086987
,,,,,,,,,,,,,,,,,,23.6,2.578417296
,,,,,,,,,,,,,,,,,,24.2,2.515049312
,,,,,,,,,,,,,,,,,,24.8,2.451984415
,,,,,,,,,,,,,,,,,,25.4,2.388584059
,,,,,,,,,,,,,,,,,,26,2.346430622
,,,,,,,,,,,,,,,,,,26.6,2.283594232
,,,,,,,,,,,,,,,,,,27.1,2.241426104
,,,,,,,,,,,,,,,,,,27.7,2.177967642
,,,,,,,,,,,,,,,,,,28.3,2.136355739
,,,,,,,,,,,,,,,,,,28.9,2.09655553
,,,,,,,,,,,,,,,,,,29.4,2.052978184
,,,,,,,,,,,,,,,,,,30,2.011305422
,,,,,,,,,,,,,,,,,,30.6,1.969292326
,,,,,,,,,,,,,,,,,,31.2,1.927583675
,,,,,,,,,,,,,,,,,,31.8,1.888197414
,,,,,,,,,,,,,,,,,,32.3,1.848773832
,,,,,,,,,,,,,,,,,,32.9,1.813451486
,,,,,,,,,,,,,,,,,,33.4,1.769087196
,,,,,,,,,,,,,,,,,,33.9,1.736200326
,,,,,,,,,,,,,,,,,,34.4,1.7009859
,,,,,,,,,,,,,,,,,,34.9,1.668031962
,,,,,,,,,,,,,,,,,,35.5,1.635040251
,,,,,,,,,,,,,,,,,,36,1.599950351
,,,,,,,,,,,,,,,,,,36.4,1.571011638
,,,,,,,,,,,,,,,,,,36.9,1.540055895
,,,,,,,,,,,,,,,,,,37.4,1.509100088
,,,,,,,,,,,,,,,,,,37.8,1.480283724
,,,,,,,,,,,,,,,,,,38.3,1.449228687
,,,,,,,,,,,,,,,,,,38.8,1.418255596
,,,,,,,,,,,,,,,,,,39.2,1.387298305
,,,,,,,,,,,,,,,,,,39.7,1.356316825
,,,,,,,,,,,,,,,,,,40.2,1.325335643
,,,,,,,,,,,,,,,,,,40.6,1.296297272
,,,,,,,,,,,,,,,,,,41,1.267341476
,,,,,,,,,,,,,,,,,,41.4,1.238369571
,,,,,,,,,,,,,,,,,,41.9,1.209371049
,,,,,,,,,,,,,,,,,,42.3,1.178232639
,,,,,,,,,,,,,,,,,,42.7,1.145661593
,,,,,,,,,,,,,,,,,,42.9,1.127072669
,,,,,,,,,,,,,,,,,,43.2,1.110504185
,,,,,,,,,,,,,,,,,,43.4,1.093955335
,,,,,,,,,,,,,,,,,,43.6,1.07731676
,,,,,,,,,,,,,,,,,,43.7,1.06696521
,,,,,,,,,,,,,,,,,,43.8,1.058695672
,,,,,,,,,,,,,,,,,,44,1.048272639
,,,,,,,,,,,,,,,,,,44.1,1.042090165
,,,,,,,,,,,,,,,,,,44.2,1.033714288
,,,,,,,,,,,,,,,,,,44.2,1.02956809
,,,,,,,,,,,,,,,,,,44.3,1.020455368
,,,,,,,,,,,,,,,,,,44.3,1.016318217
,,,,,,,,,,,,,,,,,,44.4,1.014267152
,,,,,,,,,,,,,,,,,,44.4,1.010084172
,,,,,,,,,,,,,,,,,,44.5,1.008016535
,,,,,,,,,,,,,,,,,,44.5,1.005945297
,,,,,,,,,,,,,,,,,,44.5,1.003859219
,,,,,,,,,,,,,,,,,,44.5,1.003892894
,,,,,,,,,,,,,,,,,,44.5,1.001800048
,,,,,,,,,,,,,,,,,,44.6,0.999697852
,,,,,,,,,,,,,,,,,,44.6,0.999714061
,,,,,,,,,,,,,,,,,,44.6,0.999716707
,,,,,,,,,,,,,,,,,,44.6,0.994862575
,,,,,,,,,,,,,,,,,,44.6,0.994867586
,,,,,,,,,,,,,,,,,,44.6,0.994873122
,,,,,,,,,,,,,,,,,,44.6,0.994876397
,,,,,,,,,,,,,,,,,,44.6,0.99487955
,,,,,,,,,,,,,,,,,,44.6,0.994881779
,,,,,,,,,,,,,,,,,,44.6,0.994883969
,,,,,,,,,,,,,,,,,,44.6,0.994886486
,,,,,,,,,,,,,,,,,,44.6,0.994888108
,,,,,,,,,,,,,,,,,,44.6,0.994889554
,,,,,,,,,,,,,,,,,,44.6,0.994890918
,,,,,,,,,,,,,,,,,,44.6,0.994892458
,,,,,,,,,,,,,,,,,,44.6,0.994893969
,,,,,,,,,,,,,,,,,,44.6,0.994896338
,,,,,,,,,,,,,,,,,,44.6,0.99489851
,,,,,,,,,,,,,,,,,,44.6,0.994900734
,,,,,,,,,,,,,,,,,,44.6,0.992790196
,,,,,,,,,,,,,,,,,,44.6,0.992792116
,,,,,,,,,,,,,,,,,,44.6,0.992793877
,,,,,,,,,,,,,,,,,,44.6,0.992795429
,,,,,,,,,,,,,,,,,,44.6,0.992797096
,,,,,,,,,,,,,,,,,,44.6,0.992798562
,,,,,,,,,,,,,,,,,,44.6,0.992799989
,,,,,,,,,,,,,,,,,,44.6,0.992801377
,,,,,,,,,,,,,,,,,,44.6,0.992802517
,,,,,,,,,,,,,,,,,,44.6,0.992803973
,,,,,,,,,,,,,,,,,,44.6,0.992805249
,,,,,,,,,,,,,,,,,,44.6,0.992806304
,,,,,,,,,,,,,,,,,,44.6,0.992807514
,,,,,,,,,,,,,,,,,,44.6,0.992808518
,,,,,,,,,,,,,,,,,,44.6,0.992809662
,,,,,,,,,,,,,,,,,,44.6,0.992810733
,,,,,,,,,,,,,,,,,,44.6,0.990699402
,,,,,,,,,,,,,,,,,,44.6,0.990700414
,,,,,,,,,,,,,,,,,,44.6,0.990701423
,,,,,,,,,,,,,,,,,,44.6,0.990702377
,,,,,,,,,,,,,,,,,,44.6,0.990703304
,,,,,,,,,,,,,,,,,,44.6,0.990704315
,,,,,,,,,,,,,,,,,,44.6,0.990705277
,,,,,,,,,,,,,,,,,,44.7,0.990706114
,,,,,,,,,,,,,,,,,,44.7,0.990707013
,,,,,,,,,,,,,,,,,,44.7,0.990707962
,,,,,,,,,,,,,,,,,,44.7,0.990708789
,,,,,,,,,,,,,,,,,,44.7,0.985882545
,,,,,,,,,,,,,,,,,,44.7,0.985883162
,,,,,,,,,,,,,,,,,,44.7,0.985883831
,,,,,,,,,,,,,,,,,,44.7,0.985884462
,,,,,,,,,,,,,,,,,,44.7,0.985885076
