Time(sec),Diameter(mm),K(mm^2/sec),T_max(K),D_Tmax/D_drop,D_OHm/D_drop,(D/Do)2
0,0.5,-3.21E-02,600,20.2494,1,1
1.00E-10,0.5,-3.21E-02,600,20.2494,6.96652,1
3.00E-10,0.5,-3.21E-02,600,20.2494,6.96669,1
7.00E-10,0.5,-3.21E-02,600,20.2494,6.96773,1
1.50E-09,0.5,-3.21E-02,600,20.2494,6.96947,1
3.10E-09,0.5,-3.21E-02,600,20.2494,6.97287,1
6.30E-09,0.5,-3.21E-02,600,20.2494,6.97962,1
1.27E-08,0.5,-3.21E-02,599.999,20.2494,6.99298,1
2.55E-08,0.5,-3.21E-02,599.999,20.2494,7.01918,1
5.11E-08,0.5,-3.21E-02,599.997,20.2493,7.06972,1
1.02E-07,0.5,-3.21E-02,599.995,20.2492,7.16407,1
2.05E-07,0.5,-3.21E-02,599.989,20.2491,7.35004,1
4.10E-07,0.5,-3.20E-02,599.978,20.2488,7.67317,1
8.19E-07,0.5,-3.19E-02,599.958,20.2481,8.20858,1
1.64E-06,0.5,-3.17E-02,599.919,20.2469,9.00047,1
3.28E-06,0.5,-3.14E-02,599.85,20.2444,10.028,1
4.92E-06,0.5,-3.11E-02,599.788,20.2419,10.6478,1
8.19E-06,0.5,-3.06E-02,599.682,20.237,11.5131,1
1.15E-05,0.5,-3.02E-02,599.61,20.2018,12.059,1
1.47E-05,0.5,-2.99E-02,599.654,20.0643,12.4449,1
2.13E-05,0.500001,-2.93E-02,599.752,19.909,12.9154,1
2.79E-05,0.500001,-2.89E-02,599.852,19.8212,13.2162,1
4.10E-05,0.500001,-2.81E-02,600.049,19.7228,13.5619,1
5.41E-05,0.500002,-2.75E-02,600.239,19.6655,13.803,1
6.72E-05,0.500002,-2.70E-02,600.423,19.6259,13.9942,1
9.34E-05,0.500003,-2.61E-02,600.774,19.5713,14.3075,1
1.20E-04,0.500003,-2.54E-02,601.102,19.5311,14.5484,1
1.72E-04,0.500005,-2.43E-02,602.007,19.2486,14.8928,1
2.19E-04,0.500006,-2.36E-02,602.856,19.089,15.1005,1
2.66E-04,0.500007,-2.30E-02,603.701,18.9844,15.2385,1
3.14E-04,0.500008,-2.25E-02,604.542,18.9067,15.3208,1
3.61E-04,0.500009,-2.20E-02,605.383,18.8434,15.3683,1
4.55E-04,0.500011,-2.13E-02,607.358,18.562,15.3877,1
5.50E-04,0.500013,-2.06E-02,609.422,18.3744,15.3514,1.0001
6.44E-04,0.500015,-2.01E-02,611.563,18.2383,15.2932,1.0001
7.38E-04,0.500017,-1.96E-02,613.88,18.0723,15.2223,1.0001
8.33E-04,0.500019,-1.91E-02,616.439,17.8791,15.1385,1.0001
9.27E-04,0.50002,-1.87E-02,619.148,17.7263,15.0405,1.0001
1.02E-03,0.500022,-1.83E-02,622.026,17.5983,14.9317,1.0001
1.21E-03,0.500026,-1.76E-02,628.645,17.2702,14.6739,1.0001
1.40E-03,0.500029,-1.70E-02,636.455,16.9866,14.3406,1.0001
1.59E-03,0.500032,-1.65E-02,645.983,16.6601,13.9867,1.0001
1.77E-03,0.500035,-1.60E-02,657.101,16.3699,13.7369,1.0001
2.02E-03,0.500039,-1.54E-02,678.701,15.8306,13.5311,1.0002
2.23E-03,0.500042,-1.50E-02,705.712,15.1399,13.9441,1.0002
2.47E-03,0.500046,-1.47E-02,773.971,13.3698,13.6609,1.0002
2.73E-03,0.500049,-1.44E-02,978.822,9.84021,8.80007,1.0002
3.00E-03,0.500053,-1.42E-02,1073.98,6.75709,5.90284,1.0002
3.22E-03,0.500056,-1.43E-02,1120.87,5.35735,4.44221,1.0002
3.45E-03,0.50006,-1.45E-02,1144.43,4.43409,3.29951,1.0002
3.60E-03,0.500062,-1.51E-02,1149.65,4.12498,2.66217,1.0002
3.62E-03,0.500062,-1.54E-02,1149.87,4.10486,2.578,1.0002
3.63E-03,0.500062,-1.56E-02,1149.94,4.09718,2.53689,1.0002
3.64E-03,0.500062,-1.58E-02,1149.96,4.0931,2.51473,1.0002
3.65E-03,0.500063,-1.60E-02,1149.98,4.08941,2.4939,1.0003
3.65E-03,0.500063,-1.61E-02,1149.99,4.08715,2.47971,1.0003
3.66E-03,0.500063,-1.63E-02,1150,4.08505,2.46435,1.0003
3.66E-03,0.500063,-1.65E-02,1150,4.08311,2.44773,1.0003
3.67E-03,0.500063,-1.67E-02,1150,4.08132,2.43344,1.0003
3.67E-03,0.500063,-1.69E-02,1150,4.07968,2.4198,1.0003
3.67E-03,0.500063,-1.71E-02,1149.99,4.07819,2.40591,1.0003
3.68E-03,0.500063,-1.74E-02,1149.98,4.07684,2.3929,1.0003
3.68E-03,0.500063,-1.76E-02,1149.97,4.07562,2.37952,1.0003
3.69E-03,0.500063,-1.80E-02,1149.95,4.07428,2.3597,1.0003
3.70E-03,0.500063,-1.87E-02,1149.91,4.07253,2.33374,1.0003
3.72E-03,0.500064,-2.06E-02,1149.8,4.07031,2.28056,1.0003
3.77E-03,0.500065,-3.16E-02,1149.29,4.07139,2.13632,1.0003
4.16E-03,0.500136,-2.44E-01,1140.98,4.13324,22.5274,1.0005
4.59E-03,0.500212,-1.36E-01,1125.29,4.43253,22.7813,1.0008
5.06E-03,0.500265,-9.39E-02,1104.14,4.81786,23.0098,1.0011
5.69E-03,0.500313,-6.16E-02,1078.45,5.23123,23.3621,1.0013
6.32E-03,0.500345,-3.87E-02,1056.73,5.56614,23.4529,1.0014
7.02E-03,0.500365,-0.0189216,1036.49,5.88854,23.4665,1.0015
7.93E-03,0.500373,0.000637621,1015.03,6.23749,23.4009,1.0015
8.83E-03,0.500365,1.60E-02,997.377,6.5391,23.289,1.0015
9.74E-03,0.500344,2.85E-02,982.36,6.80082,23.2742,1.0014
1.09E-02,0.500305,4.13E-02,966.296,7.08353,23.3402,1.0012
1.22E-02,0.50024,5.37E-02,949.861,7.37193,23.508,1.001
1.35E-02,0.500168,6.31E-02,936.996,7.59604,23.6537,1.0007
1.49E-02,0.50007,7.24E-02,923.455,7.82516,23.799,1.0003
1.71E-02,0.499899,8.40E-02,905.785,8.1113,23.9696,0.9996
1.93E-02,0.499705,9.33E-02,890.42,8.3469,24.1035,0.9988
2.13E-02,0.499507,1.01E-01,877.644,8.53336,24.2029,0.998
2.39E-02,0.499232,1.09E-01,862.963,8.74301,24.3157,0.9969
2.65E-02,0.498938,1.15E-01,849.773,8.92149,24.3894,0.9958
2.98E-02,0.498547,1.23E-01,835.033,9.1207,24.4392,0.9942
3.31E-02,0.498135,1.28E-01,821.807,9.29259,24.4556,0.9926
3.77E-02,0.497528,1.35E-01,805.356,9.50259,24.4418,0.9901
4.16E-02,0.496984,0.140155,792.848,9.65283,24.4102,0.988
4.68E-02,0.496229,0.145916,778.187,9.7633,24.358,0.985
5.08E-02,0.495643,0.150232,768.838,9.63822,24.3237,0.9826
5.30E-02,0.495301,0.153018,764.42,9.35831,24.3134,0.9813
5.39E-02,0.495158,0.154316,762.837,9.16715,24.3104,0.9807
5.58E-02,0.494866,0.157272,760.163,8.65572,24.3067,0.9796
5.67E-02,0.494718,0.15894,759.048,8.36694,24.3059,0.979
5.76E-02,0.494569,0.160729,758.037,8.09016,24.3058,0.9784
6.22E-02,0.493802,0.169804,753.113,7.4121,24.3162,0.9754
6.45E-02,0.493411,0.173396,750.356,7.35767,24.3282,0.9738
7.12E-02,0.492197,0.180229,741.92,7.28324,24.3926,0.969
7.35E-02,0.491783,0.181842,739.383,7.21788,24.4225,0.9674
7.57E-02,0.491365,0.183352,737.099,7.14178,24.4563,0.9658
7.72E-02,0.491084,0.184338,735.71,7.083,24.4832,0.9647
7.87E-02,0.490802,0.18532,734.422,7.01846,24.5108,0.9635
8.02E-02,0.490518,0.186306,733.237,6.95205,24.539,0.9624
8.17E-02,0.490232,0.1873,732.17,6.89547,24.5675,0.9613
8.32E-02,0.489945,0.188313,731.186,6.83858,24.5962,0.9602
8.47E-02,0.489656,0.189341,730.273,6.78267,24.6249,0.9591
8.77E-02,0.489072,0.191445,728.636,6.68811,24.6822,0.9568
9.04E-02,0.488541,0.193374,727.314,6.62714,24.7333,0.9547
1.01E-01,0.486412,0.200643,722.394,6.53781,24.9242,0.9464
1.06E-01,0.485401,0.203584,720.168,6.55544,25.0131,0.9425
1.08E-01,0.484889,0.204949,719.116,6.56853,25.0578,0.9405
1.11E-01,0.484374,0.20625,718.128,6.58162,25.0959,0.9385
0.113094,0.483854,0.207509,717.221,6.59294,25.1454,0.9365
0.115525,0.483331,0.208738,716.409,6.60131,25.1757,0.9344
0.117955,0.482805,0.209946,715.7,6.60605,25.2445,0.9324
0.120385,0.482275,0.211155,715.101,6.60683,25.2262,0.9304
0.122815,0.481741,0.212372,714.61,6.60372,25.3343,0.9283
0.125246,0.481203,0.213606,714.222,6.59713,25.3563,0.9262
0.127676,0.480662,0.214864,713.926,6.58763,25.4045,0.9241
0.130106,0.480117,0.216146,713.707,6.57603,25.4413,0.922
0.132536,0.479568,0.217452,713.551,6.56316,25.4894,0.9199
0.135615,0.478867,0.21914,713.409,6.54715,25.55,0.9173
0.141772,0.477445,0.222575,713.147,6.52999,25.6659,0.9118
0.144851,0.476724,0.224272,712.929,6.53246,25.7435,0.9091
0.14793,0.475996,0.225916,712.609,6.54334,25.7635,0.9063
0.151008,0.475263,0.227481,712.194,6.56539,25.8186,0.9035
0.154087,0.474523,0.228951,711.697,6.59684,25.8231,0.9007
0.157166,0.473777,0.230309,711.15,6.63379,26.2038,0.8979
0.160244,0.473026,0.231568,710.599,6.67227,26.1479,0.895
0.163323,0.47227,0.23274,710.098,6.70831,25.9329,0.8922
0.164093,0.47208,0.233022,709.987,6.71651,26.1643,0.8914
0.165632,0.4717,0.233578,709.788,6.73164,26.2076,0.89
0.167172,0.471318,0.234125,709.622,6.74485,26.2773,0.8886
0.168711,0.470935,0.234667,709.497,6.75589,26.2051,0.8871
0.17025,0.470551,0.23521,709.418,6.76449,26.416,0.8857
0.17179,0.470166,0.235756,709.388,6.77039,26.2402,0.8842
0.173329,0.469779,0.236309,709.412,6.77341,26.6386,0.8828
0.174868,0.469391,0.236876,709.493,6.77343,26.4711,0.8813
0.176408,0.469002,0.237458,709.631,6.77037,26.8162,0.8799
0.177947,0.468612,0.23806,709.827,6.76419,26.6914,0.8784
0.179486,0.46822,0.238686,710.08,6.75495,27.1361,0.8769
0.181026,0.467827,0.239337,710.385,6.74278,26.8649,0.8754
0.182565,0.467433,0.240016,710.737,6.72799,26.4869,0.874
0.184104,0.467037,0.240728,711.126,6.71097,26.643,0.8725
0.185644,0.466639,0.241461,711.544,6.69212,26.1375,0.871
0.190262,0.465437,0.243867,712.82,6.63289,26.5567,0.8665
0.191801,0.465033,0.244716,713.197,6.61564,27.5394,0.865
0.19334,0.464627,0.245576,713.519,6.60204,27.4782,0.8635
0.19488,0.464219,0.246438,713.777,6.595,26.8491,0.862
0.196419,0.46381,0.247293,713.94,6.59295,27.0368,0.8605
0.197804,0.46344,0.248047,713.993,6.59611,27.4275,0.8591
0.19919,0.463068,0.248773,713.956,6.60426,27.136,0.8577
0.200575,0.462696,0.249472,713.833,6.6185,27.4709,0.8564
0.201961,0.462322,0.250125,713.635,6.63999,26.8514,0.855
0.203346,0.461946,0.250725,713.36,6.66682,28.0121,0.8536
0.204732,0.46157,0.251269,713.015,6.6982,27.9053,0.8522
0.206117,0.461192,0.251753,712.611,6.73319,25.0344,0.8508
0.207502,0.460813,0.25216,712.161,6.77071,27.5769,0.8494
0.208749,0.460472,0.252495,711.725,6.80587,27.7919,0.8481
0.21249,0.459444,0.25325,710.374,6.92006,25.72,0.8444
0.214984,0.458755,0.253561,709.546,6.99748,27.4537,0.8418
0.216089,0.458449,0.253671,709.212,7.0281,27.4892,0.8407
0.217084,0.458174,0.25376,708.932,7.05364,27.5209,0.8397
0.217979,0.457926,0.253833,708.699,7.07491,27.5491,0.8388
0.218785,0.457702,0.253896,708.507,7.09262,27.5743,0.838
0.21959,0.457479,0.253959,708.333,7.10882,27.5994,0.8371
0.220315,0.457277,0.254022,708.195,7.12202,27.6219,0.8364
0.220968,0.457096,0.254074,708.084,7.13285,27.6421,0.8357
0.221621,0.456914,0.254133,707.99,7.14254,27.6623,0.8351
0.222273,0.456733,0.254186,707.917,7.1525,27.6824,0.8344
0.223579,0.456369,0.254297,707.809,7.16975,27.7224,0.8331
0.224884,0.456005,0.254415,707.761,7.18192,27.7621,0.8318
0.226189,0.455641,0.254562,707.781,7.18854,27.8017,0.8304
0.227495,0.455276,0.254732,707.874,7.1893,27.8412,0.8291
0.2288,0.454911,0.254931,708.045,7.18401,27.8806,0.8278
0.23141,0.454178,0.255417,708.639,7.15503,27.9594,0.8251
0.234021,0.453442,0.256063,709.625,7.10856,28.0382,0.8224
0.236632,0.452703,0.256908,710.975,7.03819,28.1176,0.8198
0.239242,0.451961,0.257984,712.637,6.94366,28.1979,0.8171
0.241853,0.451213,0.259323,714.573,6.84463,28.2794,0.8144
0.244463,0.45046,0.260926,716.52,6.74296,28.3623,0.8117
0.247074,0.449701,0.26276,718.157,6.65626,28.447,0.8089
0.249424,0.449011,0.264531,719.094,6.61404,28.5248,0.8064
0.251773,0.448316,0.266262,719.273,6.61204,28.6044,0.8039
0.253888,0.447686,0.267638,718.756,6.65093,28.6777,0.8017
0.255791,0.447116,0.268612,717.845,6.71904,28.7451,0.7997
0.257694,0.446543,0.269291,716.653,6.81676,28.814,0.7976
0.259597,0.445969,0.269627,715.249,6.92411,28.8848,0.7956
0.264926,0.444355,0.269305,711.213,7.2718,29.0927,0.7898
0.268351,0.443317,0.268491,708.883,7.47924,29.2229,0.7861
0.270064,0.442799,0.268024,707.891,7.57662,29.2866,0.7843
0.271777,0.442281,0.267534,707.007,7.66062,29.3495,0.7824
0.27349,0.441763,0.267041,706.237,7.72922,29.4117,0.7806
0.275203,0.441245,0.266595,705.597,7.78323,29.4734,0.7788
0.276915,0.440728,0.266172,705.128,7.83019,29.5345,0.777
0.278628,0.440211,0.265806,704.808,7.86088,29.5954,0.7751
0.280341,0.439693,0.265505,704.652,7.87475,29.6559,0.7733
0.282054,0.439176,0.265263,704.674,7.87152,29.7164,0.7715
0.283767,0.438659,0.265119,704.891,7.8502,29.7769,0.7697
0.285479,0.438141,0.265049,705.321,7.80925,29.8376,0.7679
0.287192,0.437623,0.265098,706.024,7.75781,29.8986,0.7661
0.288905,0.437103,0.265258,707.001,7.6862,29.9602,0.7642
0.290618,0.436583,0.265549,708.266,7.5918,30.0223,0.7624
0.292331,0.436061,0.26601,709.897,7.47975,30.0855,0.7606
0.293872,0.435591,0.26657,711.696,7.36406,30.1431,0.759
0.295414,0.435118,0.267306,713.813,7.22819,30.202,0.7573
0.297704,0.434412,0.268779,717.479,7.01066,30.2914,0.7549
0.30091,0.433414,0.271748,722.877,6.71771,30.422,0.7514
0.301941,0.43309,0.272939,724.311,6.63971,30.4653,0.7503
0.302868,0.432797,0.274099,725.302,6.57937,30.5049,0.7493
0.303796,0.432503,0.275322,725.958,6.5343,30.545,0.7482
0.304723,0.432207,0.276561,726.292,6.51206,30.5856,0.7472
0.305651,0.431909,0.277797,726.269,6.5092,30.6275,0.7462
0.306578,0.43161,0.278981,725.905,6.52577,30.67,0.7451
0.307506,0.43131,0.280037,725.28,6.56631,30.712,0.7441
0.308433,0.431008,0.280936,724.438,6.62493,30.7535,0.7431
0.309361,0.430705,0.281646,723.424,6.69502,30.7945,0.742
0.310288,0.430402,0.282164,722.277,6.7725,30.8351,0.741
0.317708,0.427963,0.280808,712.695,7.59713,31.148,0.7326
0.320491,0.427052,0.279089,709.653,7.89368,31.2616,0.7295
0.322346,0.426447,0.277859,707.882,8.07694,31.3366,0.7274
0.324201,0.425843,0.276641,706.275,8.23401,31.4113,0.7254
0.326056,0.425241,0.275465,704.875,8.37796,31.4856,0.7233
0.326983,0.424941,0.274897,704.233,8.43869,31.5227,0.7223
0.327911,0.424641,0.274342,703.632,8.4924,31.5598,0.7213
0.328838,0.424342,0.273815,703.094,8.54603,31.5969,0.7203
0.329766,0.424043,0.273304,702.603,8.59472,31.634,0.7192
0.331621,0.423446,0.27235,701.75,8.67225,31.7083,0.7172
0.333476,0.42285,0.27149,701.075,8.72494,31.783,0.7152
0.335331,0.422255,0.270728,700.59,8.754,31.8581,0.7132
0.337186,0.42166,0.270066,700.312,8.75975,31.9339,0.7112
0.339041,0.421066,0.269514,700.253,8.74178,32.0105,0.7092
0.340896,0.420473,0.269084,700.439,8.69827,32.0883,0.7072
0.342751,0.419879,0.268769,700.897,8.62602,32.1674,0.7052
0.344606,0.419285,0.2686,701.679,8.52431,32.2482,0.7032
0.346461,0.418691,0.268586,702.887,8.40306,32.331,0.7012
0.348315,0.418095,0.268752,704.536,8.2392,32.4162,0.6992
0.35017,0.417498,0.26914,706.844,8.05592,32.506,0.6972
0.352025,0.416899,0.269783,709.901,7.8324,32.5951,0.6952
0.35388,0.416297,0.270775,713.903,7.57149,32.6833,0.6932
0.355735,0.415692,0.272203,718.937,7.27978,32.7708,0.6912
0.359977,0.414288,0.278034,731.203,6.60068,32.969,0.6865
0.360899,0.413978,0.279904,732.592,6.51124,33.0114,0.6855
0.361728,0.413696,0.281742,733.077,6.46244,33.0492,0.6846
0.362474,0.413441,0.283446,732.972,6.44954,33.0831,0.6837
0.36322,0.413185,0.285119,732.45,6.46539,33.1167,0.6829
0.363967,0.412926,0.286669,731.597,6.50601,33.1503,0.682
0.364713,0.412667,0.288029,730.488,6.56593,33.1837,0.6812
0.366206,0.412143,0.289968,727.842,6.73845,33.2503,0.6794
0.372922,0.409772,0.288566,715.441,7.79673,33.5484,0.6717
0.374415,0.409247,0.287224,713.108,8.02596,33.6149,0.6699
0.376654,0.408463,0.285076,709.995,8.34929,33.7152,0.6674
0.379207,0.407575,0.282623,706.929,8.67586,33.8309,0.6645
0.38133,0.406841,0.2807,704.738,8.91423,33.9284,0.6621
0.382391,0.406475,0.27978,703.742,9.01925,33.9777,0.6609
0.383452,0.406111,0.278891,702.829,9.12169,34.0273,0.6597
0.384513,0.405747,0.278038,701.969,9.21185,34.0774,0.6585
0.385575,0.405383,0.27722,701.162,9.29098,34.1279,0.6573
0.386636,0.405021,0.276437,700.422,9.36505,34.179,0.6562
0.387697,0.404659,0.27569,699.75,9.43523,34.2305,0.655
0.388758,0.404298,0.274979,699.131,9.49529,34.2826,0.6538
0.389819,0.403937,0.274303,698.563,9.54589,34.3354,0.6527
0.39088,0.403577,0.273663,698.05,9.58757,34.3888,0.6515
0.391942,0.403218,0.273058,697.59,9.62078,34.4431,0.6503
0.393003,0.402859,0.272489,697.187,9.64583,34.4994,0.6492
0.394064,0.4025,0.271954,696.84,9.66291,34.5549,0.648
0.395125,0.402141,0.271454,696.553,9.6721,34.6095,0.6469
0.396186,0.401783,0.27099,696.327,9.67336,34.6634,0.6457
0.397248,0.401426,0.270561,696.164,9.66659,34.7165,0.6446
0.398309,0.401068,0.270168,696.068,9.6516,34.769,0.6434
0.39937,0.400711,0.269812,696.04,9.62806,34.8209,0.6423
0.400431,0.400354,0.269485,696.086,9.59556,34.8722,0.6411
0.401492,0.399996,0.269214,696.21,9.55318,34.9231,0.64
0.402554,0.399639,0.268971,696.417,9.50011,34.9735,0.6388
0.403615,0.399282,0.268775,696.714,9.43506,35.0236,0.6377
0.404676,0.398925,0.268621,697.123,9.36238,35.0733,0.6366
0.405737,0.398568,0.268515,697.666,9.28564,35.1228,0.6354
0.406798,0.39821,0.26846,698.332,9.19468,35.1721,0.6343
0.40786,0.397852,0.26846,699.135,9.08681,35.2213,0.6331
0.408921,0.397494,0.268521,700.144,8.97625,35.2704,0.632
0.409876,0.397171,0.26862,701.222,8.86501,35.3145,0.631
0.410831,0.396848,0.268791,702.465,8.73438,35.3588,0.63
0.411691,0.396556,0.269006,703.829,8.62122,35.3986,0.629
0.41255,0.396265,0.269277,705.374,8.4899,35.4387,0.6281
0.413324,0.396001,0.269583,706.985,8.36393,35.4748,0.6273
0.414794,0.3955,0.270346,710.703,8.09894,35.544,0.6257
0.416743,0.394831,0.271861,717.365,7.70293,35.6373,0.6236
0.42079,0.393422,0.27804,734.999,6.75675,35.837,0.6191
0.42139,0.39321,0.279523,736.718,6.65284,35.867,0.6185
0.421689,0.393103,0.280329,737.324,6.60811,35.8821,0.6181
0.421989,0.392996,0.281177,737.76,6.56899,35.8971,0.6178
0.422289,0.392888,0.282063,738.03,6.53657,35.9121,0.6174
0.422588,0.392781,0.282984,738.149,6.51179,35.9271,0.6171
0.422888,0.392673,0.28393,738.134,6.4961,35.9421,0.6168
0.423188,0.392564,0.284895,738.001,6.48965,35.9572,0.6164
0.423488,0.392455,0.285868,737.749,6.49007,35.9722,0.6161
0.423787,0.392346,0.286837,737.394,6.49698,35.9873,0.6157
0.424087,0.392236,0.287784,736.961,6.51145,36.0024,0.6154
0.424387,0.392126,0.288705,736.464,6.53329,36.0175,0.6151
0.425286,0.391793,0.291157,734.652,6.62824,36.0629,0.614
0.432839,0.388951,0.29212,717.105,8.0496,36.4569,0.6051
0.434997,0.388143,0.289652,713.159,8.44813,36.5745,0.6026
0.436615,0.38754,0.287734,710.558,8.73006,36.6647,0.6007
0.438234,0.386941,0.285848,708.214,8.9908,36.7592,0.5989
0.440391,0.386147,0.283445,705.435,9.30472,36.8839,0.5964
0.443628,0.384964,0.280135,701.913,9.70799,37.0658,0.5928
0.445786,0.384181,0.278138,699.916,9.92642,37.1839,0.5904
0.447944,0.383401,0.276331,698.203,10.1215,37.2999,0.588
0.450102,0.382625,0.274687,696.696,10.2722,37.4141,0.5856
0.45226,0.381852,0.273198,695.426,10.399,37.5265,0.5832
0.454418,0.381081,0.271844,694.357,10.4908,37.6376,0.5809
0.456576,0.380313,0.270634,693.485,10.5467,37.7476,0.5786
0.458734,0.379545,0.26956,692.818,10.5685,37.8567,0.5762
0.460892,0.37878,0.268622,692.366,10.5561,37.9653,0.5739
0.46305,0.378015,0.267821,692.145,10.5078,38.0737,0.5716
0.465208,0.377251,0.267159,692.177,10.4198,38.1821,0.5693
0.467366,0.376487,0.266642,692.52,10.2989,38.2909,0.567
0.469524,0.375722,0.266287,693.232,10.1411,38.4006,0.5647
0.471682,0.374957,0.266112,694.388,9.93482,38.5114,0.5624
0.473839,0.374191,0.266151,696.148,9.6854,38.6239,0.5601
0.475997,0.373422,0.266446,698.753,9.38918,38.7387,0.5578
0.478155,0.37265,0.267079,702.565,9.02791,38.8566,0.5555
0.479722,0.372088,0.267824,706.468,8.72157,38.9447,0.5538
0.481288,0.371523,0.268892,711.749,8.36532,39.0355,0.5521
0.482698,0.371011,0.270243,718.105,7.99524,39.1201,0.5506
0.486305,0.369681,0.276815,739.168,6.89697,39.3531,0.5467
0.486873,0.369468,0.278551,741.102,6.76735,39.3902,0.546
0.487384,0.369275,0.280338,741.967,6.67657,39.4233,0.5455
0.487845,0.369099,0.282121,742.155,6.62639,39.4528,0.5449
0.488305,0.368923,0.284025,741.901,6.60798,39.482,0.5444
0.488719,0.368763,0.285793,741.348,6.61077,39.5082,0.5439
0.489133,0.368602,0.287534,740.557,6.63039,39.5343,0.5435
0.489961,0.368277,0.29072,738.554,6.72246,39.5861,0.5425
0.497416,0.365283,0.292658,717.919,8.35853,40.0379,0.5337
0.499072,0.364621,0.290459,714.413,8.72116,40.1352,0.5318
0.500729,0.363963,0.288204,711.285,9.05962,40.2318,0.5299
0.503214,0.362984,0.284934,707.224,9.52697,40.3756,0.527
0.505699,0.362013,0.281895,703.761,9.93682,40.5187,0.5242
0.507355,0.361369,0.280015,701.719,10.1753,40.6139,0.5224
0.509012,0.360729,0.278267,699.902,10.4029,40.7091,0.5205
0.510668,0.360091,0.276636,698.232,10.6,40.8044,0.5187
0.512325,0.359456,0.275112,696.74,10.7864,40.8998,0.5168
0.513982,0.358823,0.273691,695.366,10.9429,40.9956,0.515
0.515638,0.358192,0.272368,694.136,11.0863,41.0916,0.5132
0.517295,0.357564,0.271126,693.027,11.211,41.188,0.5114
0.518951,0.356936,0.269978,692.023,11.3128,41.285,0.5096
0.520608,0.35631,0.26891,691.123,11.394,41.3825,0.5078
0.522264,0.355686,0.267923,690.326,11.4557,41.4807,0.5061
0.523921,0.355062,0.26701,689.644,11.5049,41.5798,0.5043
0.525578,0.35444,0.266168,689.062,11.5338,41.6797,0.5025
0.527234,0.353818,0.2654,688.581,11.5423,41.7807,0.5007
0.528891,0.353197,0.264697,688.204,11.5303,41.8829,0.499
0.530547,0.352577,0.264068,687.936,11.4975,41.9864,0.4972
0.532204,0.351957,0.263509,687.801,11.4515,42.0913,0.4955
0.53386,0.351336,0.263023,687.796,11.3844,42.1986,0.4937
0.535517,0.350716,0.26261,687.933,11.2938,42.3096,0.492
0.537173,0.350096,0.262277,688.224,11.1763,42.4187,0.4903
0.53883,0.349475,0.262029,688.715,11.0408,42.5263,0.4885
0.540487,0.348854,0.261879,689.436,10.8862,42.6324,0.4868
0.542143,0.348231,0.261831,690.402,10.6953,42.7375,0.4851
0.5438,0.347608,0.261895,691.743,10.4932,42.8417,0.4833
0.545456,0.346983,0.262103,693.495,10.2501,42.9454,0.4816
0.547113,0.346356,0.262478,695.825,9.97297,43.0488,0.4798
0.548769,0.345728,0.263065,698.981,9.66286,43.1523,0.4781
0.550426,0.345096,0.263929,703.296,9.29916,43.2564,0.4764
0.551622,0.344637,0.264783,707.488,9.00001,43.3322,0.4751
0.553118,0.344061,0.266228,714.56,8.55958,43.4281,0.4735
0.554987,0.343333,0.268947,727.614,7.89785,43.5504,0.4715
0.557081,0.342505,0.274337,743.424,7.06726,43.6903,0.4692
0.55738,0.342385,0.275448,744.689,6.97965,43.7103,0.4689
0.557649,0.342277,0.276543,745.439,6.90916,43.7282,0.4686
0.557918,0.342168,0.277731,745.859,6.85014,43.7461,0.4683
0.557985,0.34214,0.278043,745.919,6.83748,43.7506,0.4682
0.55812,0.342086,0.278682,745.987,6.81501,43.7595,0.4681
0.558254,0.342031,0.279342,746.008,6.79897,43.7685,0.4679
0.558389,0.341976,0.280021,745.972,6.78703,43.7774,0.4678
0.558524,0.34192,0.280716,745.879,6.77821,43.7863,0.4676
0.558658,0.341865,0.281425,745.733,6.77251,43.7953,0.4675
0.558793,0.34181,0.282145,745.541,6.7699,43.8042,0.4673
0.558927,0.341754,0.282871,745.307,6.77022,43.8131,0.4672
0.559197,0.341642,0.284329,744.729,6.77909,43.831,0.4669
0.559466,0.34153,0.285768,744.03,6.79768,43.8489,0.4666
0.560273,0.34119,0.289688,741.53,6.91151,43.9028,0.4656
0.566531,0.338483,0.292442,720.564,8.54599,44.3251,0.4583
0.568146,0.337787,0.290034,716.387,8.96235,44.4343,0.4564
0.570838,0.336638,0.285887,710.51,9.60639,44.617,0.4533
0.572992,0.335727,0.28274,706.555,10.0618,44.7643,0.4509
0.575145,0.334824,0.279862,703.154,10.4754,44.9132,0.4484
0.576222,0.334375,0.278512,701.644,10.6737,44.9885,0.4472
0.578375,0.333481,0.275984,698.873,11.0252,45.1408,0.4448
0.580828,0.332469,0.273384,696.116,11.3756,45.3176,0.4421
0.582611,0.331737,0.271653,694.362,11.6113,45.4488,0.4402
0.584395,0.331008,0.270047,692.746,11.8107,45.5823,0.4383
0.586179,0.330282,0.26855,691.31,12.0023,45.7212,0.4363
0.587963,0.329558,0.267173,689.994,12.165,45.8613,0.4344
0.589747,0.328836,0.265894,688.791,12.3017,45.9991,0.4325
0.591531,0.328116,0.264693,687.721,12.4288,46.1347,0.4306
0.593314,0.327397,0.26358,686.756,12.5347,46.2684,0.4288
0.595098,0.326679,0.262551,685.889,12.618,46.4003,0.4269
0.596882,0.325963,0.261597,685.119,12.6802,46.5306,0.425
0.598666,0.325247,0.260715,684.447,12.7223,46.6595,0.4231
0.60045,0.324533,0.259906,683.873,12.7447,46.7872,0.4213
0.604017,0.323105,0.258488,683.023,12.7302,47.0398,0.4176
0.607585,0.321678,0.257355,682.596,12.6322,47.2896,0.4139
0.611152,0.32025,0.256493,682.646,12.4407,47.5381,0.4102
0.614363,0.318963,0.255983,683.231,12.207,47.7619,0.4069
0.617253,0.317802,0.25577,684.288,11.9198,47.9644,0.404
0.619854,0.316754,0.255817,685.829,11.5967,48.1484,0.4013
0.622195,0.315807,0.256099,687.924,11.2617,48.316,0.3989
0.623822,0.315146,0.256464,689.909,10.9911,48.4342,0.3973
0.62545,0.314482,0.257006,692.491,10.6786,48.5539,0.3956
0.626915,0.313882,0.257674,695.543,10.3583,48.6635,0.3941
0.627946,0.313458,0.258285,698.307,10.1178,48.7418,0.393
0.628978,0.313032,0.259034,701.708,9.84259,48.8213,0.392
0.630742,0.312299,0.260775,709.827,9.29125,48.9607,0.3901
0.632171,0.311699,0.262812,719.869,8.74589,49.0777,0.3886
0.635186,0.310408,0.271402,748.393,7.2712,49.3385,0.3854
0.635444,0.310295,0.272671,749.346,7.18316,49.3613,0.3851
0.635676,0.310193,0.273924,749.79,7.1176,49.3818,0.3849
0.635908,0.31009,0.275282,749.91,7.06802,49.4024,0.3846
0.63614,0.309987,0.276736,749.776,7.03629,49.423,0.3844
0.636373,0.309883,0.278255,749.445,7.02262,49.4436,0.3841
0.636605,0.309779,0.279835,748.932,7.02211,49.4643,0.3839
0.636837,0.309673,0.281436,748.277,7.03313,49.4851,0.3836
0.637533,0.309354,0.285955,745.803,7.1314,49.5481,0.3828
0.643801,0.306386,0.289546,720.981,9.06815,50.1416,0.3755
0.646587,0.305078,0.284657,713.176,9.8823,50.3989,0.3723
0.648444,0.304215,0.281539,708.885,10.3692,50.5672,0.3702
0.650302,0.303359,0.27865,705.163,10.817,50.7335,0.3681
0.652066,0.302551,0.2761,702.062,11.2113,50.8903,0.3661
0.653737,0.301791,0.273875,699.442,11.5558,51.0379,0.3643
0.656245,0.300657,0.270831,695.995,12.0241,51.2582,0.3616
0.659253,0.299307,0.267611,692.476,12.5178,51.5215,0.3583
0.662262,0.297967,0.264775,689.484,12.9433,51.7844,0.3551
0.663766,0.297299,0.263481,688.165,13.1392,51.9158,0.3535
0.665271,0.296633,0.262269,686.928,13.3125,52.0473,0.352
0.666775,0.295969,0.261111,685.78,13.4732,52.179,0.3504
0.668279,0.295306,0.260015,684.727,13.6272,52.3108,0.3488
0.669784,0.294644,0.25899,683.742,13.7631,52.443,0.3473
0.671288,0.293984,0.258024,682.822,13.8827,52.5754,0.3457
0.672792,0.293324,0.257115,681.964,13.9873,52.7082,0.3442
0.674297,0.292665,0.256255,681.177,14.0856,52.8415,0.3426
0.675801,0.292007,0.255445,680.452,14.1739,52.9752,0.3411
0.677305,0.291349,0.254674,679.781,14.2487,53.1098,0.3395
0.678809,0.290692,0.253954,679.164,14.3102,53.2444,0.338
0.680163,0.2901,0.253353,678.653,14.3545,53.3668,0.3366
0.681517,0.289509,0.25277,678.184,14.3892,53.4898,0.3353
0.682871,0.288918,0.252206,677.757,14.4123,53.6133,0.3339
0.684225,0.288327,0.25168,677.373,14.426,53.7378,0.3325
0.685579,0.287736,0.251189,677.032,14.4302,53.8628,0.3312
0.686933,0.287145,0.250731,676.734,14.4223,53.9894,0.3298
0.688287,0.286554,0.250316,676.481,14.4027,54.1163,0.3285
0.689641,0.285962,0.249909,676.271,14.3764,54.245,0.3271
0.690995,0.285371,0.249537,676.108,14.3379,54.3736,0.3257
0.692348,0.284778,0.249198,675.991,14.2838,54.5057,0.3244
0.693702,0.284186,0.248906,675.924,14.2228,54.6366,0.323
0.695056,0.283593,0.248623,675.924,14.1544,54.7728,0.3217
0.69641,0.282999,0.248377,675.976,14.0869,54.9083,0.3204
0.697764,0.282404,0.248168,676.096,13.9943,55.0521,0.319
0.699118,0.281809,0.248015,676.274,13.8918,55.1831,0.3177
0.700472,0.281213,0.247871,676.519,13.779,55.3283,0.3163
0.701826,0.280615,0.247788,676.861,13.657,55.462,0.315
0.70318,0.280017,0.247744,677.301,13.5206,55.5911,0.3136
0.704533,0.279417,0.247739,677.836,13.3595,55.7258,0.3123
0.705887,0.278817,0.24779,678.496,13.1894,55.8531,0.311
0.707241,0.278214,0.247902,679.309,13.0217,55.9935,0.3096
0.708595,0.27761,0.248074,680.269,12.8198,56.1279,0.3083
0.709949,0.277004,0.24832,681.459,12.6116,56.2621,0.3069
0.711303,0.276396,0.248651,682.866,12.3817,56.3963,0.3056
0.712657,0.275786,0.249083,684.584,12.1326,56.5314,0.3042
0.714011,0.275173,0.249636,686.678,11.8489,56.6673,0.3029
0.715365,0.274558,0.250336,689.344,11.5421,56.8042,0.3015
0.716719,0.273939,0.251222,692.709,11.2026,56.9423,0.3002
0.717779,0.273451,0.252086,696.031,10.8955,57.0515,0.2991
0.7199,0.272468,0.254459,705.694,10.1812,57.2741,0.297
0.721247,0.271835,0.256669,715.656,9.59864,57.4192,0.2956
0.724437,0.270298,0.267879,753.442,7.60793,57.7799,0.2922
0.724672,0.270182,0.26948,754.169,7.51535,57.807,0.292
0.724907,0.270064,0.271259,754.362,7.44986,57.8341,0.2917
0.725118,0.269958,0.273003,754.2,7.41268,57.8586,0.2915
0.72533,0.26985,0.274843,753.779,7.39541,57.8832,0.2913
0.725541,0.269742,0.276738,753.151,7.39785,57.9079,0.291
0.725964,0.269524,0.280468,751.468,7.45269,57.9577,0.2906
0.730983,0.266824,0.287806,726.348,9.35468,58.5672,0.2848
0.733519,0.265464,0.282704,717.02,10.292,58.8766,0.2819
0.736055,0.264123,0.277759,709.675,11.1125,59.1859,0.279
0.738169,0.263017,0.274072,704.692,11.7304,59.4448,0.2767
0.739859,0.262139,0.271402,701.244,12.1775,59.6532,0.2749
0.74155,0.261266,0.268959,698.185,12.5889,59.8635,0.273
0.743664,0.260182,0.26619,694.837,13.0692,60.1295,0.2708
0.744932,0.259534,0.264664,693.042,13.341,60.2911,0.2694
0.746728,0.25862,0.262654,690.692,13.6866,60.523,0.2675
0.747785,0.258084,0.261548,689.441,13.8895,60.6613,0.2664
0.749898,0.257015,0.259472,687.108,14.252,60.9423,0.2642
0.751589,0.256163,0.257935,685.431,14.5331,61.1768,0.2625
0.753106,0.2554,0.256641,684.03,14.7632,61.3887,0.2609
0.754622,0.254638,0.255429,682.719,14.975,61.5993,0.2594
0.756139,0.253878,0.254277,681.515,15.1866,61.8087,0.2578
0.757655,0.253119,0.253187,680.381,15.3779,62.017,0.2563
0.759172,0.252361,0.252152,679.313,15.5506,62.2243,0.2547
0.760689,0.251604,0.251177,678.319,15.7158,62.4309,0.2532
0.763722,0.250091,0.249368,676.524,16.0175,62.8419,0.2502
0.766755,0.248579,0.247737,674.932,16.2631,63.2511,0.2472
0.769788,0.247068,0.246262,673.531,16.4659,63.6594,0.2442
0.772822,0.245556,0.244919,672.317,16.6381,64.0679,0.2412
0.775855,0.244042,0.243704,671.261,16.7653,64.478,0.2382
0.778888,0.242526,0.242608,670.357,16.8493,64.8898,0.2353
0.781921,0.241007,0.241643,669.603,16.8921,65.3068,0.2323
0.784955,0.239485,0.240766,668.997,16.8947,65.7273,0.2294
0.787988,0.237958,0.240005,668.54,16.8552,66.153,0.2265
0.791021,0.236425,0.239361,668.237,16.7703,66.5866,0.2236
0.794054,0.234886,0.238828,668.121,16.6629,67.0287,0.2207
0.797088,0.23334,0.238414,668.186,16.508,67.4806,0.2178
0.800121,0.231786,0.238139,668.445,16.2978,67.944,0.2149
0.803154,0.230223,0.238002,668.968,16.0617,68.4205,0.212
0.806187,0.22865,0.238023,669.767,15.7623,68.9173,0.2091
0.80922,0.227065,0.238236,670.951,15.4252,69.43,0.2062
0.812254,0.225466,0.238678,672.601,15.016,69.9443,0.2033
0.815287,0.223853,0.23942,674.906,14.535,70.4627,0.2004
0.81832,0.222221,0.240563,678.195,13.9698,70.9877,0.1975
0.820489,0.221041,0.241715,681.449,13.4878,71.369,0.1954
0.822266,0.220065,0.242962,685.005,13.0377,71.6861,0.1937
0.823735,0.219251,0.24427,688.862,12.612,71.9523,0.1923
0.825204,0.218428,0.245941,694.002,12.1118,72.223,0.1908
0.82708,0.217363,0.24889,703.896,11.3271,72.577,0.189
0.828678,0.21644,0.252693,718.434,10.4303,72.8885,0.1874
0.831208,0.214927,0.265967,755.325,8.34019,73.4099,0.1848
0.831404,0.214804,0.267861,755.989,8.24767,73.4518,0.1846
0.831601,0.214681,0.269914,756.137,8.19069,73.4941,0.1844
0.831778,0.214569,0.271859,755.909,8.1642,73.5323,0.1842
0.831955,0.214457,0.273839,755.41,8.16029,73.5709,0.184
0.832132,0.214343,0.27579,754.693,8.17777,73.6096,0.1838
0.832841,0.213881,0.282283,750.616,8.40141,73.7671,0.183
0.836205,0.211624,0.283691,729.273,10.2789,74.5392,0.1791
0.838331,0.210208,0.278353,719.227,11.3628,75.0295,0.1767
0.840456,0.20881,0.273317,711.322,12.2995,75.5207,0.1744
0.842581,0.207426,0.268911,704.968,13.1357,76.0147,0.1721
0.844706,0.206054,0.265059,699.704,13.8812,76.5136,0.1698
0.846831,0.204691,0.261678,695.281,14.5655,77.0194,0.1676
0.848956,0.203336,0.258678,691.494,15.1971,77.5342,0.1654
0.850698,0.20223,0.25646,688.776,15.6879,77.9644,0.1636
0.852766,0.200921,0.254063,685.891,16.2268,78.4863,0.1615
0.854834,0.199615,0.25188,683.313,16.7225,79.0302,0.1594
0.856902,0.198311,0.249866,681.021,17.2045,79.5846,0.1573
0.85897,0.197009,0.248028,678.938,17.6471,80.1383,0.1553
0.861038,0.195707,0.246304,677.054,18.07,80.6925,0.1532
0.863106,0.194406,0.244712,675.322,18.4594,81.2479,0.1512
0.865174,0.193104,0.243235,673.749,18.8401,81.8056,0.1492
0.867242,0.191801,0.24184,672.285,19.186,82.3663,0.1472
0.868276,0.191149,0.241166,671.594,19.3525,82.6483,0.1462
0.870344,0.189843,0.239888,670.307,19.687,83.2153,0.1442
0.872412,0.188535,0.238699,669.105,19.9913,83.7876,0.1422
0.87448,0.187225,0.237565,667.982,20.2676,84.3665,0.1402
0.875514,0.186568,0.237021,667.45,20.3947,84.6588,0.1392
0.877582,0.185253,0.235986,666.454,20.668,85.2492,0.1373
0.87965,0.183934,0.234998,665.521,20.9216,85.849,0.1353
0.881718,0.18261,0.234074,664.643,21.1514,86.4592,0.1334
0.883786,0.181283,0.233193,663.823,21.3635,87.0811,0.1315
0.886888,0.179282,0.231955,662.689,21.6519,88.039,0.1286
0.888956,0.177941,0.231186,661.999,21.8369,88.6966,0.1267
0.893092,0.175242,0.229774,660.757,22.1747,90.0655,0.1228
0.896595,0.172935,0.228697,659.833,22.4191,91.3026,0.1196
0.900098,0.170607,0.227743,659.02,22.6298,92.5817,0.1164
0.903601,0.168257,0.226868,658.313,22.8086,93.8735,0.1132
0.907103,0.165882,0.226087,657.708,22.9568,95.1878,0.1101
0.910606,0.163481,0.225399,657.203,23.0754,96.5335,0.1069
0.914109,0.161052,0.224812,656.795,23.1651,97.9206,0.1038
0.917612,0.158591,0.224294,656.482,23.2262,99.3597,0.1006
0.921115,0.156097,0.223862,656.265,23.2586,100.861,0.0975
0.924618,0.153566,0.223536,656.153,23.2781,102.439,0.0943
0.92812,0.150997,0.223274,656.147,23.2793,104.107,0.0912
0.931623,0.148386,0.223081,656.244,23.2526,105.887,0.0881
0.935126,0.145729,0.223022,656.448,23.1949,107.82,0.0849
0.938629,0.143023,0.223003,656.771,23.1094,109.852,0.0818
0.942132,0.140264,0.223097,657.235,23.026,111.954,0.0787
0.945635,0.137447,0.223287,657.83,22.9057,114.149,0.0756
0.949137,0.134569,0.223581,658.57,22.7511,116.463,0.0724
0.95264,0.131623,0.22401,659.494,22.6028,118.924,0.0693
0.956143,0.128604,0.224535,660.586,22.4064,121.572,0.0662
0.959646,0.125504,0.225181,661.901,22.2045,124.46,0.063
0.963149,0.122316,0.225955,663.442,21.9635,127.672,0.0598
0.966652,0.119028,0.227052,665.264,21.7099,131.222,0.0567
0.970154,0.11563,0.228246,667.375,21.4116,134.988,0.0535
0.973287,0.112487,0.229513,669.579,21.1513,138.608,0.0506
0.976419,0.109235,0.23097,672.062,20.8484,142.549,0.0477
0.979551,0.105859,0.232656,674.881,20.5582,146.925,0.0448
0.982683,0.102344,0.234531,677.988,20.2678,151.907,0.0419
0.984807,0.0998724,0.235978,680.222,20.0885,155.764,0.0399
0.986932,0.0973217,0.237442,682.488,19.9405,159.834,0.0379
0.989057,0.094686,0.23889,684.696,19.8644,164.173,0.0359
0.990969,0.0922354,0.240156,686.481,19.8617,168.379,0.034
0.992691,0.0899621,0.24114,687.808,19.9466,172.481,0.0324
0.994412,0.0876212,0.241906,688.757,20.1493,176.967,0.0307
0.996133,0.0852097,0.242367,689.234,20.4991,181.948,0.029
0.997854,0.0827252,0.242439,689.179,21.0143,187.584,0.0274
0.999403,0.0804245,0.242153,688.657,21.6249,192.961,0.0259
1.00095,0.0780605,0.241516,687.759,22.4071,198.68,0.0244
1.00234,0.0758821,0.240679,686.677,23.2338,204.203,0.023
1.00373,0.0736483,0.239618,685.413,24.1925,210.21,0.0217
1.00512,0.0713559,0.238364,684.009,25.2504,216.863,0.0204
1.00651,0.0690002,0.237033,682.554,26.4583,224.44,0.019
1.00791,0.0665758,0.235604,681.052,27.7619,232.754,0.0177
1.0093,0.0640753,0.234124,679.553,29.1866,241.688,0.0164
1.01069,0.0614902,0.232609,678.09,30.7733,251.553,0.0151
1.01208,0.0588093,0.231099,676.659,32.4921,262.8,0.0138
1.01347,0.0560188,0.229646,675.28,34.3845,276.223,0.0126
1.01486,0.0531011,0.228191,673.973,36.533,291.484,0.0113
1.01625,0.0500335,0.226749,672.722,38.9392,308.898,0.01
1.01764,0.046786,0.225354,671.53,41.6891,330.121,0.0088
1.01903,4.33E-02,0.223989,670.424,45.0076,357.216,0.0075
1.02028,4.00E-02,0.222753,669.483,48.6002,386.564,0.0064
1.02141,3.67E-02,0.221628,668.682,52.5412,421.271,0.0054
1.02222,3.41E-02,0.220812,668.143,56.0784,453.07,0.0047
1.02304,3.14E-02,0.219865,667.626,60.3767,491.688,0.0039
1.02361,2.93E-02,0.219342,667.281,64.126,526.947,0.0034
1.02408,2.75E-02,0.218815,667.011,67.7012,562.12,0.003
1.02454,2.56E-02,0.218218,666.762,72.0876,603.193,0.0026
1.02501,2.36E-02,0.217666,666.515,77.4398,655.194,0.0022
1.02534,2.20E-02,0.217218,666.355,82.3557,704.815,0.0019
1.02568,2.03E-02,0.216715,666.192,88.3277,764.189,0.0016
1.02598,1.86E-02,0.216234,666.065,95.3452,832.245,0.0014
1.0262,1.73E-02,0.215835,665.969,101.631,898.171,0.0012
1.02638,1.61E-02,0.21548,665.901,108.179,963.794,0.001
1.02656,1.48E-02,0.215009,665.832,116.258,1043.71,0.0009
1.02669,1.38E-02,0.214758,665.785,123.724,1118.4,0.0008
1.0268,1.30E-02,0.214464,665.751,131.048,1195.26,0.0007
1.0269,1.21E-02,0.214089,665.712,139.896,1285.57,0.0006
1.02701,1.11E-02,0.213757,665.685,151.331,1396.97,0.0005
1.02709,1.03E-02,0.213463,665.657,161.6,1501.04,0.0004
1.02716,9.48E-03,0.213114,665.642,174.895,1638.41,0.0004
1.02723,8.67E-03,0.212744,665.619,190.124,1790.9,0.0003
1.02728,8.03E-03,0.212438,665.613,204.349,1927.97,0.0003
1.02732,7.47E-03,0.212154,665.599,218.764,2072.81,0.0002
1.02737,6.87E-03,0.211731,665.595,237.336,2263.78,0.0002
1.0274,6.39E-03,0.211544,665.586,254.02,2429.41,0.0002
1.02742,5.99E-03,0.211287,665.583,270.657,2589.34,0.0001
1.02744,5.55E-03,0.210937,665.579,291.172,2787.25,0.0001
1.02747,5.08E-03,0.210641,665.574,317.325,3052.13,0.0001
1.02748,4.72E-03,0.210356,665.573,341.248,3292.15,0.0001
