,t/(Do)2 (s/mm2),(D/Do)2,,,t/(Do)2 (s/mm2),Dflame/Dodrop,,t/(Do)2 (s/mm2),Dflame (mm),,Flame Radiance I,t/(Do)2,Flame Radiance (W),,Flame Radiance II,t/(Do)2,Flame Radiance (W),,,t/(Do)2,Cool Flame Dia (HWFM),,t/(Do)2,Cool Flame Dia (peak-peak),,,Simulations,t (s),D (mm),K(mm^2/sec),T_max(K),D_Tmax/D_drop,D_OHm/D_drop,,t/do^2 (s/mm2),(d/do)^2,Dflame(mm),,t/do2(s/mm2),Radiance (W),,,
EXPT,-0.200806,0.966184,,,0.00724638,12.8947,,0.00241546,1.57895,,,-0.195652,3.20874,,,-0.099839,0.987816,,,0.450886,6.90311,,0.444444,0,,,,0,4.5,-1.01677,2100,18.0038,1,,0,1,81.0171,,0.00240282,0.127959053,,,
,-0.193548,0.966184,,,0.00724638,13.2632,,0.00966184,1.68421,,,-0.183575,3.20874,,,-0.0933977,1.02482,,,0.457327,7.75087,,0.450886,0,,,,0,4.5,-1.01677,2100,18.0038,1,,0,1,81.0171,,0.004014099,2.175303903,,,
,-0.18629,0.968599,,,0.00724638,13.4737,,0.0120773,1.73684,,,-0.176329,3.20874,,,-0.0901771,1.02482,,,0.454106,8.84083,,0.434783,19.8616,,,,1E-10,4.5,-1.01677,2100,18.0038,8.40946,,4.93827E-12,1,81.0171,,0.006042296,3.838771593,,,
,-0.171774,0.971014,,,0.0120773,13.5789,,0.0169082,1.84211,,,-0.169082,3.2682,,,-0.0837359,1.02482,,,0.431562,23.6159,,0.441224,18.7716,,,,3E-10,4.5,-1.01677,2100,18.0038,8.26422,,1.48148E-11,1,81.0171,,0.008056395,6.014075496,,,
,-0.154839,0.97343,,,0.0120773,13.7368,,0.0217391,1.94737,,,-0.164251,3.2682,,,-0.0805153,1.03746,,,0.450886,23.8581,,0.460548,18.1661,,,,7E-10,4.5,-1.01677,2100,18.0038,8.32357,,3.45679E-11,1,81.0171,,0.010070493,8.445297505,,,
,-0.133065,0.97343,,,0.0144928,13.8947,,0.0241546,2,,,-0.15942,3.32876,,,-0.0708535,1.07632,,,0.457327,23.4948,,0.476651,17.8028,,,,1.5E-09,4.5,-1.01677,2100,18.0038,7.87012,,7.40741E-11,1,81.0171,,0.012084592,9.596928983,,,
,-0.130645,0.97343,,,0.0193237,13.8947,,0.031401,2,,,-0.149758,3.2682,,,-0.0644122,1.0896,,,0.463768,23.6159,,0.479871,17.6817,,,,3.1E-09,4.5,-1.01677,2100,18.0038,7.37034,,1.53086E-10,1,81.0171,,0.022155086,11.64427383,,,
,-0.120968,0.975845,,,0.0241546,13.8947,,0.0362319,1.94737,,,-0.147343,3.39044,,,-0.0611916,1.0896,,,0.47343,23.1315,,0.486312,17.8028,,,,6.3E-09,4.5,-1.01677,2100,18.0038,6.89032,,3.11111E-10,1,81.0171,,0.032225579,14.33141395,,,
,-0.11129,0.978261,,,0.0289855,13.9474,,0.0483092,1.68421,,,-0.144928,3.51725,,,-0.0611916,1.07632,,,0.489533,23.1315,,0.486312,17.8028,,,,1.27E-08,4.5,-1.01677,2100,18.0038,6.43085,,6.2716E-10,1,81.0171,,0.040281974,16.25079974,,,
,-0.0991935,0.985507,,,0.0362319,14.1579,,0.0507246,1.68421,,,-0.137681,3.39044,,,-0.057971,1.03746,,,0.489533,23.2526,,0.499195,18.045,,,,2.55E-08,4.5,-1.01677,2099.99,18.0038,6.1919,,1.25926E-09,1,81.0171,,0.052366566,18.5540627,,,
,-0.0895161,0.983092,,,0.0410628,14.3158,,0.0555556,1.57895,,,-0.125604,3.35946,,,-0.057971,1.05026,,,0.492754,23.2526,,0.502415,18.1661,,,,3.83E-08,4.5,-1.01677,2099.99,18.0038,5.92273,,1.89136E-09,1,81.0171,,0.064451158,20.7293666,,,
,-0.0725806,0.983092,,,0.0434783,14.4211,,0.0603865,1.57895,,,-0.128019,3.58243,,,-0.0515298,1.05026,,,0.508857,23.2526,,0.508857,18.1661,,,,6.39E-08,4.5,-1.01677,2099.99,18.0038,5.55648,,3.15556E-09,1,81.0171,,0.070493454,21.75303903,,,
,-0.0629032,0.987923,,,0.0507246,14.7368,,0.0676329,1.57895,,,-0.123188,3.45326,,,-0.041868,0.987816,,,0.52496,23.2526,,0.534622,18.045,,,,8.95E-08,4.5,-1.01677,2099.99,18.0038,5.33359,,4.41975E-09,1,81.0171,,0.082578046,23.28854766,,,
,-0.041129,0.987923,,,0.0507246,14.8421,,0.0700483,1.68421,,,-0.113527,3.35946,,,-0.041868,1.03746,,,0.52818,23.3737,,0.534622,18.045,,,,1.407E-07,4.5,-1.01676,2099.99,18.0038,4.83698,,6.94815E-09,1,81.0171,,0.098690836,24.05630198,,,
,-0.0314516,0.990338,,,0.0531401,15,,0.0748792,1.73684,,,-0.111111,3.42171,,,-0.041868,1.0896,,,0.531401,23.3737,,0.544283,18.045,,,,2.431E-07,4.5,-1.01676,2099.98,18.0038,3.89162,,1.20049E-08,1,81.0171,,0.108761329,24.8240563,,,
,-0.0120968,0.992754,,,0.0555556,15.3158,,0.0797101,1.78947,,,-0.10628,3.45326,,,-0.041868,1.11664,,,0.541063,23.3737,,0.547504,18.045,,,,3.455E-07,4.5,-1.01676,2099.98,18.0038,3.7401,,1.70617E-08,1,81.0171,,0.128902316,25.59181062,,,
,-0.00483871,0.992754,,,0.0603865,15.5263,,0.0869565,1.78947,,,-0.103865,3.35946,,,-0.0354267,1.11664,,,0.566828,23.6159,,0.553945,18.045,,,,5.503E-07,4.5,-1.01676,2099.97,18.0037,3.28799,,2.71753E-08,1,81.01665,,0.147029204,26.23160589,,,
,-0.00241935,0.992754,,,0.0628019,15.6316,,0.0942029,1.78947,,,-0.0966184,3.20874,,,-0.0322061,1.11664,,,0.566828,23.6159,,0.566828,17.9239,,,,7.551E-07,4.5,-1.01675,2099.97,18.0037,3.18428,,3.72889E-08,1,81.01665,,0.171198389,27.51119642,,,
,0.00967742,0.992754,,,0.0652174,15.8421,,0.0966184,2.10526,,,-0.0917874,3.29834,,,-0.0289855,1.15847,,,0.595813,23.6159,,0.586151,17.8028,,,,1.1647E-06,4.5,-1.01674,2099.96,18.0036,2.99861,,5.7516E-08,1,81.0162,,0.187311178,28.15099168,,,
,0.0217742,0.997585,,,0.0676329,15.8947,,0.10628,2,,,-0.089372,3.42171,,,-0.0289855,1.18723,,,0.586151,23.6159,,0.586151,17.8028,,,,1.5743E-06,4.5,-1.01674,2099.94,18.0036,2.968,,7.77432E-08,1,81.0162,,0.19939577,28.918746,,,
,0.041129,0.997585,,,0.0772947,16.1053,,0.123188,2,,,-0.0869565,3.51725,,,-0.0193237,1.2936,,,0.592593,23.6159,,0.602254,18.2872,,,,2.3935E-06,4.5,-1.01672,2099.92,18.0035,2.67106,,1.18198E-07,1,81.01575,,0.223564955,29.81445937,,,
,0.0604839,0.992754,,,0.0821256,16.2105,,0.130435,1.84211,,,-0.0772947,3.51725,,,-0.0128824,1.4095,,,0.602254,23.737,,0.605475,18.2872,,,,3.2127E-06,4.5,-1.0167,2099.9,18.0033,2.63827,,1.58652E-07,1,81.01485,,0.243705942,30.45425464,,,
,0.0822581,0.992754,,,0.140097,15.1579,,0.130435,1.78947,,,-0.0724638,3.32876,,,-0.0128824,1.4986,,,0.615137,23.8581,,0.611916,18.1661,,,,4.8511E-06,4.5,-1.01667,2099.85,18.0031,2.46109,,2.3956E-07,1,81.01395,,0.265861027,30.96609085,,,
,0.0870968,0.990338,,,0.135266,15.2632,,0.137681,1.57895,,,-0.0724638,3.29834,,,-0.0128824,1.61298,,,0.615137,23.8581,,0.618357,17.9239,,,,6.4895E-06,4.5,-1.01664,2099.8,18.0029,2.43476,,3.20469E-07,1,81.01305,,0.296072508,31.60588612,,,
,0.0991935,0.985507,,,0.125604,16.8421,,0.130435,2.05263,,,-0.0700483,3.23833,,,-0.0128824,1.73609,,,0.624799,23.8581,,0.618357,17.9239,,,,9.7663E-06,4.5,-1.01658,2099.7,18.0024,2.30703,,4.82286E-07,1,81.0108,,0.314199396,30.96609085,,,
,0.120968,0.980676,,,0.113527,17.3684,,0.147343,2,,,-0.0676329,3.23833,,,-0.0128824,1.84582,,,0.628019,23.8581,,0.640902,17.6817,,,,1.30431E-05,4.5,-1.01652,2099.61,18.0019,2.27704,,6.44104E-07,1,81.00855,,0.318227593,28.79078695,,,
,0.133065,0.975845,,,0.178744,17.1053,,0.147343,2,,,-0.0507246,3.32876,,,-0.0128824,1.93859,,,0.647343,23.8581,,0.640902,17.6817,,,,1.95967E-05,4.5,-1.0164,2099.42,18.0009,2.25674,,9.67738E-07,1,81.00405,,0.322255791,26.61548305,,,
,0.147581,0.975845,,,0.176329,17.2105,,0.154589,2,,,-0.057971,3.48511,,,-0.00644122,2.30154,,,0.663446,23.4948,,0.640902,17.6817,,,,2.61503E-05,4.5,-1.01629,2099.23,18,2.262,,1.29137E-06,1,81,,0.328298087,23.67242482,,,
,0.152419,0.97343,,,0.173913,17.3684,,0.15942,2,,,-0.0458937,3.61546,,,-0.00322061,2.35867,,,0.676329,23.6159,,0.640902,17.9239,,,,3.92575E-05,4.5,-1.01609,2098.85,17.9981,2.44229,,1.93864E-06,1,80.99145,,0.330312185,21.11324376,,,
,0.157258,0.971014,,,0.137681,17.4737,,0.161836,2,,,-0.0386473,3.61546,,,-0.00322061,2.6017,,,0.68277,23.737,,0.647343,17.9239,,,,5.23647E-05,4.50001,-1.0159,2098.48,17.9962,3.0405,,2.58591E-06,1.000004444,80.98307996,,0.330312185,19.83365323,,,
,0.162097,0.966184,,,0.137681,17.6842,,0.173913,1.94737,,,-0.02657,3.64881,,,0,3.014,,,0.708535,23.737,,0.653784,18.045,,,,6.54719E-05,4.50001,-1.01572,2098.21,17.9718,3.09171,,3.23318E-06,1.000004444,80.87327972,,0.332326284,17.91426743,,,
,0.176613,0.961353,,,0.154589,17.7895,,0.183575,2.36842,,,-0.02657,3.75069,,,-0.00322061,3.20451,,,0.708535,23.737,,0.663446,18.4083,,,,9.16863E-05,4.50001,-1.01541,2098.18,17.8502,3.14554,,4.52772E-06,1.000004444,80.3260785,,0.342396777,15.99488164,,,
,0.200806,0.951691,,,0.157005,17.8947,,0.188406,2.36842,,,-0.0241546,4.18749,,,0,3.5347,,,0.727858,23.737,,0.676329,18.7716,,,,0.000117901,4.50001,-1.01513,2098.16,17.7798,3.12315,,5.82227E-06,1.000004444,80.0092778,,0.364551863,14.71529111,,,
,0.217742,0.944444,,,0.15942,17.9474,,0.205314,2.36842,,,-0.0217391,5.17193,,,0.0128824,3.99567,,,0.740741,23.737,,0.68277,18.5294,,,,0.000144115,4.50002,-1.01488,2098.12,17.7335,3.07645,,7.11679E-06,1.000008889,79.80110467,,0.378650554,13.94753679,,,
,0.229839,0.939614,,,0.171498,17.8421,,0.217391,2.36842,,,-0.0241546,5.31635,,,0.0289855,4.62888,,,0.740741,23.737,,0.68599,18.4083,,,,0.000196544,4.50002,-1.01443,2098.04,17.6754,2.96901,,9.70588E-06,1.000008889,79.53965351,,0.418932528,13.05182342,,,
,0.241935,0.932367,,,0.125604,17.6316,,0.219807,2.36842,,,-0.0241546,6.10122,,,0.0322061,4.68597,,,0.763285,23.737,,0.692432,17.6817,,,,0.000248973,4.50003,-1.01406,2097.94,17.6397,2.83054,,1.2295E-05,1.000013333,79.37917919,,0.459214502,13.05182342,,,
,0.251613,0.929952,,,0.123188,17.7895,,0.229469,2.36842,,,-0.0169082,7.53555,,,0.0354267,4.80228,,,0.769726,23.6159,,0.695652,17.6817,,,,0.00035383,4.50004,-1.01344,2097.69,17.5964,3.04833,,1.74731E-05,1.000017778,79.18450386,,0.509566969,13.05182342,,,
,0.258871,0.927536,,,0.135266,17.9474,,0.23913,2.36842,,,-0.0169082,9.9248,,,0.0354267,4.86151,,,0.772947,23.6159,,0.698873,17.6817,,,,0.000438927,4.50005,-1.01305,2097.43,17.5734,3.20255,,2.16754E-05,1.000022222,79.08117867,,0.531722054,12.79590531,,,
,0.275806,0.917874,,,0.140097,18.1053,,0.243961,2.36842,,,-0.0120773,12.6003,,,0.0386473,4.98217,,,0.792271,23.6159,,0.705314,17.9239,,,,0.000524023,4.50006,-1.01274,2097.14,17.5556,3.28957,,2.58777E-05,1.000026667,79.00125334,,0.58408862,13.05182342,,,
,0.295161,0.910628,,,0.125604,18.1579,,0.248792,2.36842,,,-0.00241546,13.4366,,,0.0483092,5.23256,,,0.792271,23.6159,,0.705314,17.9239,,,,0.000609119,4.50007,-1.01247,2096.81,17.5408,3.31661,,3.008E-05,1.000031111,78.93482786,,0.604229607,13.30774152,,,
,0.314516,0.903382,,,0.10628,18,,0.248792,2.36842,,,0.0144928,13.4366,,,0.0515298,5.29709,,,0.808374,23.6159,,0.731079,18.1661,,,,0.000779312,4.50009,-1.01201,2096.16,17.4958,3.34682,,3.84845E-05,1.00004,78.73267462,,0.642497482,13.30774152,,,
,0.319355,0.903382,,,0.10628,18.1053,,0.2657,2.31579,,,0.0217391,13.4366,,,0.0611916,5.5633,,,0.814815,23.4948,,0.7343,17.9239,,,,0.000949505,4.50011,-1.01166,2096.03,17.3676,3.37975,,4.68891E-05,1.000048889,78.15611044,,0.690835851,13.56365963,,,
,0.329032,0.896135,,,0.111111,18.2632,,0.28744,2.36842,,,0.0362319,13.4366,,,0.0901771,6.28885,,,0.818035,23.4948,,0.73752,17.5606,,,,0.0011197,4.50013,-1.01139,2095.85,17.2841,3.40512,,5.52938E-05,1.000057779,77.78069693,,0.729103726,13.17978247,,,
,0.343548,0.891304,,,0.113527,18.4737,,0.289855,2.36842,,,0.0531401,14.0677,,,0.0901771,6.28885,,,0.830918,23.3737,,0.73752,18.6505,,,,0.00128989,4.50015,-1.01121,2095.64,17.2251,3.43352,,6.36983E-05,1.000066668,77.51553377,,0.763343404,12.79590531,,,
,0.353226,0.884058,,,0.103865,18.5263,,0.294686,2.36842,,,0.0603865,14.3284,,,0.10628,6.85232,,,0.863124,23.0104,,0.753623,18.2872,,,,0.00163028,4.50018,-1.01106,2095.13,17.145,3.48547,,8.05077E-05,1.000080002,77.1555861,,0.827794562,12.66794626,,,
,0.375,0.876812,,,0.0990338,18.8947,,0.316425,2.31579,,,0.0724638,14.7285,,,0.112721,7.02239,,,0.89533,23.1315,,0.769726,18.2872,,,,0.00197066,4.50022,-1.01108,2094.48,17.09,3.53945,,9.73165E-05,1.00009778,76.9087598,,0.874118832,12.41202815,,,
,0.394355,0.871981,,,0.0990338,18.9474,,0.333333,2.31579,,,0.0821256,14.7285,,,0.112721,7.10901,,,0.943639,22.8893,,0.78905,18.2872,,,,0.00231105,4.50026,-1.01126,2093.86,17.0206,3.6014,,0.000114126,1.000115559,76.59712536,,0.924471299,12.02815099,,,
,0.401613,0.869565,,,0.0942029,19.2105,,0.323671,2.21053,,,0.108696,15.4203,,,0.112721,7.10901,,,0.943639,22.7682,,0.798712,17.9239,,,,0.00265143,4.5003,-1.01156,2093.59,16.9017,3.68278,,0.000130935,1.000133338,76.06272051,,0.954682779,11.77223289,,,
,0.418548,0.857488,,,0.178744,21.5789,,0.328502,2.68421,,,0.113527,15.5625,,,0.125604,7.55837,,,0.953301,22.1626,,0.798712,17.9239,,,,0.0033322,4.50037,-1.0123,2092.92,16.7499,3.84061,,0.000164553,1.000164451,75.38074746,,1.017119839,11.38835573,,,
,0.428226,0.850242,,,0.181159,21.3158,,0.330918,2.73684,,,0.137681,16.2935,,,0.151369,7.93822,,,0.975845,22.2837,,0.808374,18.7716,,,,0.00401297,4.50045,-1.01301,2092.04,16.6522,4.01517,,0.000198171,1.00020001,74.94239349,,1.053373615,11.00447857,,,
,0.435484,0.84058,,,0.193237,21,,0.335749,2.78947,,,0.144928,16.2935,,,0.177134,8.5441,,,0.99839,22.1626,,0.818035,18.045,,,,0.00469374,4.50053,-1.01359,2091.25,16.5372,4.2524,,0.00023179,1.000235569,74.42616472,,1.105740181,10.49264235,,,
,0.447581,0.838164,,,0.202899,21.2632,,0.301932,2.68421,,,0.164251,17.0588,,,0.190016,9.19621,,,1.00483,22.1626,,0.805153,18.045,,,,0.00537451,4.5006,-1.01409,2090.73,16.4016,4.33572,,0.000265408,1.000266684,73.81704096,,1.158106747,9.852847089,,,
,0.425806,0.857488,,,0.214976,21.2105,,0.280193,2.47368,,,0.171498,17.0588,,,0.193237,8.64948,,,1.00805,22.1626,,0.811594,18.1661,,,,0.00605528,4.50068,-1.01459,2090.11,16.3017,4.45486,,0.000299026,1.000302245,73.36873516,,1.210473313,9.46896993,,,
,0.430645,0.855072,,,0.217391,21.3158,,0.338164,2.84211,,,0.205314,17.5351,,,0.222222,9.19621,,,1.02093,22.0415,,0.811594,18.1661,,,,0.00673606,4.50076,-1.01506,2089.4,16.2231,4.65077,,0.000332645,1.000337806,73.01627956,,1.248741188,8.957133717,,,
,0.430645,0.852657,,,0.227053,21.4211,,0.374396,3.10526,,,0.205314,17.5351,,,0.247987,9.7775,,,1.02093,22.0415,,0.8438,18.045,,,,0.0080976,4.50091,-1.01592,2088.23,16.0373,5.01063,,0.000399881,1.000404485,72.18244394,,1.317220544,8.061420345,,,
,0.435484,0.842995,,,0.23913,21.4211,,0.369565,3.26316,,,0.251208,17.86,,,0.26087,10.0202,,,1.02738,22.0415,,0.8438,18.045,,,,0.00945914,4.50107,-1.01667,2087.18,15.87,5.30668,,0.000467118,1.000475612,71.4319809,,1.365558912,7.293666027,,,
,0.437903,0.833333,,,0.23913,21.4211,,0.369565,3.31579,,,0.270531,17.86,,,0.270531,10.1438,,,1.02738,22.0415,,0.879227,17.6817,,,,0.0108207,4.50122,-1.01738,2085.94,15.7457,5.53492,,0.000534356,1.000542296,70.87485975,,1.411883182,6.781829814,,,
,0.437903,0.830918,,,0.258454,21.5789,,0.371981,3.52632,,,0.285024,17.86,,,0.270531,10.1438,,,1.0467,21.7993,,0.882448,17.8028,,,,0.0121822,4.50137,-1.01799,2085.08,15.5782,5.71423,,0.00060159,1.000608982,70.12324213,,1.464249748,6.269993602,,,
,0.437903,0.826087,,,0.258454,21.6842,,0.376812,3.63158,,,0.297101,18.0247,,,0.299517,10.6536,,,1.0467,22.0415,,0.921095,17.4394,,,,0.0135438,4.50153,-1.0185,2084.12,15.4449,5.85292,,0.00066883,1.000680116,69.5256807,,1.516616314,5.502239283,,,
,0.442742,0.816425,,,0.258454,21.9474,,0.376812,3.63158,,,0.311594,17.86,,,0.31562,10.6536,,,1.05636,22.0415,,0.911433,16.4706,,,,0.0147592,4.50166,-1.01922,2083.13,15.3449,5.94229,,0.000728849,1.000737914,69.07752253,,1.560926485,4.734484965,,,
,0.440323,0.830918,,,0.275362,21.4737,,0.374396,4.15789,,,0.31401,17.86,,,0.318841,10.5238,,,1.05636,22.0415,,0.911433,17.0761,,,,0.015853,4.50179,-1.01974,2082.42,15.2352,6.00642,,0.000782864,1.000795714,68.58567101,,1.601208459,4.350607806,,,
,0.442742,0.833333,,,0.2657,21.2632,,0.357488,3.94737,,,0.326087,17.6968,,,0.338164,10.5238,,,1.07246,22.1626,,0.917874,17.5606,,,,0.0169469,4.50191,-1.02028,2081.75,15.1309,6.06181,,0.000836884,1.000849069,68.11795002,,1.647532729,3.454894434,,,
,0.445161,0.833333,,,0.277778,21.5789,,0.352657,3.84211,,,0.335749,17.6968,,,0.344605,10.918,,,1.08213,22.2837,,0.953301,17.0761,,,,0.0180408,4.50204,-1.02072,2081.04,15.0404,6.10661,,0.000890904,1.000906872,67.71248242,,1.689828802,3.071017274,,,
,0.457258,0.833333,,,0.28744,21.6842,,0.355072,3.94737,,,0.342995,18.6989,,,0.354267,10.785,,,1.08857,22.2837,,0.956522,16.955,,,,0.0202285,4.50228,-1.02144,2079.6,14.877,6.17712,,0.000998938,1.00101359,66.98041956,,1.734138973,1.791426743,,,
,0.48629,0.81401,,,0.28744,21.6842,,0.355072,4,,,0.357488,17.0588,,,0.360709,10.6536,,,1.12721,21.5571,,0.959742,17.1972,,,,0.0224163,4.50253,-1.02225,2078.43,14.701,6.22661,,0.001106978,1.001124761,66.19169353,,1.722054381,2.559181062,,,
,0.515323,0.799517,,,0.28744,21.9474,,0.359903,4.10526,,,0.362319,16.7484,,,0.363929,10.6536,,,1.11755,21.6782,,0.962963,17.3183,,,,0.024604,4.50278,-1.0231,2077.13,14.5565,6.25736,,0.001215012,1.001235937,65.54471707,,1.752265861,1.279590531,,,
,0.525,0.794686,,,0.28744,22,,0.359903,4.21053,,,0.362319,16.4437,,,0.37037,10.6536,,,1.13688,20.4671,,0.982287,17.0761,,,,0.0289795,4.50328,-1.02575,2074.88,14.2622,6.28859,,0.001431086,1.001458309,64.22668002,,1.774420947,0.767754319,,,
,0.534677,0.785024,,,0.299517,21.6842,,0.347826,4.52632,,,0.369565,15.5625,,,0.373591,10.5238,,,1.14654,20.2249,,0.988728,16.4706,,,,0.0329174,4.50373,-1.02925,2072.88,14.0267,6.29206,,0.001625551,1.001658465,63.17246959,,1.783484391,0.703774792,,,
,0.558871,0.768116,,,0.299517,21.7895,,0.347826,4.63158,,,0.376812,15.4203,,,0.373591,10.5238,,,1.14976,19.7405,,1.00483,16.955,,,,0.0368554,4.50418,-1.03293,2070.95,13.8096,6.28101,,0.00182002,1.001858641,62.20092413,,1.797583082,0.639795266,,,
,0.575806,0.76087,,,0.304348,21.8947,,0.347826,4.68421,,,0.371981,16.7484,,,0.373591,10.785,,,1.14976,19.7405,,1.00483,16.955,,,,0.0407933,4.50463,-1.03725,2069.15,13.5974,6.25706,,0.002014484,1.002058836,61.25125596,,1.810674723,0.447856686,,,
,0.602419,0.743961,,,0.304348,22,,0.342995,4.73684,,,0.379227,17.86,,,0.376812,10.918,,,1.14976,19.3772,,1.01127,16.955,,,,0.0447313,4.50509,-1.0422,2067.26,13.4104,6.21682,,0.002208953,1.002263502,60.41505894,,1.820745217,0.383877159,,,
,0.609677,0.741546,,,0.306763,22.0526,,0.34058,4.84211,,,0.374396,18.0247,,,0.380032,10.918,,,1.14976,18.8927,,1.03704,16.8339,,,,0.0486692,4.50554,-1.04815,2065.58,13.2184,1.95566,,0.002403417,1.002463738,59.55602994,,1.834843907,0.383877159,,,
,0.63629,0.724638,,,0.318841,22.3158,,0.345411,5,,,0.374396,18.5281,,,0.380032,11.189,,,1.15298,18.045,,1.05314,16.7128,,,,0.0526071,4.506,-1.05574,2063.75,13.05,1.91691,,0.002597881,1.002668444,58.8033,,,,,,
,0.658065,0.714976,,,0.321256,22.3158,,0.381643,5.42105,,,0.376812,19.2211,,,0.386473,11.4667,,,1.16264,17.8028,,1.05636,16.8339,,,,0.0535916,4.50612,-1.05784,2063.34,13.0055,1.90689,,0.002646499,1.00272185,58.60434366,,,,,,
,0.675,0.707729,,,0.326087,22.3158,,0.376812,5.10526,,,0.379227,19.3983,,,0.402576,11.4667,,,1.16264,17.6817,,1.05636,16.8339,,,,0.0555606,4.50635,-1.06237,2062.53,12.9187,1.88956,,0.002743733,1.002824213,58.21618375,,,,,,
,0.679839,0.698068,,,0.333333,22.3158,,0.384058,4.94737,,,0.386473,20.1239,,,0.409018,10.918,,,1.16264,17.3183,,1.06924,16.955,,,,0.0575296,4.50658,-1.06729,2061.68,12.8372,1.87351,,0.002840968,1.002926583,57.85186878,,,,,,
,0.696774,0.695652,,,0.333333,22.1053,,0.391304,4.63158,,,0.39372,18.3587,,,0.41868,10.5238,,,1.16264,16.3495,,1.09823,17.4394,,,,0.0594985,4.50682,-1.07251,2060.8,12.7603,1.85492,,0.002938198,1.003033408,57.50837525,,,,,,
,0.720968,0.676329,,,0.342995,21.8947,,0.391304,4.52632,,,0.398551,16.7484,,,0.425121,10.2689,,,1.16586,16.1073,,1.11755,17.0761,,,,0.0614675,4.50705,-1.07813,2059.9,12.6857,1.84023,,0.003035432,1.003135788,57.17508419,,,,,,
,0.730645,0.671498,,,0.333333,21.3684,,0.400966,3.57895,,,0.403382,15.2794,,,0.431562,9.65838,,,1.16586,15.3806,,1.11755,16.955,,,,0.0634365,4.50729,-1.0843,2059.11,12.6065,1.82321,,0.003132667,1.003242624,56.82115139,,,,,,
,0.745161,0.664251,,,0.316425,21.4211,,0.398551,3.31579,,,0.413043,13.6856,,,0.438003,9.19621,,,1.16586,14.5329,,1.11111,16.7128,,,,0.0654054,4.50752,-1.09114,2058.29,12.5314,1.80799,,0.003229896,1.003345015,56.48553613,,,,,,
,0.762097,0.654589,,,0.338164,22.6316,,0.400966,3.21053,,,0.417874,12.8338,,,0.447665,8.75616,,,1.1723,14.2907,,1.11433,16.7128,,,,0.0693434,4.508,-1.10708,2056.55,12.3916,1.77703,,0.003424365,1.003558716,55.8613328,,,,,,
,0.769355,0.647343,,,0.326087,20.7895,,0.403382,2.94737,,,0.425121,12.3711,,,0.457327,8.44,,,1.16908,13.3218,,1.11433,16.7128,,,,0.0713123,4.50825,-1.11621,2055.72,12.322,1.75896,,0.003521595,1.003670028,55.5506565,,,,,,
,0.78629,0.635266,,,0.342995,21.2632,,0.410628,2.63158,,,0.432367,11.39,,,0.463768,8.33717,,,1.17552,12.7163,,1.12399,15.9862,,,,0.0752503,4.50874,-1.13782,2054.1,12.1848,1.72625,,0.003716064,1.003888217,54.93809515,,,,,,
,0.793548,0.63285,,,0.34058,21.1579,,0.413043,2.36842,,,0.437198,10.879,,,0.479871,7.84151,,,1.17552,12.5952,,1.12399,15.7439,,,,0.0791882,4.50924,-1.16505,2052.38,12.0583,1.69197,,0.003910528,1.004110883,54.37376869,,,,,,
,0.808065,0.623188,,,0.381643,21.5263,,0.413043,2.05263,,,0.442029,10.7796,,,0.499195,7.37531,,,1.18196,12.5952,,1.13688,15.8651,,,,0.0811572,4.5095,-1.18149,2051.56,11.9949,1.67338,,0.004007763,1.004226679,54.09100155,,,,,,
,0.825,0.615942,,,0.388889,21.0526,,0.413043,1.47368,,,0.463768,10.2019,,,0.512077,7.74597,,,1.19163,13.2007,,1.13688,15.8651,,,,0.0846029,4.50996,-1.21574,2050.16,11.8855,1.63665,,0.004177921,1.004431566,53.60312958,,,,,,
,0.832258,0.613527,,,0.391304,20.7895,,0.413043,1.21053,,,0.468599,10.0163,,,0.52496,7.74597,,,1.19485,13.3218,,1.13688,15.8651,,,,0.0878138,4.5104,-1.25786,2048.79,11.7895,1.59905,,0.004336484,1.004627563,53.1753608,,,,,,
,0.856452,0.599034,,,0.388889,20.3158,,0.417874,1.15789,,,0.47343,10.0163,,,0.544283,7.19669,,,1.21095,14.0484,,1.14654,15.0173,,,,0.0905215,4.51078,-1.30579,2047.6,11.7122,1.56226,,0.004470198,1.00479685,52.83115752,,,,,,
,0.86371,0.589372,,,0.384058,20.0526,,0.417874,1.05263,,,0.483092,9.9248,,,0.586151,7.28545,,,1.21417,13.2007,,1.14976,14.7751,,,,0.0936625,4.51125,-1.39246,2046.34,11.6199,1.50687,,0.004625309,1.00500625,52.42027388,,,,,,
,0.885484,0.570048,,,0.359903,19.7368,,0.417874,0.789474,,,0.495169,9.65519,,,0.592593,7.28545,,,1.22383,13.2007,,1.1562,13.9273,,,,0.0972035,4.51183,-1.60078,2044.86,11.5215,1.40017,,0.004800173,1.005264689,51.98304935,,,,,,
,0.897581,0.570048,,,0.350242,19,,0.417874,0.684211,,,0.495169,9.65519,,,0.605475,7.28545,,,1.22383,13.4429,,1.1562,12.8374,,,,0.0996328,4.51233,-2.95021,2046.73,1.13893,1.13811,,0.004920138,1.005487508,5.139228007,,,,,,
,0.902419,0.565217,,,0.350242,18.7895,,0.417874,0.421053,,,0.519324,9.47954,,,0.624799,7.28545,,,1.22705,13.6851,,1.16586,11.9896,,,,0.0997389,4.51236,-2.60632,2175.98,1.17099,1.19318,,0.004925378,1.005500878,5.283928436,,,,,,
,0.924194,0.557971,,,0.355072,18.7895,,0.422705,-0.0526316,,,0.528986,9.39291,,,0.68277,7.19669,,,1.23349,13.9273,,1.16586,11.8685,,,,0.0997437,4.51237,-2.55546,2175.99,1.17219,1.19448,,0.004925615,1.005505334,5.28935499,,,,,,
,0.931452,0.55314,,,0.369565,18.5263,,,,,,0.548309,9.39291,,,0.705314,7.28545,,,1.23349,13.9273,,1.16908,11.5052,,,,0.0997531,4.51237,-2.48062,2175.95,1.17448,1.19682,,0.004926079,1.005505334,5.299688318,,,,,,
,0.93629,0.548309,,,0.384058,18.8947,,,,,,0.589372,9.39291,,,0.714976,7.28545,,,1.24638,13.8062,,1.16908,9.80969,,,,0.0998006,4.51238,-2.5257,2181.38,1.18577,1.20528,,0.004928425,1.005509791,5.350644833,,,,,,
,0.972581,0.528986,,,0.355072,18.0526,,,,,,0.623188,9.30708,,,0.7343,7.28545,,,1.24638,13.564,,1.16908,9.32526,,,,0.0998101,4.51238,-2.58356,2181.33,1.18771,1.2071,,0.004928894,1.005509791,5.35939885,,,,,,
,0.975,0.528986,,,0.364734,16.3684,,,,,,0.644928,9.30708,,,0.772947,7.10901,,,1.25926,13.564,,1.16908,9.32526,,,,0.0999239,4.51242,-3.40165,2169.52,1.20708,1.22791,,0.004934514,1.005527618,5.446851934,,,,,,
,0.991935,0.519324,,,0.381643,17.1053,,,,,,0.661836,9.22203,,,0.772947,7.10901,,,1.28502,13.6851,,1.16908,9.20415,,,,0.0999619,4.51244,-3.59472,2170.31,1.21386,1.23292,,0.00493639,1.005536531,5.477470418,,,,,,
,0.999194,0.514493,,,0.398551,16.5789,,,,,,0.676329,9.30708,,,0.785829,7.10901,,,1.32689,19.7405,,1.1723,8.96194,,,,0.0999786,4.51244,-3.66599,2170.41,1.21662,1.23492,,0.004937215,1.005536531,5.489924753,,,,,,
,1.00645,0.507246,,,0.391304,16.3158,,,,,,0.68599,8.97152,,,0.808374,7.02239,,,1.32367,22.8893,,1.17552,8.71972,,,,0.0999953,4.51245,-3.72897,2170.37,1.21927,1.23681,,0.00493804,1.005540988,5.501894912,,,,,,
,1.02097,0.492754,,,0.396135,15.4737,,,,,,0.717391,9.22203,,,0.847021,7.02239,,,1.32367,24.9481,,1.17874,8.59862,,,,0.100012,4.51246,-3.78588,2170.21,1.22182,1.23863,,0.004938864,1.005545445,5.513413877,,,,,,
,1.03065,0.485507,,,0.36715,15.2632,,,,,,0.748792,9.05425,,,0.89211,7.02239,,,1.32367,25.6747,,1.17552,7.75087,,,,0.100156,4.51252,-4.05988,2167.09,1.2411,1.26125,,0.004945975,1.005572185,5.600488572,,,,,,
,1.0379,0.487923,,,0.369565,16.0526,,,,,,0.770531,8.97152,,,0.89533,6.76883,,,1.30757,26.6436,,1.17552,7.75087,,,,0.100367,4.51262,-4.08115,2176.03,1.26712,1.28673,,0.004956395,1.005616754,5.718031054,,,,,,
,1.05,0.478261,,,0.36715,14.2105,,,,,,0.772947,9.05425,,,0.901771,6.76883,,,1.31079,27.8547,,1.17552,7.02422,,,,0.100416,4.51264,-4.0581,2176.06,1.27203,1.29211,,0.004958815,1.005625668,5.740213459,,,,,,
,1.05968,0.475845,,,0.403382,14.1579,,,,,,0.780193,9.05425,,,0.921095,6.76883,,,1.31401,28.7024,,1.17552,7.02422,,,,0.100464,4.51266,-4.02988,2180.28,1.27785,1.29678,,0.004961185,1.005634582,5.766502581,,,,,,
,1.0621,0.47343,,,0.408213,14.6316,,,,,,0.780193,9.05425,,,0.953301,6.76883,,,1.31401,29.6713,,1.18196,6.78201,,,,0.100737,4.51278,-3.84089,2192.51,1.30419,1.32282,,0.004974667,1.005688066,5.885522548,,,,,,
,1.06935,0.468599,,,0.403382,15.6316,,,,,,0.78744,8.97152,,,0.979066,6.52443,,,1.31079,30.3979,,1.18196,6.6609,,,,0.100781,4.5128,-3.80997,2193.88,1.30799,1.32658,,0.00497684,1.00569698,5.902697272,,,,,,
,1.08387,0.456522,,,0.388889,20.1053,,,,,,0.811594,8.72781,,,1.04026,6.36641,,,1.30435,31.609,,1.18196,6.53979,,,,0.108239,4.51495,-2.01168,2379.05,1.61535,1.63342,,0.005345136,1.006655482,7.293224483,,,,,,
,1.10323,0.454106,,,0.396135,20.3684,,,,,,0.84058,8.64805,,,1.05636,6.36641,,,1.30757,32.2145,,1.18196,5.69204,,,,0.118236,4.51682,-1.46475,2502.38,1.83866,1.89159,,0.005838815,1.007489527,8.304896261,,,,,,
,1.25323,0.362319,,,0.396135,20.5789,,,,,,0.847826,8.41313,,,1.09179,6.28885,,,1.29791,33.4256,,1.18196,5.08651,,,,0.124489,4.51777,-1.2834,2546.22,1.94555,2.02298,,0.006147605,1.007913372,8.789547424,,,,,,
,1.24113,0.371981,,,0.384058,21.3684,,,,,,0.857488,8.56902,,,1.10145,6.28885,,,1.35266,0,,1.18519,5.08651,,,,0.134664,4.51909,-1.08073,2592.57,2.09246,2.2009,,0.006650074,1.008502441,9.456015061,,,,,,
,1.21935,0.384058,,,0.381643,22.4211,,,,,,0.862319,8.26007,,,1.12399,6.13654,,,1.42673,0.242215,,1.19163,5.08651,,,,0.135961,4.51925,-1.05979,2596.4,2.10803,2.22021,,0.006714123,1.008573855,9.526714578,,,,,,
,1.19032,0.403382,,,0.384058,22.5789,,,,,,0.886473,8.56902,,,1.13366,5.98792,,,1.53301,2.54325,,1.19163,5.32872,,,,0.137258,4.5194,-1.03969,2600.54,2.12469,2.23983,,0.006778173,1.008640808,9.602323986,,,,,,
,1.17581,0.405797,,,0.384058,22.8947,,,,,,0.900966,8.18459,,,1.14332,5.91496,,,1.53301,3.75433,,1.19163,6.05536,,,,0.139852,4.51969,-1.002,2608.25,2.15676,2.27843,,0.006906272,1.008770257,9.747886604,,,,,,
,1.15887,0.417874,,,0.384058,23.3158,,,,,,0.908213,8.03569,,,1.14654,5.8429,,,1.49114,4.23875,,1.19163,6.6609,,,,0.141149,4.51983,-0.984164,2611.01,2.17056,2.29619,,0.006970321,1.008832752,9.810562205,,,,,,
,1.14194,0.427536,,,0.384058,23.7895,,,,,,0.92029,8.41313,,,1.1562,5.70139,,,1.4847,4.84429,,1.19163,6.6609,,,,0.142446,4.51997,-0.966947,2614.76,2.18707,2.31573,,0.00703437,1.008895249,9.885490788,,,,,,
,1.12984,0.434783,,,0.403382,16.5263,,,,,,0.937198,8.03569,,,1.1562,5.49552,,,1.48792,5.44983,,1.19807,6.6609,,,,0.143742,4.52011,-0.950283,2618.03,2.20235,2.33334,,0.00709837,1.008957749,9.954864259,,,,,,
,1.12258,0.437198,,,0.396135,16.2105,,,,,,0.942029,7.96226,,,1.15942,5.36243,,,1.54589,20.5882,,1.20129,5.93426,,,,0.145039,4.52025,-0.934138,2620.72,2.21628,2.34938,,0.00716242,1.00902025,10.01813967,,,,,,
,1.1129,0.444444,,,0.396135,15.7895,,,,,,0.963768,7.96226,,,1.16586,5.10583,,,,,,1.20451,5.93426,,,,0.146336,4.52038,-0.918445,2622.87,2.22908,2.36749,,0.007226469,1.009078289,10.07628865,,,,,,
,1.12258,0.432367,,,0.396135,15.5263,,,,,,0.966184,7.96226,,,1.18519,4.92147,,,,,,1.20773,5.93426,,,,0.147633,4.52051,-0.90327,2625.86,2.24433,2.38492,,0.007290519,1.009136329,10.14551621,,,,,,
,1.125,0.432367,,,0.400966,14.8947,,,,,,0.978261,7.74597,,,1.18841,4.74377,,,,,,1.21417,6.6609,,,,0.14893,4.52064,-0.888559,2628.54,2.25873,2.40087,,0.007354568,1.009194371,10.21090519,,,,,,
,1.14435,0.42029,,,0.403382,14.5789,,,,,,1.04348,7.67518,,,1.20129,4.19648,,,,,,1.21739,7.02422,,,,0.150227,4.52077,-0.874273,2630.76,2.27194,2.41556,,0.007418617,1.009252414,10.27091819,,,,,,
,1.14919,0.415459,,,0.408213,12.6842,,,,,,1.04348,7.46669,,,1.20773,4.09485,,,,,,1.23027,7.02422,,,,0.151524,4.52089,-0.860393,2632.57,2.28417,2.43287,,0.007482667,1.009305995,10.32648131,,,,,,
,1.16129,0.410628,,,0.408213,12.4211,,,,,,1.05314,7.53555,,,1.21417,4.09485,,,,,,1.23027,7.02422,,,,0.152332,4.52097,-0.852018,2633.53,2.29149,2.4431,,0.007522568,1.009341716,10.35975755,,,,,,
,1.16613,0.405797,,,0.408213,10.6842,,,,,,1.0628,7.60505,,,1.22383,4.14535,,,,,,1.23994,7.62976,,,,0.153866,4.52111,-0.836341,2636.39,2.30837,2.46115,,0.007598321,1.009404229,10.43639469,,,,,,
,1.19274,0.391304,,,0.408213,10.2632,,,,,,1.09662,7.33085,,,1.22705,4.14535,,,,,,1.23994,7.62976,,,,0.154592,4.52118,-0.829129,2637.57,2.31584,2.46915,,0.007634173,1.009435486,10.47032949,,,,,,
,1.20242,0.386473,,,0.415459,8.47368,,,,,,1.10386,7.33085,,,1.23349,4.14535,,,,,,1.25604,7.75087,,,,0.156046,4.52131,-0.814893,2639.58,2.32986,2.48487,,0.007705975,1.009493537,10.53401932,,,,,,
,1.20968,0.381643,,,0.42029,6.68421,,,,,,1.1087,7.33085,,,1.23994,4.14535,,,,,,1.26892,7.75087,,,,0.157499,4.52144,-0.801046,2641.18,2.34281,2.50281,,0.007777728,1.009551589,10.59287485,,,,,,
,1.21935,0.376812,,,0.417874,6.26316,,,,,,1.12802,7.13171,,,1.24316,4.14535,,,,,,1.26892,7.75087,,,,0.158953,4.52157,-0.787604,2642.6,2.35545,2.51928,,0.007849531,1.009609643,10.65033206,,,,,,
,1.22903,0.374396,,,0.422705,4.78947,,,,,,1.12802,7.13171,,,1.25604,4.09485,,,,,,1.26892,8.11419,,,,0.160406,4.52169,-0.774652,2644.67,2.37017,2.53452,,0.007921284,1.009663232,10.71717399,,,,,,
,1.23629,0.374396,,,0.415459,3.84211,,,,,,1.1401,6.87458,,,1.29791,3.8514,,,,,,1.27858,8.96194,,,,0.16186,4.52182,-0.761941,2646.38,2.38379,2.54869,,0.007993086,1.00972129,10.7790693,,,,,,
,1.25323,0.364734,,,0.422705,2.89474,,,,,,1.14734,6.68783,,,1.28502,3.99567,,,,,,1.2818,8.96194,,,,0.163313,4.52194,-0.749624,2647.76,2.39642,2.56546,,0.00806484,1.009774882,10.83646745,,,,,,
,1.26532,0.355072,,,0.422705,2.52632,,,,,,1.16184,6.21427,,,1.28502,4.80228,,,,,,1.2818,8.59862,,,,0.164767,4.52206,-0.737656,2648.82,2.40819,2.58113,,0.008136642,1.009828476,10.88997967,,,,,,
,1.27742,0.347826,,,0.422705,1.78947,,,,,,1.16184,6.21427,,,1.28502,5.23256,,,,,,1.26892,6.41869,,,,0.167674,4.52229,-0.71459,2651.37,2.43361,2.60936,,0.008280198,1.009931202,11.00549017,,,,,,
,1.2871,0.345411,,,0.425121,1.26316,,,,,,1.16425,5.93548,,,1.28502,6.68636,,,,,,1.2818,6.41869,,,,0.17029,4.52249,-0.694765,2653.44,2.45576,2.63557,,0.008409383,1.010020533,11.10615004,,,,,,
,1.2871,0.345411,,,0.425121,0.631579,,,,,,1.16425,5.8275,,,1.28502,7.28545,,,,,,1.32045,1.45329,,,,0.172906,4.52269,-0.675805,2654.69,2.47551,2.66098,,0.008538568,1.010109868,11.19596432,,,,,,
,1.2871,0.350242,,,0.425121,-0.157895,,,,,,1.16425,5.56606,,,1.28502,8.33717,,,,,,1.33333,0.968858,,,,0.175522,4.52288,-0.657566,2656.26,2.49674,2.68371,,0.008667753,1.01019474,11.29245541,,,,,,
,1.29435,0.364734,,,,,,,,,,1.16908,5.4648,,,1.28502,10.2689,,,,,,1.343,0.363322,,,,0.178139,4.52307,-0.640049,2657.72,2.5175,2.70829,,0.008796988,1.010279616,11.38682873,,,,,,
,1.28952,0.381643,,,,,,,,,,1.1715,5.31635,,,1.28502,12.3418,,,,,,1.34944,0,,,,0.180755,4.52326,-0.62319,2658.54,2.53615,2.73164,,0.008926173,1.010364495,11.47166585,,,,,,
,1.29435,0.386473,,,,,,,,,,1.1715,5.26777,,,1.28502,14.474,,,,,,1.40419,-0.121107,,,,0.183371,4.52343,-0.606995,2659.1,2.55429,2.75276,,0.009055358,1.010440443,11.55415201,,,,,,
,1.29435,0.39372,,,,,,,,,,1.17633,5.03144,,,1.28502,15.3889,,,,,,1.40741,0,,,,0.185987,4.52361,-0.591324,2660.17,2.57436,2.77472,,0.009184543,1.010520861,11.64540064,,,,,,
,1.30161,0.386473,,,,,,,,,,1.18599,4.76179,,,1.2818,17.3959,,,,,,1.42995,0,,,,0.188604,4.52378,-0.576246,2660.73,2.59257,2.79687,,0.009313778,1.010596814,11.72821631,,,,,,
,1.30161,0.379227,,,,,,,,,,1.18841,4.76179,,,1.30113,20.4012,,,,,,1.43639,0,,,,0.19122,4.52394,-0.56167,2660.8,2.60921,2.81707,,0.009442963,1.010668302,11.80390949,,,,,,
,1.30645,0.364734,,,,,,,,,,1.19807,4.71828,,,1.29469,21.1655,,,,,,1.43961,0,,,,0.193836,4.5241,-0.547636,2660.95,2.6264,2.83563,,0.009572148,1.010739793,11.88209624,,,,,,
,1.30645,0.359903,,,,,,,,,,1.19807,4.71828,,,1.29147,22.7809,,,,,,1.45572,0,,,,0.196452,4.52426,-0.534033,2661.38,2.64459,2.8569,,0.009701333,1.010811286,11.96481275,,,,,,
,1.30887,0.352657,,,,,,,,,,1.21014,4.71828,,,1.29147,23.9258,,,,,,1.4686,0.121107,,,,0.199068,4.52441,-0.520913,2661.4,2.66127,2.87665,,0.009830519,1.010878313,12.0406766,,,,,,
,1.31613,0.335749,,,,,,,,,,1.22464,4.71828,,,1.29147,25.1282,,,,,,1.4686,0.121107,,,,0.201685,4.52456,-0.508308,2661.05,2.67668,2.89487,,0.009959753,1.010945343,12.11079926,,,,,,
,1.32097,0.323671,,,,,,,,,,1.24155,4.67516,,,1.29147,26.391,,,,,,1.49436,0.121107,,,,0.204301,4.5247,-0.495999,2660.5,2.69154,2.91177,,0.010088938,1.011007906,12.17841104,,,,,,
,1.32339,0.316425,,,,,,,,,,1.25121,4.54817,,,1.32045,26.391,,,,,,1.50081,0.121107,,,,0.206917,4.52484,-0.483991,2660.53,2.70864,2.93107,,0.010218123,1.01107047,12.25616262,,,,,,
,1.32581,0.31401,,,,,,,,,,1.25604,4.54817,,,1.32367,24.5196,,,,,,1.50081,0.121107,,,,0.209533,4.52498,-0.472478,2660.24,2.72446,2.94934,,0.010347309,1.011133037,12.32812701,,,,,,
,1.3379,0.306763,,,,,,,,,,1.26812,4.54817,,,1.32367,23.3463,,,,,,1.51369,0,,,,0.21215,4.52512,-0.461222,2659.66,2.73917,2.96631,,0.010476543,1.011195606,12.39507295,,,,,,
,1.3379,0.306763,,,,,,,,,,1.27053,4.63244,,,1.33977,20.1527,,,,,,1.52979,0,,,,0.214766,4.52525,-0.450288,2658.78,2.7529,2.98214,,0.010605728,1.011253707,12.45756073,,,,,,
,1.34274,0.304348,,,,,,,,,,1.27295,4.63244,,,1.33977,19.1883,,,,,,1.53623,0,,,,0.217382,4.52538,-0.439663,2657.94,2.7669,2.99817,,0.010734914,1.01131181,12.52127392,,,,,,
,1.36694,0.282609,,,,,,,,,,1.27536,4.71828,,,1.34622,17.6105,,,,,,1.55233,0,,,,0.222615,4.52563,-0.419264,2656.77,2.79677,3.03184,,0.010993333,1.01142355,12.65714622,,,,,,
,1.37177,0.282609,,,,,,,,,,1.27778,4.98546,,,1.33977,16.1623,,,,,,1.55878,0,,,,0.227847,4.52586,-0.39996,2654.66,2.82303,3.06142,,0.011251704,1.011526358,12.77663856,,,,,,
,1.38145,0.275362,,,,,,,,,,1.27778,5.41486,,,1.35266,14.6526,,,,,,1.5781,0.242215,,,,0.23308,4.52609,-0.381703,2652.42,2.84914,3.09134,,0.011510123,1.01162917,12.89546406,,,,,,
,1.39597,0.272947,,,,,,,,,,1.27536,6.21427,,,1.35588,15.3889,,,,,,1.48148,2.05882,,,,0.238312,4.52631,-0.364376,2650.33,2.87561,3.1205,,0.011768494,1.011727517,13.0159023,,,,,,
,1.40323,0.2657,,,,,,,,,,1.27536,6.81176,,,1.36554,15.3889,,,,,,1.49758,3.2699,,,,0.243545,4.52651,-0.347942,2647.54,2.8992,3.14653,,0.012026914,1.011816927,13.12325779,,,,,,
,1.41048,0.26087,,,,,,,,,,1.27536,7.06654,,,1.37198,15.3889,,,,,,,,,,,0.248777,4.52671,-0.332237,2644.6,2.92246,3.17338,,0.012285284,1.011906342,13.22912891,,,,,,
,1.425,0.248792,,,,,,,,,,1.27778,8.33625,,,1.37198,15.0162,,,,,,,,,,,0.254009,4.5269,-0.317235,2641.99,2.94691,3.19974,,0.012543654,1.011991289,13.34036688,,,,,,
,1.42742,0.241546,,,,,,,,,,1.27536,9.30708,,,1.38164,14.1235,,,,,,,,,,,0.259242,4.52707,-0.302907,2638.82,2.96902,3.22357,,0.012802074,1.012067298,13.44096137,,,,,,
,1.44919,0.236715,,,,,,,,,,1.28261,9.65519,,,1.3913,13.7814,,,,,,,,,,,0.264474,4.52725,-0.289207,2635.12,2.98922,3.24617,,0.013060444,1.012147781,13.53294625,,,,,,
,1.45887,0.224638,,,,,,,,,,1.29227,11.0806,,,1.41707,12.3418,,,,,,,,,,,0.269707,4.52741,-0.276101,2632.06,3.01182,3.27096,,0.013318864,1.012219324,13.63574399,,,,,,
,1.46371,0.222222,,,,,,,,,,1.29227,11.2859,,,1.43317,12.1915,,,,,,,,,,,0.274939,4.52757,-0.263565,2628.74,3.03313,3.29352,,0.013577235,1.012290869,13.73270839,,,,,,
,1.46613,0.222222,,,,,,,,,,1.29227,11.7081,,,1.43639,12.1915,,,,,,,,,,,0.280172,4.52771,-0.251454,2624.99,3.05273,3.31419,,0.013835654,1.012353474,13.82187615,,,,,,
,1.46855,0.214976,,,,,,,,,,1.28502,12.7165,,,1.44283,12.1915,,,,,,,,,,,0.285404,4.52786,-0.239885,2620.84,3.07087,3.3342,,0.014094025,1.012420552,13.90446944,,,,,,
,1.47823,0.210145,,,,,,,,,,1.28502,14.7285,,,1.44605,12.0429,,,,,,,,,,,0.290637,4.52799,-0.228885,2617.35,3.09139,3.35621,,0.014352444,1.012478688,13.99778301,,,,,,
,1.48548,0.198068,,,,,,,,,,1.28744,16.4437,,,1.44928,11.8962,,,,,,,,,,,0.295869,4.52812,-0.218202,2613.67,3.11084,3.37644,,0.014610815,1.012536826,14.08625682,,,,,,
,1.49274,0.195652,,,,,,,,,,1.28986,18.8714,,,1.46538,11.6081,,,,,,,,,,,0.301102,4.52824,-0.207924,2609.66,3.12891,3.39515,,0.014869235,1.012590494,14.16845542,,,,,,
,1.5,0.190821,,,,,,,,,,1.29227,19.94,,,1.47182,11.4667,,,,,,,,,,,0.306334,4.52836,-0.198042,2605.33,3.14579,3.41256,,0.015127605,1.012644162,14.2452696,,,,,,
,1.5,0.188406,,,,,,,,,,1.28261,22.6747,,,1.48792,10.5238,,,,,,,,,,,0.311043,4.52846,-0.189449,2601.45,3.16109,3.42917,,0.015360148,1.012688887,14.31486962,,,,,,
,1.50968,0.183575,,,,,,,,,,1.28502,23.7397,,,1.48148,10.918,,,,,,,,,,,0.315282,4.52855,-0.181965,2598.4,3.17621,3.44474,,0.015569481,1.012729141,14.3836258,,,,,,
,1.53145,0.166667,,,,,,,,,,1.28744,25.084,,,1.4847,11.0526,,,,,,,,,,,0.323758,4.52871,-0.167646,2591.8,3.20406,3.47323,,0.015988049,1.012800704,14.51025856,,,,,,
,1.53145,0.161836,,,,,,,,,,1.28744,26.5044,,,1.48792,11.0526,,,,,,,,,,,0.332235,4.52886,-0.154068,2584.54,3.22931,3.49881,,0.016406667,1.012867798,14.62509289,,,,,,
,1.53145,0.161836,,,,,,,,,,1.28744,28.2635,,,1.49436,11.0526,,,,,,,,,,,0.340712,4.529,-0.141171,2577.47,3.25497,3.52452,,0.016825284,1.01293042,14.74175913,,,,,,
,1.54355,0.15942,,,,,,,,,,1.28744,29.864,,,1.50081,11.4667,,,,,,,,,,,0.349188,4.52913,-0.128948,2570.71,3.28087,3.55082,,0.017243852,1.012988571,14.85948674,,,,,,
,1.56532,0.140097,,,,,,,,,,1.28744,30.4174,,,1.50081,11.327,,,,,,,,,,,0.357665,4.52924,-0.117424,2563.45,3.30455,3.57461,,0.017662469,1.013037777,14.96710004,,,,,,
,1.5871,0.130435,,,,,,,,,,1.28744,35.2299,,,1.50081,11.0526,,,,,,,,,,,0.366141,4.52935,-0.106422,2555.69,3.32651,3.59631,,0.018081037,1.013086984,15.06692807,,,,,,
,1.5871,0.130435,,,,,,,,,,1.28744,35.2299,,,1.51691,10.6536,,,,,,,,,,,0.37038,4.5294,-0.101114,2552.21,3.33857,3.60648,,0.01829037,1.013109351,15.12171896,,,,,,
,1.59435,0.120773,,,,,,,,,,1.28502,36.8847,,,1.51691,10.3955,,,,,,,,,,,0.380608,4.5295,-0.0888173,2543.87,3.36699,3.63515,,0.018795457,1.013154086,15.25078121,,,,,,
,1.61129,0.108696,,,,,,,,,,1.28502,38.9733,,,1.52335,10.0202,,,,,,,,,,,0.389593,4.52959,-0.0785432,2536.08,3.38987,3.65801,,0.01923916,1.013194349,15.35472125,,,,,,
,1.63065,0.0966184,,,,,,,,,,1.28502,40.4311,,,1.52979,9.8981,,,,,,,,,,,0.404568,4.5297,-0.0624945,2522.56,3.42583,3.69191,,0.019978667,1.01324356,15.51798215,,,,,,
,1.64274,0.089372,,,,,,,,,,1.28261,43.5121,,,1.52979,9.8981,,,,,,,,,,,0.416548,4.52978,-0.0505151,2512.73,3.45595,3.71907,,0.020570272,1.013279351,15.65469319,,,,,,
,1.67177,0.0821256,,,,,,,,,,1.28261,45.976,,,1.54589,10.6536,,,,,,,,,,,0.428528,4.52984,-0.0391992,2502.28,3.48336,3.74654,,0.021161877,1.013306194,15.77906346,,,,,,
,1.67419,0.0748792,,,,,,,,,,1.28261,51.3303,,,1.54589,10.6536,,,,,,,,,,,0.445112,4.52989,-0.0245309,2487.34,3.51928,3.77999,,0.02198084,1.013328564,15.94195128,,,,,,
,1.68629,0.0676329,,,,,,,,,,1.28261,55.242,,,1.55233,10.6536,,,,,,,,,,,0.461696,4.52993,-0.010944,2473.62,3.55603,3.8105,,0.022799802,1.01334646,16.10856698,,,,,,
,1.69839,0.057971,,,,,,,,,,1.29469,62.8182,,,1.55878,10.1438,,,,,,,,,,,0.491548,4.52993,0.0112806,2447.19,3.61502,3.86727,,0.024273975,1.01334646,16.37578755,,,,,,
,1.73226,0.0507246,,,,,,,,,,1.29952,56.7845,,,1.5781,8.5441,,,,,,,,,,,0.521399,4.52986,0.0310139,2422.26,3.67199,3.91405,,0.025748099,1.013315142,16.63360062,,,,,,
,1.73952,0.0458937,,,,,,,,,,1.29952,56.2656,,,1.59742,7.55837,,,,,,,,,,,0.551251,4.52972,0.0487158,2396.66,3.72432,3.96272,,0.027222272,1.013252508,16.87012679,,,,,,
,1.74435,0.0410628,,,,,,,,,,1.30193,54.7372,,,1.62319,6.85232,,,,,,,,,,,0.578966,4.52955,0.0635973,2373.84,3.77033,3.99975,,0.028590914,1.013176454,17.07789825,,,,,,
,1.75161,0.0362319,,,,,,,,,,1.30435,52.7637,,,1.62963,6.21222,,,,,,,,,,,0.604544,4.52935,0.0762412,2351.86,3.80972,4.03458,,0.029854025,1.013086984,17.25555528,,,,,,
,1.76129,0.031401,,,,,,,,,,1.30676,49.0275,,,1.63607,5.91496,,,,,,,,,,,0.642911,4.52899,0.0934504,2321.75,3.86689,4.08354,,0.031748691,1.012925947,17.51310614,,,,,,
,1.78065,0.0241546,,,,,,,,,,1.30676,45.976,,,1.63929,5.77171,,,,,,,,,,,0.673893,4.52865,0.106095,2295.98,3.90881,4.11621,,0.033278667,1.012773868,17.70163241,,,,,,
,1.78065,0.0241546,,,,,,,,,,1.30918,44.3184,,,1.65217,5.1688,,,,,,,,,,,0.710277,4.5282,0.11971,2269.02,3.95693,4.15972,,0.035075407,1.012572604,17.91777043,,,,,,
,1.78548,0.0193237,,,,,,,,,,1.31643,41.9433,,,1.65862,5.04362,,,,,,,,,,,0.761176,4.52748,0.13683,2229.61,4.01802,4.21097,,0.037588938,1.012250625,18.19150519,,,,,,
,1.79516,0.0193237,,,,,,,,,,1.31643,41.1802,,,1.6715,4.68597,,,,,,,,,,,0.828612,4.52638,0.156699,2182.42,4.09261,4.27864,,0.040919111,1.01175881,18.52470805,,,,,,
,1.8,0.0169082,,,,,,,,,,1.31643,39.6955,,,1.68116,4.35368,,,,,,,,,,,0.869073,4.52566,0.167357,2154.36,4.13497,4.31515,,0.042917185,1.01143696,18.71346833,,,,,,
,1.80484,0.0120773,,,,,,,,,,1.31884,37.5682,,,1.69404,4.30064,,,,,,,,,,,0.966003,4.52374,0.189936,2093.14,4.22692,4.40238,,0.047703852,1.010578943,19.12148708,,,,,,
,1.8121,0.0120773,,,,,,,,,,1.31884,35.8827,,,1.70048,4.14535,,,,,,,,,,,0.986376,4.52331,0.194234,2081.13,4.24586,4.41933,,0.048709926,1.010386832,19.205341,,,,,,
,1.81935,0.0120773,,,,,,,,,,1.31884,34.2729,,,1.71659,4.04496,,,,,,,,,,,1.08824,4.52101,0.2138,2024.99,4.33108,4.50286,,0.053740247,1.009359576,19.58085599,,,,,,
,1.82419,0.0120773,,,,,,,,,,1.31884,33.3419,,,1.73913,3.75812,,,,,,,,,,,1.11371,4.5204,0.218255,2010.99,4.35285,4.52398,,0.054998025,1.009087218,19.67662314,,,,,,
,1.83145,0.0120773,,,,,,,,,,1.31884,32.4362,,,1.74235,3.71234,,,,,,,,,,,1.24307,4.51713,0.23864,1949.73,4.44864,4.62122,,0.061386173,1.007627824,20.0950852,,,,,,
,1.85081,0.0120773,,,,,,,,,,1.31884,30.981,,,1.76167,3.40707,,,,,,,,,,,1.27974,4.51615,0.243859,1932.99,4.47689,4.64962,,0.063197037,1.007190658,20.21830677,,,,,,
,1.85081,0.0120773,,,,,,,,,,1.32609,26.9955,,,1.78744,3.0888,,,,,,,,,,,1.41262,4.51243,0.260913,1879.67,4.56166,4.73994,,0.069759012,1.005532074,20.58417143,,,,,,
,1.85565,0.00966184,,,,,,,,,,1.32609,24.1796,,,1.79066,3.0888,,,,,,,,,,,1.42716,4.51201,0.262635,1873.83,4.57197,4.75145,,0.070477037,1.005344901,20.62877436,,,,,,
,,,,,,,,,,,,1.33092,22.2622,,,1.80032,3.0888,,,,,,,,,,,1.45623,4.51116,0.266003,1862.23,4.59355,4.77257,,0.071912593,1.00496615,20.72223902,,,,,,
,,,,,,,,,,,,1.33092,22.0587,,,1.80998,2.941,,,,,,,,,,,1.60292,4.5067,0.281536,1812.78,4.6761,4.86219,,0.079156543,1.002979995,21.07377987,,,,,,
,,,,,,,,,,,,1.33092,21.0691,,,1.8132,2.941,,,,,,,,,,,1.68425,4.50412,0.289204,1786.13,4.72553,4.91867,,0.08317284,1.001831949,21.28435418,,,,,,
,,,,,,,,,,,,1.34058,20.3095,,,1.82287,2.941,,,,,,,,,,,1.86657,4.49811,0.304279,1734.8,4.82347,5.02502,,0.092176296,0.999160176,21.69649864,,,,,,
,,,,,,,,,,,,1.34058,20.1239,,,1.83575,2.73245,,,,,,,,,,,1.92172,4.49623,0.308359,1719.53,4.85491,5.05808,,0.094899753,0.998325146,21.82879199,,,,,,
,,,,,,,,,,,,1.34058,19.0454,,,1.87118,2.6017,,,,,,,,,,,1.97686,4.49432,0.312261,1707.01,4.88483,5.08559,,0.097622716,0.997477149,21.95398917,,,,,,
,,,,,,,,,,,,1.34541,20.4968,,,1.87118,2.57,,,,,,,,,,,2.00444,4.49336,0.31414,1700.61,4.89917,5.0972,,0.098984691,0.997051066,22.01373451,,,,,,
,,,,,,,,,,,,1.34541,20.4968,,,1.87118,2.44702,,,,,,,,,,,2.02725,4.49256,0.315664,1695.34,4.91085,5.1063,,0.100111111,0.996696067,22.06228828,,,,,,
,,,,,,,,,,,,1.35024,22.2622,,,1.88084,2.35867,,,,,,,,,,,2.09571,4.49014,0.320075,1679.42,4.94352,5.14706,,0.103491852,0.995622579,22.19709689,,,,,,
,,,,,,,,,,,,1.35024,22.4675,,,1.88406,2.11228,,,,,,,,,,,2.18698,4.48686,0.325615,1658.63,4.99722,5.20181,,0.107999012,0.994168526,22.42182653,,,,,,
,,,,,,,,,,,,1.36473,23.9587,,,1.90016,2.11228,,,,,,,,,,,2.19268,4.48665,0.325945,1657.54,5.00085,5.2046,,0.108280494,0.994075468,22.43706365,,,,,,
,,,,,,,,,,,,1.35749,23.5228,,,1.91948,1.9867,,,,,,,,,,,2.20409,4.48624,0.326613,1655.49,5.00684,5.20981,,0.108843951,0.993893794,22.46188588,,,,,,
,,,,,,,,,,,,1.36232,22.4675,,,1.93237,1.91497,,,,,,,,,,,2.2155,4.48582,0.327283,1653.38,5.01354,5.21487,,0.109407407,0.993707707,22.489838,,,,,,
,,,,,,,,,,,,1.36232,21.4595,,,1.94525,1.84582,,,,,,,,,,,2.22691,4.4854,0.327924,1651.4,5.01801,5.21975,,0.109970864,0.993521638,22.50778205,,,,,,
,,,,,,,,,,,,1.36232,21.2634,,,1.94847,1.82334,,,,,,,,,,,2.23832,4.48499,0.328588,1649.33,5.02348,5.22445,,0.110534321,0.993340015,22.53025757,,,,,,
,,,,,,,,,,,,1.36957,20.8766,,,1.95813,1.77918,,,,,,,,,,,2.24972,4.48457,0.329221,1647.31,5.02814,5.22896,,0.111097284,0.99315398,22.5490458,,,,,,
,,,,,,,,,,,,1.37198,20.3095,,,1.98068,1.65301,,,,,,,,,,,2.29536,4.48289,0.331767,1638.96,5.04752,5.24586,,0.113351111,0.992410012,22.62747693,,,,,,
,,,,,,,,,,,,1.38164,19.5772,,,1.9839,1.63287,,,,,,,,,,,2.341,4.48119,0.334223,1630.2,5.06754,5.26168,,0.115604938,0.991657472,22.70860957,,,,,,
,,,,,,,,,,,,1.38647,18.8714,,,1.99678,1.61298,,,,,,,,,,,2.38663,4.47948,0.336674,1620.93,5.09158,5.29761,,0.117858272,0.990900794,22.80763078,,,,,,
,,,,,,,,,,,,1.38889,18.3587,,,,,,,,,,,,,,,2.46979,4.47634,0.340994,1606.53,5.14212,5.34451,,0.121964938,0.989512089,23.01787744,,,,,,
,,,,,,,,,,,,1.40338,17.86,,,,,,,,,,,,,,,2.54484,4.47346,0.344808,1596.29,5.17219,5.37502,,0.125671111,0.988239228,23.13758508,,,,,,
,,,,,,,,,,,,1.41063,17.0588,,,,,,,,,,,,,,,2.58237,4.47201,0.346677,1590.74,5.1861,5.38809,,0.127524444,0.987598688,23.19229106,,,,,,
,,,,,,,,,,,,1.41063,17.0588,,,,,,,,,,,,,,,2.59175,4.47165,0.347147,1589.4,5.1903,5.39091,,0.127987654,0.98743969,23.209205,,,,,,
,,,,,,,,,,,,1.41546,16.9029,,,,,,,,,,,,,,,2.61051,4.47092,0.34808,1586.44,5.19806,5.3972,,0.128914074,0.987117316,23.24011042,,,,,,
,,,,,,,,,,,,1.42029,16.5954,,,,,,,,,,,,,,,2.66117,4.46894,0.350575,1577.89,5.22266,5.42213,,0.131415802,0.986243196,23.33975418,,,,,,
,,,,,,,,,,,,1.42995,16.1446,,,,,,,,,,,,,,,2.69495,4.46761,0.352217,1572.03,5.24426,5.44734,,0.133083951,0.985656252,23.42930842,,,,,,
,,,,,,,,,,,,1.42995,16.2935,,,,,,,,,,,,,,,2.72872,4.46627,0.353857,1566.67,5.26877,5.46784,,0.134751605,0.985065072,23.53174939,,,,,,
,,,,,,,,,,,,1.43237,16.7484,,,,,,,,,,,,,,,2.74561,4.4656,0.354684,1565.13,5.27531,5.47654,,0.135585679,0.984769549,23.55742434,,,,,,
,,,,,,,,,,,,1.43478,16.9029,,,,,,,,,,,,,,,2.76249,4.46493,0.355484,1563.39,5.2836,5.48515,,0.136419259,0.984474069,23.59090415,,,,,,
,,,,,,,,,,,,1.43478,16.9029,,,,,,,,,,,,,,,2.77686,4.46436,0.356176,1562.03,5.28859,5.49156,,0.137128889,0.984222726,23.61016965,,,,,,
,,,,,,,,,,,,1.44203,16.9029,,,,,,,,,,,,,,,2.78978,4.46384,0.356789,1560.63,5.29442,5.49735,,0.137766914,0.983993459,23.63344377,,,,,,
,,,,,,,,,,,,1.44203,16.9029,,,,,,,,,,,,,,,2.80271,4.46333,0.357411,1559.36,5.29826,5.50216,,0.138405432,0.983768627,23.64788281,,,,,,
,,,,,,,,,,,,1.44444,16.7484,,,,,,,,,,,,,,,2.81435,4.46286,0.357957,1558.07,5.30305,5.50684,,0.138980247,0.983561451,23.66676972,,,,,,
,,,,,,,,,,,,1.45411,15.1397,,,,,,,,,,,,,,,2.82482,4.46244,0.35847,1557.03,5.30542,5.51083,,0.139497284,0.983376334,23.67511842,,,,,,
,,,,,,,,,,,,1.45894,14.7285,,,,,,,,,,,,,,,2.83529,4.46202,0.358958,1555.86,5.30953,5.51488,,0.140014321,0.983191234,23.69122905,,,,,,
,,,,,,,,,,,,1.45894,14.4605,,,,,,,,,,,,,,,2.89749,4.4595,0.361925,1548.41,5.33089,5.53592,,0.143085926,0.982081,23.77310396,,,,,,
,,,,,,,,,,,,1.46135,14.1974,,,,,,,,,,,,,,,2.91446,4.45881,0.362714,1546.15,5.33723,5.54132,,0.143923951,0.981777117,23.7976945,,,,,,
,,,,,,,,,,,,1.46618,13.8118,,,,,,,,,,,,,,,2.94838,4.45743,0.36425,1541.1,5.35198,5.55204,,0.145599012,0.981169492,23.85607621,,,,,,
,,,,,,,,,,,,1.4686,13.8118,,,,,,,,,,,,,,,2.98231,4.45604,0.365749,1535.48,5.37165,5.56629,,0.147274568,0.980557653,23.93628727,,,,,,
,,,,,,,,,,,,1.47343,13.8118,,,,,,,,,,,,,,,3.00206,4.45523,0.366715,1533.03,5.38196,5.58133,,0.148249877,0.980201203,23.97786965,,,,,,
,,,,,,,,,,,,1.47343,14.0677,,,,,,,,,,,,,,,3.01984,4.4545,0.367507,1530.5,5.39359,5.5942,,0.149127901,0.979880012,24.02574666,,,,,,
,,,,,,,,,,,,1.48068,14.3284,,,,,,,,,,,,,,,3.03584,4.45384,0.368237,1528.29,5.40482,5.6045,,0.149918025,0.979589666,24.07220351,,,,,,
,,,,,,,,,,,,1.48068,14.5939,,,,,,,,,,,,,,,3.05184,4.45317,0.368945,1526.26,5.41613,5.61383,,0.150708148,0.979294965,24.11894763,,,,,,
,,,,,,,,,,,,1.48068,14.7285,,,,,,,,,,,,,,,3.11584,4.45051,0.371772,1521.23,5.43979,5.64465,,0.153868642,0.978125396,24.20983979,,,,,,
,,,,,,,,,,,,1.48068,15.0014,,,,,,,,,,,,,,,3.14784,4.44917,0.373156,1518.49,5.44974,5.65737,,0.155448889,0.977536478,24.24681972,,,,,,
,,,,,,,,,,,,1.48551,15.706,,,,,,,,,,,,,,,3.17983,4.44783,0.374543,1515.51,5.45942,5.66893,,0.157028642,0.976947739,24.28257206,,,,,,
,,,,,,,,,,,,1.48551,16.2935,,,,,,,,,,,,,,,3.21183,4.44648,0.375908,1512.25,5.46897,5.67959,,0.158608889,0.976354785,24.31766573,,,,,,
,,,,,,,,,,,,1.48551,16.9029,,,,,,,,,,,,,,,3.24383,4.44512,0.37727,1508.59,5.47934,5.68968,,0.160189136,0.97575762,24.35632382,,,,,,
,,,,,,,,,,,,1.48792,16.4437,,,,,,,,,,,,,,,3.27583,4.44376,0.378618,1504.42,5.4915,5.69938,,0.161769383,0.975160639,24.40290804,,,,,,
,,,,,,,,,,,,1.49034,15.5625,,,,,,,,,,,,,,,3.30783,4.4424,0.379943,1499.85,5.50655,5.70884,,0.16334963,0.97456384,24.46229772,,,,,,
,,,,,,,,,,,,1.5,14.4605,,,,,,,,,,,,,,,3.33983,4.44103,0.38127,1495.64,5.52391,5.71828,,0.164929877,0.973962838,24.53185003,,,,,,
,,,,,,,,,,,,1.50242,14.1974,,,,,,,,,,,,,,,3.37183,4.43965,0.382577,1491.73,5.54372,5.74284,,0.166510123,0.973357636,24.6121765,,,,,,
,,,,,,,,,,,,1.50725,13.4366,,,,,,,,,,,,,,,3.40063,4.43841,0.383731,1488.45,5.56346,5.76128,,0.167932346,0.972813992,24.6929165,,,,,,
,,,,,,,,,,,,1.50966,13.4366,,,,,,,,,,,,,,,3.42943,4.43716,0.384867,1486.35,5.57627,5.77688,,0.169354568,0.972266117,24.74280219,,,,,,
,,,,,,,,,,,,1.50966,13.1921,,,,,,,,,,,,,,,3.48702,4.43465,0.387102,1482.58,5.59398,5.80301,,0.172198519,0.97116645,24.80734341,,,,,,
,,,,,,,,,,,,1.51691,12.258,,,,,,,,,,,,,,,3.51582,4.43339,0.388213,1480.48,5.60177,5.81408,,0.173620741,0.970614661,24.8348311,,,,,,
,,,,,,,,,,,,1.51932,11.925,,,,,,,,,,,,,,,3.54462,4.43213,0.38932,1478.19,5.60916,5.82432,,0.175042963,0.970063029,24.86052631,,,,,,
,,,,,,,,,,,,1.52415,11.7081,,,,,,,,,,,,,,,3.57342,4.43087,0.390418,1475.59,5.6172,5.83391,,0.176465185,0.969511553,24.88908296,,,,,,
,,,,,,,,,,,,1.52415,11.7081,,,,,,,,,,,,,,,3.60222,4.42959,0.391512,1472.68,5.62543,5.84304,,0.177887407,0.968951485,24.91834847,,,,,,
,,,,,,,,,,,,1.5314,12.146,,,,,,,,,,,,,,,3.63102,4.42832,0.392602,1469.25,5.63527,5.85194,,0.17930963,0.968395952,24.95477885,,,,,,
,,,,,,,,,,,,1.5314,12.8338,,,,,,,,,,,,,,,3.65982,4.42704,0.39367,1465.14,5.64704,5.86075,,0.180731852,0.967836206,24.99967196,,,,,,
,,,,,,,,,,,,1.52899,13.4366,,,,,,,,,,,,,,,3.68862,4.42576,0.394733,1460.21,5.66486,5.86948,,0.182154074,0.967276621,25.07131079,,,,,,
,,,,,,,,,,,,1.52899,13.8118,,,,,,,,,,,,,,,3.68939,4.42572,0.394758,1461.07,5.66306,5.86793,,0.182192099,0.967259137,25.0631179,,,,,,
,,,,,,,,,,,,1.52899,14.1974,,,,,,,,,,,,,,,3.69018,4.42569,0.394796,1461.5,5.66211,5.86768,,0.182231111,0.967246024,25.05874361,,,,,,
,,,,,,,,,,,,1.52899,14.7285,,,,,,,,,,,,,,,3.69096,4.42565,0.394831,1461.68,5.66167,5.86781,,0.18226963,0.967228539,25.05656984,,,,,,
,,,,,,,,,,,,1.52899,14.8643,,,,,,,,,,,,,,,3.69175,4.42562,0.394866,1461.71,5.66155,5.86807,,0.182308642,0.967215426,25.05586891,,,,,,
,,,,,,,,,,,,1.53382,15.4203,,,,,,,,,,,,,,,3.69253,4.42558,0.394898,1461.66,5.66165,5.86838,,0.18234716,0.967197943,25.05608501,,,,,,
,,,,,,,,,,,,1.53382,15.706,,,,,,,,,,,,,,,3.6941,4.42551,0.394957,1461.47,5.66222,5.86898,,0.182424691,0.967167346,25.05821123,,,,,,
,,,,,,,,,,,,1.53623,15.706,,,,,,,,,,,,,,,3.69567,4.42544,0.395019,1461.25,5.66295,5.86953,,0.182502222,0.96713675,25.06104545,,,,,,
,,,,,,,,,,,,1.53623,15.8509,,,,,,,,,,,,,,,3.70821,4.42488,0.39548,1459.62,5.66958,5.87322,,0.183121481,0.966892001,25.08721115,,,,,,
,,,,,,,,,,,,1.54589,14.4605,,,,,,,,,,,,,,,3.72702,4.42404,0.396158,1457.46,5.67991,5.87859,,0.18405037,0.966524934,25.12814904,,,,,,
,,,,,,,,,,,,1.55072,13.8118,,,,,,,,,,,,,,,3.73956,4.42348,0.396602,1456.12,5.68705,5.88283,,0.18466963,0.966280262,25.15655193,,,,,,
,,,,,,,,,,,,1.55797,12.6003,,,,,,,,,,,,,,,3.77718,4.42179,0.397942,1452.4,5.70988,5.91015,,0.186527407,0.965542064,25.24789029,,,,,,
,,,,,,,,,,,,1.55797,11.6011,,,,,,,,,,,,,,,3.82735,4.41953,0.399671,1448.75,5.73441,5.93844,,0.189004938,0.964555329,25.34339703,,,,,,
,,,,,,,,,,,,1.56763,10.9794,,,,,,,,,,,,,,,3.85243,4.41839,0.400555,1447.38,5.74171,5.9504,,0.190243457,0.964057787,25.36911405,,,,,,
,,,,,,,,,,,,1.56763,10.2019,,,,,,,,,,,,,,,3.92768,4.41497,0.402909,1442.67,5.76044,5.98039,,0.193959506,0.962565931,25.43216979,,,,,,
,,,,,,,,,,,,1.56763,10.2019,,,,,,,,,,,,,,,3.95276,4.41382,0.403764,1440.82,5.76623,5.98907,,0.195198025,0.962064543,25.4511013,,,,,,
,,,,,,,,,,,,1.58213,8.64805,,,,,,,,,,,,,,,3.97784,4.41267,0.404625,1438.69,5.7727,5.99741,,0.196436543,0.961563285,25.47302011,,,,,,
,,,,,,,,,,,,1.59179,7.8895,,,,,,,,,,,,,,,4.00042,4.41163,0.405645,1436.52,5.77848,6.0045,,0.197551605,0.961110087,25.49251572,,,,,,
,,,,,,,,,,,,1.60628,7.39846,,,,,,,,,,,,,,,4.02299,4.41059,0.406409,1434.1,5.78497,6.01146,,0.198666173,0.960656995,25.51513083,,,,,,
,,,,,,,,,,,,1.6087,6.93798,,,,,,,,,,,,,,,4.04331,4.40965,0.407094,1431.58,5.79162,6.01755,,0.19966963,0.960247562,25.53901713,,,,,,
,,,,,,,,,,,,1.63043,6.50616,,,,,,,,,,,,,,,4.07988,4.40796,0.408378,1426.78,5.8063,6.02773,,0.201475556,0.959511672,25.59393815,,,,,,
,,,,,,,,,,,,1.63043,6.21427,,,,,,,,,,,,,,,4.10748,4.40668,0.409231,1423.87,5.81845,6.03428,,0.202838519,0.9589545,25.64004725,,,,,,
,,,,,,,,,,,,1.63768,5.51519,,,,,,,,,,,,,,,4.11532,4.40631,0.409487,1423.08,5.822,6.03626,,0.203225679,0.958793472,25.65353682,,,,,,
,,,,,,,,,,,,1.6401,5.41486,,,,,,,,,,,,,,,4.15451,4.40449,0.410752,1419.33,5.8417,6.04665,,0.205160988,0.958001588,25.72970923,,,,,,
,,,,,,,,,,,,1.64734,5.26777,,,,,,,,,,,,,,,4.20154,4.40229,0.412246,1415.41,5.86775,6.0738,,0.207483457,0.957044802,25.83153715,,,,,,
,,,,,,,,,,,,1.64976,5.17193,,,,,,,,,,,,,,,4.26425,4.39935,0.414179,1411.24,5.89828,6.10898,,0.210580247,0.955766934,25.94859812,,,,,,
,,,,,,,,,,,,1.657,4.9399,,,,,,,,,,,,,,,4.2956,4.39787,0.415143,1409.72,5.906,6.12338,,0.212128395,0.955123977,25.97382022,,,,,,
,,,,,,,,,,,,1.657,4.9399,,,,,,,,,,,,,,,4.35831,4.3949,0.416808,1406.15,5.91953,6.14808,,0.215225185,0.953834371,26.0157424,,,,,,
,,,,,,,,,,,,1.66425,4.89476,,,,,,,,,,,,,,,4.38966,4.39341,0.41794,1403.88,5.92638,6.15923,,0.216773333,0.953187725,26.03701716,,,,,,
,,,,,,,,,,,,1.6715,4.89476,,,,,,,,,,,,,,,4.41429,4.39223,0.418733,1401.84,5.93195,6.1675,,0.21798963,0.952675772,26.05448875,,,,,,
,,,,,,,,,,,,1.68116,4.80571,,,,,,,,,,,,,,,4.43893,4.39106,0.419476,1399.38,5.93779,6.17564,,0.21920642,0.952168293,26.07319216,,,,,,
,,,,,,,,,,,,1.68357,4.63244,,,,,,,,,,,,,,,4.45878,4.39011,0.420067,1397.11,5.94309,6.182,,0.220186667,0.951756336,26.09081884,,,,,,
,,,,,,,,,,,,1.69565,4.42462,,,,,,,,,,,,,,,4.47665,4.38925,0.420591,1394.68,5.94852,6.18763,,0.221069136,0.951383485,26.10954141,,,,,,
,,,,,,,,,,,,1.70048,4.5066,,,,,,,,,,,,,,,4.52324,4.38701,0.422006,1388.46,5.9665,6.20026,,0.223369877,0.950412679,26.17509517,,,,,,
,,,,,,,,,,,,1.70773,4.42462,,,,,,,,,,,,,,,4.5332,4.38653,0.422264,1388.37,5.96937,6.20134,,0.223861728,0.950204713,26.18482059,,,,,,
,,,,,,,,,,,,1.71014,4.11131,,,,,,,,,,,,,,,4.54216,4.3861,0.422513,1387.71,5.97222,6.20331,,0.224304198,0.95001843,26.19475414,,,,,,
,,,,,,,,,,,,1.71981,3.92687,,,,,,,,,,,,,,,4.54987,4.38573,0.422731,1386.94,5.97533,6.20519,,0.224684938,0.949858155,26.20618404,,,,,,
,,,,,,,,,,,,1.71981,4.03652,,,,,,,,,,,,,,,4.55758,4.38536,0.422925,1386.23,5.97854,6.20701,,0.225065679,0.949697893,26.21805017,,,,,,
,,,,,,,,,,,,1.7343,4.14923,,,,,,,,,,,,,,,4.58842,4.38387,0.423818,1383.62,5.99197,6.21448,,0.226588642,0.949052651,26.26801752,,,,,,
,,,,,,,,,,,,1.7343,4.14923,,,,,,,,,,,,,,,4.63469,4.38163,0.425098,1380.19,6.01378,6.22848,,0.22887358,0.948083035,26.35015886,,,,,,
,,,,,,,,,,,,1.7343,4.14923,,,,,,,,,,,,,,,4.69638,4.37863,0.426745,1376.04,6.04505,6.26803,,0.23192,0.946785219,26.46903728,,,,,,
,,,,,,,,,,,,1.76329,3.92687,,,,,,,,,,,,,,,4.72722,4.37712,0.427588,1373.81,6.06362,6.2842,,0.233442963,0.946132321,26.54119237,,,,,,
,,,,,,,,,,,,1.76329,3.61546,,,,,,,,,,,,,,,4.75498,4.37577,0.428298,1372.58,6.06981,6.29704,,0.234813827,0.945548795,26.5600925,,,,,,
,,,,,,,,,,,,1.76087,3.61546,,,,,,,,,,,,,,,4.8105,4.37304,0.429657,1369.65,6.08095,6.31989,,0.237555556,0.944369326,26.59223759,,,,,,
,,,,,,,,,,,,1.78019,3.71642,,,,,,,,,,,,,,,4.83826,4.37167,0.430393,1367.84,6.08618,6.33028,,0.23892642,0.943777708,26.60677052,,,,,,
,,,,,,,,,,,,1.78261,3.45326,,,,,,,,,,,,,,,4.86602,4.37031,0.431287,1365.53,6.09157,6.34052,,0.240297284,0.943190592,26.62204929,,,,,,
,,,,,,,,,,,,1.78261,3.45326,,,,,,,,,,,,,,,4.89378,4.36893,0.432026,1362.67,6.09708,6.35053,,0.241668148,0.942595029,26.63771572,,,,,,
,,,,,,,,,,,,1.78261,3.45326,,,,,,,,,,,,,,,4.92154,4.36756,0.432743,1359.01,6.10346,6.36042,,0.243039012,0.942003968,26.65722776,,,,,,
,,,,,,,,,,,,1.78744,3.48511,,,,,,,,,,,,,,,4.9493,4.36618,0.433451,1354.22,6.11076,6.37041,,0.244409877,0.94140878,26.6806781,,,,,,
,,,,,,,,,,,,1.7971,3.45326,,,,,,,,,,,,,,,4.95001,4.36615,0.433469,1354.78,6.11255,6.36816,,0.244444938,0.941395843,26.68831018,,,,,,
,,,,,,,,,,,,1.7971,3.45326,,,,,,,,,,,,,,,4.95142,4.36608,0.433512,1355.42,6.11329,6.36734,,0.244514568,0.941365658,26.6911132,,,,,,
,,,,,,,,,,,,1.7971,3.32876,,,,,,,,,,,,,,,4.95262,4.36602,0.433546,1355.68,6.11324,6.36723,,0.244573827,0.941339785,26.6905281,,,,,,
,,,,,,,,,,,,1.80676,3.06479,,,,,,,,,,,,,,,4.95383,4.36596,0.433583,1355.76,6.11312,6.36741,,0.24463358,0.941313912,26.6896374,,,,,,
,,,,,,,,,,,,1.80918,3.12158,,,,,,,,,,,,,,,4.95503,4.3659,0.433617,1355.72,6.11302,6.36774,,0.24469284,0.94128804,26.68883402,,,,,,
,,,,,,,,,,,,1.80918,3.12158,,,,,,,,,,,,,,,4.95744,4.36578,0.433681,1355.53,6.11303,6.36848,,0.244811852,0.941236297,26.68814411,,,,,,
,,,,,,,,,,,,1.81159,3.15036,,,,,,,,,,,,,,,4.95985,4.36566,0.433746,1355.21,6.11335,6.36931,,0.244930864,0.941184555,26.68880756,,,,,,
,,,,,,,,,,,,1.83816,3.09305,,,,,,,,,,,,,,,4.96949,4.36518,0.433994,1353.96,6.11604,6.37207,,0.245406914,0.940977602,26.69761549,,,,,,
,,,,,,,,,,,,1.83816,3.09305,,,,,,,,,,,,,,,4.97431,4.36494,0.434097,1353.43,6.11756,6.37322,,0.245644938,0.940874134,26.70278235,,,,,,
,,,,,,,,,,,,1.84058,2.95429,,,,,,,,,,,,,,,4.98395,4.36446,0.434376,1352.46,6.12055,6.37547,,0.246120988,0.940667214,26.71289565,,,,,,
,,,,,,,,,,,,1.843,2.95429,,,,,,,,,,,,,,,4.9936,4.36398,0.434618,1351.56,6.12362,6.37762,,0.246597531,0.940460318,26.72335521,,,,,,
,,,,,,,,,,,,1.843,2.95429,,,,,,,,,,,,,,,5.02252,4.36254,0.435346,1349.17,6.1333,6.384,,0.248025679,0.939839766,26.75676658,,,,,,
,,,,,,,,,,,,1.843,2.92729,,,,,,,,,,,,,,,5.06108,4.36061,0.436283,1346.45,6.14713,6.39295,,0.249929877,0.939008374,26.80523655,,,,,,
,,,,,,,,,,,,1.8599,3.00903,,,,,,,,,,,,,,,5.24203,4.3515,0.440573,1334.93,6.22547,6.4818,,0.258865679,0.935089,27.09013271,,,,,,
,,,,,,,,,,,,1.86232,2.87403,,,,,,,,,,,,,,,5.28783,4.34918,0.441638,1331.68,6.24439,6.50182,,0.261127407,0.934092181,27.1579761,,,,,,
,,,,,,,,,,,,1.86232,2.7451,,,,,,,,,,,,,,,5.33363,4.34685,0.442709,1328.09,6.25158,6.52067,,0.263389136,0.933091601,27.17468052,,,,,,
,,,,,,,,,,,,1.86232,2.57424,,,,,,,,,,,,,,,5.37486,4.34475,0.443657,1323.37,6.25768,6.53615,,0.265425185,0.93219025,27.18805518,,,,,,
,,,,,,,,,,,,1.8599,2.48143,,,,,,,,,,,,,,,5.40062,4.34343,0.444251,1320.19,6.26149,6.54428,,0.266697284,0.931623909,27.19634351,,,,,,
,,,,,,,,,,,,1.87198,2.7451,,,,,,,,,,,,,,,5.42639,4.34211,0.444845,1317.48,6.26607,6.55086,,0.267969877,0.931057741,27.20796521,,,,,,
,,,,,,,,,,,,1.87681,2.79596,,,,,,,,,,,,,,,5.44956,4.34092,0.44537,1315.33,6.27074,6.55637,,0.269114074,0.930547479,27.22078068,,,,,,
,,,,,,,,,,,,1.87923,2.79596,,,,,,,,,,,,,,,5.47273,4.33973,0.445895,1313.51,6.27594,6.56144,,0.270258272,0.930037357,27.2358851,,,,,,
,,,,,,,,,,,,1.87923,2.64612,,,,,,,,,,,,,,,5.51908,4.33735,0.446916,1310.38,6.28741,6.57194,,0.27254716,0.929017532,27.27069776,,,,,,
,,,,,,,,,,,,1.8913,2.57424,,,,,,,,,,,,,,,5.54225,4.33615,0.447416,1308.7,6.29371,6.57842,,0.273691358,0.928503547,27.29047062,,,,,,
,,,,,,,,,,,,1.89372,2.50431,,,,,,,,,,,,,,,5.56542,4.33496,0.447899,1307.47,6.30013,6.5846,,0.274835556,0.927993985,27.31081154,,,,,,
,,,,,,,,,,,,1.89855,2.30572,,,,,,,,,,,,,,,5.58365,4.33402,0.448273,1306.39,6.30531,6.59055,,0.275735802,0.927591573,27.32733965,,,,,,
,,,,,,,,,,,,1.9058,2.20228,,,,,,,,,,,,,,,5.71126,4.32738,0.450911,1298.29,6.34358,6.66606,,0.282037531,0.92475149,27.45108122,,,,,,
,,,,,,,,,,,,1.9058,2.10348,,,,,,,,,,,,,,,5.74408,4.32567,0.451584,1295.62,6.35219,6.68252,,0.283658272,0.924020788,27.47747772,,,,,,
,,,,,,,,,,,,1.90821,2.10348,,,,,,,,,,,,,,,5.7674,4.32445,0.452063,1293.39,6.35697,6.69357,,0.284809877,0.923499645,27.49039892,,,,,,
,,,,,,,,,,,,1.91063,2.16221,,,,,,,,,,,,,,,5.78736,4.32341,0.452458,1291.21,6.35968,6.70243,,0.285795556,0.923055508,27.49550411,,,,,,
,,,,,,,,,,,,1.91063,2.20228,,,,,,,,,,,,,,,5.80488,4.32249,0.452806,1289.13,6.36119,6.70974,,0.286660741,0.922662706,27.49618016,,,,,,
,,,,,,,,,,,,1.91304,2.20228,,,,,,,,,,,,,,,5.8224,4.32157,0.453184,1286.92,6.36198,6.71651,,0.287525926,0.922269988,27.49374191,,,,,,
,,,,,,,,,,,,1.91304,2.24309,,,,,,,,,,,,,,,5.85744,4.31973,0.453868,1282.84,6.36487,6.72661,,0.289256296,0.921484804,27.49451989,,,,,,
,,,,,,,,,,,,1.92271,2.28465,,,,,,,,,,,,,,,5.87313,4.31891,0.454158,1281.43,6.36916,6.73047,,0.290031111,0.921134992,27.50782882,,,,,,
,,,,,,,,,,,,1.93478,2.14245,,,,,,,,,,,,,,,5.88687,4.31818,0.454417,1279.88,6.36943,6.7344,,0.29070963,0.92082363,27.50434524,,,,,,
,,,,,,,,,,,,1.9372,2.14245,,,,,,,,,,,,,,,5.89911,4.31754,0.454674,1278.98,6.37425,6.73656,,0.291314074,0.920550699,27.52107935,,,,,,
,,,,,,,,,,,,1.94203,2.12288,,,,,,,,,,,,,,,5.9081,4.31707,0.454844,1278.12,6.37506,6.73884,,0.291758025,0.920350291,27.52158027,,,,,,
,,,,,,,,,,,,1.94928,1.95453,,,,,,,,,,,,,,,5.91708,4.31659,0.455016,1277.33,6.37697,6.7409,,0.292201481,0.920145641,27.52676493,,,,,,
,,,,,,,,,,,,1.95894,1.84979,,,,,,,,,,,,,,,5.95302,4.3147,0.45569,1274.37,6.38563,6.74934,,0.293976296,0.919340054,27.55207776,,,,,,
,,,,,,,,,,,,1.95894,1.91897,,,,,,,,,,,,,,,6.12223,4.30572,0.458664,1260.66,6.41551,6.83001,,0.302332346,0.91551727,27.62338972,,,,,,
,,,,,,,,,,,,1.96135,1.95453,,,,,,,,,,,,,,,6.17315,4.303,0.45948,1255.22,6.4075,6.85746,,0.304846914,0.914360938,27.5714725,,,,,,
,,,,,,,,,,,,1.96377,2.02764,,,,,,,,,,,,,,,6.19861,4.30164,0.459867,1252.19,6.40006,6.8671,,0.306104198,0.913783046,27.5307541,,,,,,
,,,,,,,,,,,,1.97343,2.04634,,,,,,,,,,,,,,,6.22408,4.30028,0.460252,1249.14,6.3933,6.87429,,0.307361975,0.913205337,27.49298012,,,,,,
,,,,,,,,,,,,1.98309,1.99075,,,,,,,,,,,,,,,6.30046,4.29619,0.461299,1239.66,6.36812,6.8873,,0.311133827,0.911469063,27.35865346,,,,,,
,,,,,,,,,,,,1.98551,1.91897,,,,,,,,,,,,,,,6.32592,4.29482,0.461589,1236.15,6.3569,6.88659,,0.312391111,0.910887844,27.30174126,,,,,,
,,,,,,,,,,,,1.99034,1.93667,,,,,,,,,,,,,,,6.35139,4.29345,0.461827,1232.04,6.33856,6.88262,,0.313648889,0.91030681,27.21429043,,,,,,
,,,,,,,,,,,,1.99275,1.97256,,,,,,,,,,,,,,,6.3743,4.29222,0.461995,1227.65,6.31744,6.88575,,0.314780247,0.90978531,27.11584232,,,,,,
,,,,,,,,,,,,1.99275,2.08426,,,,,,,,,,,,,,,6.39722,4.29099,0.462116,1222.42,6.29134,6.87894,,0.315912099,0.90926396,26.99607703,,,,,,
,,,,,,,,,,,,2.00725,2.14245,,,,,,,,,,,,,,,6.42013,4.28975,0.462183,1216.5,6.2555,6.87277,,0.317043457,0.908738522,26.83453113,,,,,,
,,,,,,,,,,,,,,,,,,,,,,,,,,,,6.44305,4.28852,0.462191,1209.95,6.2019,6.86478,,0.318175309,0.908217471,26.59697219,,,,,,
,,,,,,,,,,,,,,,,,,,,,,,,,,,,6.46597,4.28728,0.46214,1202.28,6.1451,6.84501,,0.31930716,0.907692336,26.34576433,,,,,,
,,,,,,,,,,,,,,,,,,,,,,,,,,,,6.48888,4.28605,0.46202,1193.57,6.07517,6.82928,,0.320438519,0.907171585,26.03848238,,,,,,
,,,,,,,,,,,,,,,,,,,,,,,,,,,,6.5118,4.28481,0.46181,1184.02,5.98878,6.80039,,0.32157037,0.906646752,25.66078443,,,,,,
,,,,,,,,,,,,,,,,,,,,,,,,,,,,6.53471,4.28358,0.461515,1173.4,5.88901,6.77708,,0.322701728,0.906126302,25.22604546,,,,,,
,,,,,,,,,,,,,,,,,,,,,,,,,,,,6.55534,4.28247,0.461156,1162.88,5.78839,6.75506,,0.323720494,0.905656756,24.78860652,,,,,,
,,,,,,,,,,,,,,,,,,,,,,,,,,,,6.59659,4.28025,0.460209,1140.31,5.54556,6.68593,,0.325757531,0.904718028,23.73638319,,,,,,
,,,,,,,,,,,,,,,,,,,,,,,,,,,,6.68814,4.27534,0.456824,1088.01,5.01288,6.4486,,0.330278519,0.902643561,21.43176638,,,,,,
,,,,,,,,,,,,,,,,,,,,,,,,,,,,6.70938,4.2742,0.455749,1077.14,4.9289,6.447,,0.331327407,0.902162254,21.06710438,,,,,,
,,,,,,,,,,,,,,,,,,,,,,,,,,,,6.71819,4.27374,0.455268,1072.97,4.90042,6.39198,,0.331762469,0.901968078,20.94312097,,,,,,
,,,,,,,,,,,,,,,,,,,,,,,,,,,,6.73582,4.2728,0.454239,1065.12,4.85326,6.33222,,0.332633086,0.90157135,20.73700933,,,,,,
,,,,,,,,,,,,,,,,,,,,,,,,,,,,6.74464,4.27233,0.453691,1061.44,4.83394,6.29911,,0.333068642,0.901373019,20.65218688,,,,,,
,,,,,,,,,,,,,,,,,,,,,,,,,,,,6.75345,4.27186,0.45313,1057.94,4.817,6.25633,,0.333503704,0.901174709,20.57754962,,,,,,
,,,,,,,,,,,,,,,,,,,,,,,,,,,,6.76227,4.27139,0.45256,1054.61,4.80235,6.23393,,0.333939259,0.900976421,20.51270977,,,,,,
,,,,,,,,,,,,,,,,,,,,,,,,,,,,6.77108,4.27093,0.451991,1051.49,4.79038,6.21196,,0.334374321,0.900782374,20.45937765,,,,,,
,,,,,,,,,,,,,,,,,,,,,,,,,,,,6.77989,4.27046,0.451426,1048.6,4.78132,6.18368,,0.334809383,0.900584129,20.41843581,,,,,,
,,,,,,,,,,,,,,,,,,,,,,,,,,,,6.78871,4.27,0.450877,1045.92,4.77503,6.1635,,0.335244938,0.900390123,20.3893781,,,,,,
,,,,,,,,,,,,,,,,,,,,,,,,,,,,6.79752,4.26953,0.450342,1043.44,4.77122,6.1397,,0.33568,0.900191922,20.37086693,,,,,,
,,,,,,,,,,,,,,,,,,,,,,,,,,,,6.80634,4.26907,0.44983,1041.18,4.76949,6.11556,,0.336115556,0.899997959,20.36128667,,,,,,
,,,,,,,,,,,,,,,,,,,,,,,,,,,,6.81515,4.2686,0.449338,1039.12,4.76955,6.09293,,0.336550617,0.8997998,20.35930113,,,,,,
,,,,,,,,,,,,,,,,,,,,,,,,,,,,6.82397,4.26814,0.448851,1037.27,4.771,6.07228,,0.336986173,0.899605879,20.36329594,,,,,,
,,,,,,,,,,,,,,,,,,,,,,,,,,,,6.8416,4.26721,0.447866,1034.15,4.77695,6.03594,,0.33785679,0.899213886,20.38424881,,,,,,
,,,,,,,,,,,,,,,,,,,,,,,,,,,,6.85923,4.26629,0.446831,1031.73,4.78522,6.00521,,0.338727407,0.898826191,20.41513623,,,,,,
,,,,,,,,,,,,,,,,,,,,,,,,,,,,6.87686,4.26537,0.445633,1029.91,4.79432,5.97919,,0.339598025,0.89843858,20.4495487,,,,,,
,,,,,,,,,,,,,,,,,,,,,,,,,,,,6.88126,4.26514,0.445304,1029.54,4.79655,5.97337,,0.339815309,0.89834169,20.45795727,,,,,,
,,,,,,,,,,,,,,,,,,,,,,,,,,,,6.89008,4.26468,0.444631,1028.91,4.80074,5.9625,,0.340250864,0.898147926,20.47361986,,,,,,
,,,,,,,,,,,,,,,,,,,,,,,,,,,,6.89448,4.26445,0.444285,1028.63,4.80275,5.95742,,0.340468148,0.898051052,20.48108724,,,,,,
,,,,,,,,,,,,,,,,,,,,,,,,,,,,6.9033,4.26399,0.443572,1028.14,4.80657,5.94804,,0.340903704,0.89785732,20.49516641,,,,,,
,,,,,,,,,,,,,,,,,,,,,,,,,,,,6.92093,4.26307,0.442078,1027.39,4.81326,5.93248,,0.341774321,0.897469917,20.51926431,,,,,,
,,,,,,,,,,,,,,,,,,,,,,,,,,,,6.93856,4.26216,0.440553,1026.85,4.81853,5.92031,,0.342644938,0.897086808,20.53734582,,,,,,
,,,,,,,,,,,,,,,,,,,,,,,,,,,,6.95619,4.26125,0.439017,1026.45,4.82238,5.91059,,0.343515556,0.896703781,20.54936678,,,,,,
,,,,,,,,,,,,,,,,,,,,,,,,,,,,7.18537,4.24965,0.424581,1022.26,4.82345,5.84136,,0.354833086,0.891828401,20.49797429,,,,,,
,,,,,,,,,,,,,,,,,,,,,,,,,,,,7.27351,4.24526,0.422426,1021.27,4.8233,5.82633,,0.359185679,0.889986789,20.47616256,,,,,,
,,,,,,,,,,,,,,,,,,,,,,,,,,,,7.4498,4.2365,0.420925,1020.31,4.82498,5.80986,,0.367891358,0.886317642,20.44102777,,,,,,
,,,,,,,,,,,,,,,,,,,,,,,,,,,,8.26075,4.19552,0.434008,1019.1,4.8472,5.80289,,0.407938272,0.869253732,20.33652454,,,,,,
,,,,,,,,,,,,,,,,,,,,,,,,,,,,9.17746,4.14663,0.45575,1016.66,4.90725,5.84787,,0.453207901,0.849113104,20.34855007,,,,,,
,,,,,,,,,,,,,,,,,,,,,,,,,,,,10.0237,4.09888,0.474587,1012.94,4.98594,5.9105,,0.494997531,0.829669988,20.43676975,,,,,,
,,,,,,,,,,,,,,,,,,,,,,,,,,,,10.7288,4.05722,0.488884,1009.42,5.05521,5.96794,,0.529817284,0.812890574,20.51009912,,,,,,
,,,,,,,,,,,,,,,,,,,,,,,,,,,,11.434,4.01393,0.501969,1005.3,5.12792,6.02592,,0.564641975,0.795636249,20.58311193,,,,,,
,,,,,,,,,,,,,,,,,,,,,,,,,,,,12.2802,3.95989,0.516266,1000.25,5.21394,6.09751,,0.60642963,0.774356978,20.64662887,,,,,,
,,,,,,,,,,,,,,,,,,,,,,,,,,,,13.1264,3.90361,0.529404,995.139,5.2979,6.16605,,0.648217284,0.752502273,20.68093542,,,,,,
,,,,,,,,,,,,,,,,,,,,,,,,,,,,13.9726,3.84513,0.541424,989.941,5.38027,6.22926,,0.690004938,0.730124677,20.68783759,,,,,,
,,,,,,,,,,,,,,,,,,,,,,,,,,,,14.5367,3.80493,0.548898,986.673,5.43064,6.27011,,0.717861728,0.714937892,20.66320506,,,,,,
,,,,,,,,,,,,,,,,,,,,,,,,,,,,15.2419,3.7533,0.557695,982.658,5.49388,6.32132,,0.75268642,0.695667204,20.6201798,,,,,,
,,,,,,,,,,,,,,,,,,,,,,,,,,,,15.806,3.7109,0.564373,979.567,5.54507,6.36341,,0.78054321,0.68003846,20.57720026,,,,,,
,,,,,,,,,,,,,,,,,,,,,,,,,,,,16.3702,3.6675,0.57075,976.507,5.59579,6.40532,,0.808404938,0.664225,20.52255983,,,,,,
,,,,,,,,,,,,,,,,,,,,,,,,,,,,17.2164,3.60052,0.579719,972.249,5.66486,6.46769,,0.850192593,0.640184902,20.39644173,,,,,,
,,,,,,,,,,,,,,,,,,,,,,,,,,,,18.0597,3.53147,0.587992,968.293,5.73318,6.53082,,0.891837037,0.615865697,20.24655317,,,,,,
,,,,,,,,,,,,,,,,,,,,,,,,,,,,18.4814,3.49607,0.591946,966.419,5.76767,6.5626,,0.912661728,0.603580516,20.16417806,,,,,,
,,,,,,,,,,,,,,,,,,,,,,,,,,,,18.9031,3.46008,0.595763,964.496,5.80041,6.593,,0.93348642,0.591217462,20.06988263,,,,,,
,,,,,,,,,,,,,,,,,,,,,,,,,,,,19.3247,3.42347,0.599412,962.518,5.83148,6.62175,,0.954306173,0.578772684,19.96389684,,,,,,
,,,,,,,,,,,,,,,,,,,,,,,,,,,,19.7464,3.38624,0.602853,960.605,5.86291,6.64884,,0.975130864,0.566252906,19.85322036,,,,,,
,,,,,,,,,,,,,,,,,,,,,,,,,,,,20.2208,3.34361,0.606562,958.577,5.89822,6.68202,,0.998558025,0.552085325,19.72134737,,,,,,
,,,,,,,,,,,,,,,,,,,,,,,,,,,,20.6951,3.30018,0.61014,956.683,5.9345,6.71645,,1.021980247,0.537836446,19.58491821,,,,,,
,,,,,,,,,,,,,,,,,,,,,,,,,,,,21.1695,3.2559,0.613587,954.816,5.96985,6.75056,,1.045407407,0.523500484,19.43723462,,,,,,
,,,,,,,,,,,,,,,,,,,,,,,,,,,,21.549,3.21986,0.616221,953.319,5.99697,6.77699,,1.064148148,0.511975231,19.30940382,,,,,,
,,,,,,,,,,,,,,,,,,,,,,,,,,,,22.0234,3.17402,0.619353,951.635,6.03251,6.81221,,1.087575309,0.497501381,19.14730739,,,,,,
,,,,,,,,,,,,,,,,,,,,,,,,,,,,22.4029,3.1367,0.621799,950.516,6.06202,6.84388,,1.106316049,0.485870958,19.01473813,,,,,,
,,,,,,,,,,,,,,,,,,,,,,,,,,,,22.8773,3.08921,0.624811,949.188,6.09963,6.88511,,1.12974321,0.471270046,18.84303799,,,,,,
,,,,,,,,,,,,,,,,,,,,,,,,,,,,23.3517,3.04074,0.627693,947.809,6.13615,6.92531,,1.15317037,0.456597518,18.65843675,,,,,,
,,,,,,,,,,,,,,,,,,,,,,,,,,,,23.826,2.99127,0.630411,946.667,6.17575,6.9694,,1.176592593,0.441861541,18.4733357,,,,,,
,,,,,,,,,,,,,,,,,,,,,,,,,,,,24.2055,2.95094,0.632562,945.955,6.2106,7.00945,,1.195333333,0.430027007,18.32710796,,,,,,
,,,,,,,,,,,,,,,,,,,,,,,,,,,,24.585,2.90991,0.634696,945.261,6.246,7.05066,,1.214074074,0.418151912,18.17529786,,,,,,
,,,,,,,,,,,,,,,,,,,,,,,,,,,,24.9645,2.86815,0.636754,944.549,6.28129,7.09191,,1.232814815,0.406236268,18.01568191,,,,,,
,,,,,,,,,,,,,,,,,,,,,,,,,,,,25.2799,2.83289,0.638387,944.049,6.31215,7.12818,,1.248390123,0.39630942,17.88162661,,,,,,
,,,,,,,,,,,,,,,,,,,,,,,,,,,,25.5637,2.80069,0.63983,943.703,6.34198,7.1634,,1.262404938,0.387351332,17.76191997,,,,,,
,,,,,,,,,,,,,,,,,,,,,,,,,,,,25.8475,2.76805,0.641266,943.406,6.37299,7.20049,,1.276419753,0.378375348,17.64075497,,,,,,
,,,,,,,,,,,,,,,,,,,,,,,,,,,,26.1312,2.73494,0.642682,943.091,6.40393,7.23791,,1.29042963,0.36937762,17.51436431,,,,,,
,,,,,,,,,,,,,,,,,,,,,,,,,,,,26.415,2.70136,0.644061,942.813,6.43644,7.27684,,1.304444444,0.360362758,17.38714156,,,,,,
,,,,,,,,,,,,,,,,,,,,,,,,,,,,26.6705,2.67071,0.645268,942.643,6.46681,7.31405,,1.317061728,0.352231699,17.27097414,,,,,,
,,,,,,,,,,,,,,,,,,,,,,,,,,,,26.9259,2.63964,0.64646,942.514,6.49855,7.35333,,1.329674074,0.344083918,17.15383252,,,,,,
,,,,,,,,,,,,,,,,,,,,,,,,,,,,27.1813,2.60815,0.647635,942.418,6.53153,7.39404,,1.34228642,0.33592328,17.03520997,,,,,,
,,,,,,,,,,,,,,,,,,,,,,,,,,,,27.4367,2.57621,0.648814,942.249,6.56399,7.43405,,1.354898765,0.327746072,16.91021668,,,,,,
,,,,,,,,,,,,,,,,,,,,,,,,,,,,27.6921,2.54382,0.649938,942.11,6.59701,7.47537,,1.367511111,0.319556553,16.78160598,,,,,,
,,,,,,,,,,,,,,,,,,,,,,,,,,,,27.9475,2.51095,0.651021,942.087,6.63289,7.5204,,1.380123457,0.3113516,16.65485515,,,,,,
,,,,,,,,,,,,,,,,,,,,,,,,,,,,28.1774,2.48094,0.65199,942.112,6.66679,7.56337,,1.391476543,0.303953742,16.53990598,,,,,,
,,,,,,,,,,,,,,,,,,,,,,,,,,,,28.4073,2.45052,0.652927,942.112,6.70087,7.60643,,1.40282963,0.296545594,16.42061595,,,,,,
,,,,,,,,,,,,,,,,,,,,,,,,,,,,28.6371,2.41968,0.653768,942.132,6.73584,7.65036,,1.414177778,0.289128459,16.29857733,,,,,,
,,,,,,,,,,,,,,,,,,,,,,,,,,,,28.867,2.38839,0.654853,942.183,6.77222,7.69593,,1.425530864,0.281699101,16.17470253,,,,,,
,,,,,,,,,,,,,,,,,,,,,,,,,,,,29.0969,2.35664,0.655784,942.278,6.81037,7.74364,,1.436883951,0.274259362,16.04959036,,,,,,
,,,,,,,,,,,,,,,,,,,,,,,,,,,,29.2693,2.33252,0.656457,942.357,6.83972,7.78025,,1.445397531,0.268674052,15.95378369,,,,,,
,,,,,,,,,,,,,,,,,,,,,,,,,,,,29.6141,2.28342,0.657782,942.467,6.89879,7.85409,,1.462424691,0.257481822,15.75283506,,,,,,
,,,,,,,,,,,,,,,,,,,,,,,,,,,,29.7865,2.25844,0.658421,942.562,6.92938,7.89256,,1.470938272,0.251879073,15.64958897,,,,,,
,,,,,,,,,,,,,,,,,,,,,,,,,,,,29.9589,2.23316,0.659052,942.722,6.96051,7.93279,,1.479451852,0.246271782,15.54393251,,,,,,
,,,,,,,,,,,,,,,,,,,,,,,,,,,,30.1888,2.19895,0.659893,942.93,7.00303,7.9879,,1.490804938,0.238784252,15.39931282,,,,,,
,,,,,,,,,,,,,,,,,,,,,,,,,,,,30.3612,2.17291,0.660513,943.049,7.0351,8.02949,,1.499318519,0.233162364,15.28663914,,,,,,
,,,,,,,,,,,,,,,,,,,,,,,,,,,,30.591,2.13767,0.661304,943.227,7.07931,8.08664,,1.510666667,0.22566089,15.13322861,,,,,,
,,,,,,,,,,,,,,,,,,,,,,,,,,,,30.7634,2.11082,0.66189,943.41,7.11416,8.13183,,1.519180247,0.220027707,15.01671121,,,,,,
,,,,,,,,,,,,,,,,,,,,,,,,,,,,30.9933,2.07444,0.662667,943.646,7.1619,8.19399,,1.530533333,0.212508707,14.85693184,,,,,,
,,,,,,,,,,,,,,,,,,,,,,,,,,,,31.2232,2.03737,0.663417,943.816,7.21002,8.25675,,1.54188642,0.204981556,14.68947845,,,,,,
,,,,,,,,,,,,,,,,,,,,,,,,,,,,31.3956,2.00909,0.663962,943.953,7.24734,8.30532,,1.5504,0.1993305,14.56055832,,,,,,
,,,,,,,,,,,,,,,,,,,,,,,,,,,,31.568,1.98039,0.664489,944.126,7.2863,8.35616,,1.55891358,0.193676274,14.42971566,,,,,,
,,,,,,,,,,,,,,,,,,,,,,,,,,,,31.7979,1.94141,0.665182,944.32,7.33927,8.42563,,1.570266667,0.186127051,14.24853217,,,,,,
,,,,,,,,,,,,,,,,,,,,,,,,,,,,31.9128,1.92162,0.665514,944.383,7.36584,8.46049,,1.575940741,0.182351774,14.15434546,,,,,,
,,,,,,,,,,,,,,,,,,,,,,,,,,,,32.0852,1.89151,0.666002,944.483,7.40678,8.51407,,1.584454321,0.176681979,14.00999844,,,,,,
,,,,,,,,,,,,,,,,,,,,,,,,,,,,32.2001,1.87116,0.666309,944.564,7.43501,8.55105,,1.590128395,0.172900728,13.91209331,,,,,,
,,,,,,,,,,,,,,,,,,,,,,,,,,,,32.3151,1.85058,0.666609,944.636,7.46364,8.58865,,1.595807407,0.169118338,13.81206291,,,,,,
,,,,,,,,,,,,,,,,,,,,,,,,,,,,32.43,1.82975,0.666908,944.683,7.49235,8.62639,,1.601481481,0.165332596,13.70912741,,,,,,
,,,,,,,,,,,,,,,,,,,,,,,,,,,,32.5449,1.80868,0.667209,944.7,7.52111,8.66415,,1.607155556,0.161546832,13.60328123,,,,,,
,,,,,,,,,,,,,,,,,,,,,,,,,,,,32.6599,1.78735,0.66748,944.707,7.55029,8.70233,,1.612834568,0.157759013,13.49501083,,,,,,
,,,,,,,,,,,,,,,,,,,,,,,,,,,,32.7748,1.76575,0.667737,944.717,7.58019,8.74138,,1.618508642,0.15396904,13.38472049,,,,,,
,,,,,,,,,,,,,,,,,,,,,,,,,,,,32.8897,1.74388,0.667984,944.72,7.6106,8.7811,,1.624182716,0.15017864,13.27197313,,,,,,
,,,,,,,,,,,,,,,,,,,,,,,,,,,,33.0047,1.72172,0.668233,944.694,7.64115,8.82103,,1.629861728,0.146386161,13.15592078,,,,,,
,,,,,,,,,,,,,,,,,,,,,,,,,,,,33.1196,1.69927,0.668453,944.621,7.6715,8.86063,,1.635535802,0.142593508,13.03594981,,,,,,
,,,,,,,,,,,,,,,,,,,,,,,,,,,,33.2345,1.67651,0.668661,944.517,7.70199,8.90014,,1.641209877,0.138799298,12.91246325,,,,,,
,,,,,,,,,,,,,,,,,,,,,,,,,,,,33.3495,1.65342,0.668844,944.393,7.73281,8.9399,,1.646888889,0.135002355,12.78558271,,,,,,
,,,,,,,,,,,,,,,,,,,,,,,,,,,,33.4644,1.63001,0.669003,944.254,7.76424,8.98032,,1.652562963,0.131206548,12.65578884,,,,,,
,,,,,,,,,,,,,,,,,,,,,,,,,,,,33.5794,1.60625,0.669147,944.054,7.79524,9.02027,,1.658241975,0.127409336,12.52110425,,,,,,
,,,,,,,,,,,,,,,,,,,,,,,,,,,,33.6943,1.58212,0.669271,943.76,7.82515,9.05854,,1.663916049,0.123610059,12.38032632,,,,,,
,,,,,,,,,,,,,,,,,,,,,,,,,,,,33.8092,1.55762,0.669358,943.347,7.85352,9.09453,,1.669590123,0.119811361,12.23279982,,,,,,
,,,,,,,,,,,,,,,,,,,,,,,,,,,,33.9242,1.53272,0.669375,942.788,7.87963,9.12704,,1.675269136,0.116011388,12.07726649,,,,,,
,,,,,,,,,,,,,,,,,,,,,,,,,,,,34.0391,1.50742,0.669387,942.036,7.9027,9.15522,,1.68094321,0.112213089,11.91268803,,,,,,
,,,,,,,,,,,,,,,,,,,,,,,,,,,,34.154,1.48168,0.669136,941.145,7.91992,9.17824,,1.686617284,0.108413611,11.73478707,,,,,,
,,,,,,,,,,,,,,,,,,,,,,,,,,,,34.269,1.4555,0.669136,940.065,7.93101,9.19485,,1.692296296,0.104616309,11.54358506,,,,,,
,,,,,,,,,,,,,,,,,,,,,,,,,,,,34.3839,1.42884,0.668603,938.692,7.93633,9.20266,,1.69797037,0.10081895,11.33974576,,,,,,
,,,,,,,,,,,,,,,,,,,,,,,,,,,,34.4988,1.4017,0.668097,936.912,7.93361,9.19611,,1.703644444,0.097025328,11.12054114,,,,,,
,,,,,,,,,,,,,,,,,,,,,,,,,,,,34.6138,1.37405,0.667427,934.568,7.92052,9.17249,,1.709323457,0.09323523,10.88319051,,,,,,
,,,,,,,,,,,,,,,,,,,,,,,,,,,,34.7287,1.34587,0.666578,931.487,7.88799,9.1284,,1.714997531,0.089450176,10.6162091,,,,,,
,,,,,,,,,,,,,,,,,,,,,,,,,,,,34.8436,1.31712,0.665327,927.204,7.82254,9.04079,,1.720671605,0.085669387,10.30322388,,,,,,
,,,,,,,,,,,,,,,,,,,,,,,,,,,,34.9205,1.29757,0.664102,922.796,7.75216,8.95015,,1.724469136,0.083145082,10.05897025,,,,,,
,,,,,,,,,,,,,,,,,,,,,,,,,,,,34.9974,1.27777,0.662498,916.422,7.62891,8.79822,,1.728266667,0.080626972,9.747992331,,,,,,
,,,,,,,,,,,,,,,,,,,,,,,,,,,,35.0499,1.26412,0.661011,909.716,7.50125,8.64418,,1.730859259,0.078913549,9.48248015,,,,,,
,,,,,,,,,,,,,,,,,,,,,,,,,,,,35.0913,1.25325,0.659504,902.009,7.35575,8.47409,,1.732903704,0.07756225,9.218593688,,,,,,
,,,,,,,,,,,,,,,,,,,,,,,,,,,,35.1327,1.24232,0.657585,890.723,7.14066,8.22959,,1.734948148,0.076215258,8.870984731,,,,,,
,,,,,,,,,,,,,,,,,,,,,,,,,,,,35.17,1.23242,0.655416,875.964,6.87008,7.94643,,1.736790123,0.075005386,8.466823994,,,,,,
,,,,,,,,,,,,,,,,,,,,,,,,,,,,35.196,1.2255,0.653577,862.556,6.6289,7.69125,,1.738074074,0.074165444,8.12371695,,,,,,
,,,,,,,,,,,,,,,,,,,,,,,,,,,,35.2169,1.21992,0.651894,850.023,6.40831,7.45395,,1.739106173,0.073491595,7.817625535,,,,,,
,,,,,,,,,,,,,,,,,,,,,,,,,,,,35.2379,1.21432,0.650042,836.486,6.17635,7.19929,,1.74014321,0.072818423,7.500065332,,,,,,
,,,,,,,,,,,,,,,,,,,,,,,,,,,,35.2776,1.20367,0.64626,810.569,5.74867,6.7193,,1.742103704,0.071546739,6.919501619,,,,,,
,,,,,,,,,,,,,,,,,,,,,,,,,,,,35.2964,1.19861,0.644498,799.392,5.55761,6.46417,,1.743032099,0.070946466,6.661406922,,,,,,
,,,,,,,,,,,,,,,,,,,,,,,,,,,,35.3134,1.19405,0.642921,790.531,5.39062,6.33517,,1.743871605,0.070407674,6.436669811,,,,,,
,,,,,,,,,,,,,,,,,,,,,,,,,,,,35.3303,1.18948,0.64127,783.307,5.23251,6.17857,,1.744706173,0.069869762,6.223965995,,,,,,
,,,,,,,,,,,,,,,,,,,,,,,,,,,,35.343,1.18608,0.640018,779.091,5.11761,6.07847,,1.745333333,0.069470902,6.069894869,,,,,,
,,,,,,,,,,,,,,,,,,,,,,,,,,,,35.3556,1.18267,0.63866,775.759,5.00995,5.96762,,1.745955556,0.069072016,5.925117567,,,,,,
,,,,,,,,,,,,,,,,,,,,,,,,,,,,35.3682,1.17926,0.637232,773.191,4.91843,5.89124,,1.746577778,0.068674279,5.800107762,,,,,,
,,,,,,,,,,,,,,,,,,,,,,,,,,,,35.3809,1.17584,0.635779,771.213,4.84551,5.92422,,1.747204938,0.068276529,5.697544478,,,,,,
,,,,,,,,,,,,,,,,,,,,,,,,,,,,35.3935,1.17243,0.634326,769.834,4.79477,5.94505,,1.74782716,0.067881092,5.621532191,,,,,,
,,,,,,,,,,,,,,,,,,,,,,,,,,,,35.4061,1.16901,0.632902,768.835,4.75651,5.95844,,1.748449383,0.067485648,5.560407755,,,,,,
,,,,,,,,,,,,,,,,,,,,,,,,,,,,35.4187,1.16559,0.631524,768.046,4.72531,5.96344,,1.749071605,0.06709136,5.507774083,,,,,,
,,,,,,,,,,,,,,,,,,,,,,,,,,,,35.4314,1.16216,0.630215,767.365,4.69864,5.9687,,1.749698765,0.06669708,5.460571462,,,,,,
,,,,,,,,,,,,,,,,,,,,,,,,,,,,35.444,1.15874,0.628981,766.796,4.67726,5.97607,,1.750320988,0.066305106,5.419728252,,,,,,
,,,,,,,,,,,,,,,,,,,,,,,,,,,,35.4566,1.15531,0.627826,766.308,4.65925,5.97845,,1.75094321,0.065913145,5.382878118,,,,,,
,,,,,,,,,,,,,,,,,,,,,,,,,,,,35.5072,1.14154,0.62392,764.595,4.59183,5.91518,,1.753441975,0.064351287,5.241757618,,,,,,
,,,,,,,,,,,,,,,,,,,,,,,,,,,,35.5577,1.12769,0.620909,763.277,4.53666,5.80958,,1.755935802,0.062799246,5.115946115,,,,,,
,,,,,,,,,,,,,,,,,,,,,,,,,,,,35.6208,1.11021,0.618024,762.065,4.48419,5.71842,,1.759051852,0.060867469,4.97839258,,,,,,
,,,,,,,,,,,,,,,,,,,,,,,,,,,,35.6714,1.09607,0.616208,761.335,4.45183,5.6644,,1.761550617,0.059326886,4.879517308,,,,,,
,,,,,,,,,,,,,,,,,,,,,,,,,,,,35.7219,1.0818,0.614707,760.824,4.42887,5.62143,,1.764044444,0.05779216,4.791151566,,,,,,
,,,,,,,,,,,,,,,,,,,,,,,,,,,,35.7724,1.06736,0.613458,760.461,4.41227,5.58409,,1.766538272,0.056259623,4.709480507,,,,,,
,,,,,,,,,,,,,,,,,,,,,,,,,,,,35.8229,1.05275,0.612429,760.189,4.40001,5.58185,,1.769032099,0.054730003,4.632110528,,,,,,
,,,,,,,,,,,,,,,,,,,,,,,,,,,,35.8735,1.03796,0.611563,759.966,4.39017,5.57685,,1.771530864,0.05320301,4.556820853,,,,,,
,,,,,,,,,,,,,,,,,,,,,,,,,,,,35.924,1.02298,0.610817,759.826,4.38403,5.56348,,1.774024691,0.051678424,4.484775009,,,,,,
,,,,,,,,,,,,,,,,,,,,,,,,,,,,35.9745,1.00779,0.610178,759.725,4.38081,5.56131,,1.776518519,0.050155096,4.41493651,,,,,,
,,,,,,,,,,,,,,,,,,,,,,,,,,,,36.0503,0.984594,0.609381,759.667,4.38061,5.56268,,1.780261728,0.047872857,4.313122322,,,,,,
,,,,,,,,,,,,,,,,,,,,,,,,,,,,36.1008,0.968835,0.608919,759.666,4.38288,5.56681,,1.782755556,0.046352655,4.246287545,,,,,,
,,,,,,,,,,,,,,,,,,,,,,,,,,,,36.1514,0.952826,0.60851,759.68,4.38656,5.57294,,1.785254321,0.044833451,4.179628419,,,,,,
,,,,,,,,,,,,,,,,,,,,,,,,,,,,36.2019,0.936554,0.60814,759.705,4.39153,5.58078,,1.787748148,0.043315229,4.112904988,,,,,,
,,,,,,,,,,,,,,,,,,,,,,,,,,,,36.3029,0.903161,0.607535,759.775,4.40502,5.60069,,1.792735802,0.040281471,3.978442268,,,,,,
,,,,,,,,,,,,,,,,,,,,,,,,,,,,36.404,0.868527,0.606785,759.851,4.42262,5.62472,,1.797728395,0.037251316,3.841164881,,,,,,
,,,,,,,,,,,,,,,,,,,,,,,,,,,,36.505,0.832497,0.606012,759.915,4.44392,5.65186,,1.802716049,0.034224753,3.699550068,,,,,,
,,,,,,,,,,,,,,,,,,,,,,,,,,,,36.6061,0.794861,0.605846,759.952,4.46921,5.68061,,1.807708642,0.031200198,3.55240073,,,,,,
,,,,,,,,,,,,,,,,,,,,,,,,,,,,36.697,0.759424,0.605199,759.955,4.49542,5.70771,,1.812197531,0.028480238,3.413929838,,,,,,
,,,,,,,,,,,,,,,,,,,,,,,,,,,,36.788,0.722291,0.604402,759.941,4.52607,5.73577,,1.816691358,0.025763175,3.269139626,,,,,,
,,,,,,,,,,,,,,,,,,,,,,,,,,,,36.8789,0.683195,0.603478,759.891,4.56154,5.76341,,1.821180247,0.02304965,3.11642132,,,,,,
,,,,,,,,,,,,,,,,,,,,,,,,,,,,36.9608,0.646047,0.602548,759.794,4.59804,5.78686,,1.825224691,0.020611196,2.970549948,,,,,,
,,,,,,,,,,,,,,,,,,,,,,,,,,,,37.0344,0.610749,0.601373,759.659,4.63537,5.80494,,1.828859259,0.018420461,2.831047592,,,,,,
,,,,,,,,,,,,,,,,,,,,,,,,,,,,37.1007,0.577212,0.599961,759.487,4.6732,5.81839,,1.832133333,0.016453022,2.697427118,,,,,,
,,,,,,,,,,,,,,,,,,,,,,,,,,,,37.1604,0.545343,0.598584,759.281,4.71182,5.82635,,1.835081481,0.01468637,2.569558054,,,,,,
,,,,,,,,,,,,,,,,,,,,,,,,,,,,37.2141,0.515058,0.596931,759.045,4.75113,5.82729,,1.837733333,0.013100481,2.447107516,,,,,,
,,,,,,,,,,,,,,,,,,,,,,,,,,,,37.2624,0.486276,0.595104,758.781,4.79114,5.82216,,1.840118519,0.011677252,2.329816395,,,,,,
,,,,,,,,,,,,,,,,,,,,,,,,,,,,37.3059,0.458922,0.593146,758.489,4.83185,5.80999,,1.842266667,0.010400464,2.217442266,,,,,,
,,,,,,,,,,,,,,,,,,,,,,,,,,,,37.3451,0.432919,0.591016,758.171,4.87347,5.78844,,1.844202469,0.009255252,2.109817759,,,,,,
,,,,,,,,,,,,,,,,,,,,,,,,,,,,37.3803,0.408198,0.588751,757.84,4.91719,5.75924,,1.845940741,0.008228425,2.007187124,,,,,,
,,,,,,,,,,,,,,,,,,,,,,,,,,,,37.412,0.384689,0.586298,757.495,4.96332,2.80676,,1.847506173,0.007307932,1.909334607,,,,,,
,,,,,,,,,,,,,,,,,,,,,,,,,,,,37.4405,0.36233,0.583659,757.126,5.0112,2.86115,,1.84891358,0.006483113,1.815708096,,,,,,
,,,,,,,,,,,,,,,,,,,,,,,,,,,,37.4662,0.341056,0.58088,756.732,5.06098,2.91589,,1.850182716,0.005744158,1.726077595,,,,,,
,,,,,,,,,,,,,,,,,,,,,,,,,,,,37.4893,0.320809,0.577929,756.311,5.11314,2.98107,,1.851323457,0.005082391,1.64034133,,,,,,
,,,,,,,,,,,,,,,,,,,,,,,,,,,,37.5102,0.301529,0.574846,755.865,5.1683,3.05066,,1.852355556,0.004489864,1.558392331,,,,,,
,,,,,,,,,,,,,,,,,,,,,,,,,,,,37.5289,0.283163,0.57156,755.392,5.22695,3.11917,,1.853279012,0.00395957,1.480078843,,,,,,
,,,,,,,,,,,,,,,,,,,,,,,,,,,,37.5457,0.265656,0.568074,754.891,5.28969,3.20267,,1.854108642,0.003485092,1.405237887,,,,,,
,,,,,,,,,,,,,,,,,,,,,,,,,,,,37.5609,0.248957,0.564441,754.361,5.35712,3.28707,,1.854859259,0.00306072,1.333692524,,,,,,
,,,,,,,,,,,,,,,,,,,,,,,,,,,,37.5745,0.233015,0.560613,753.799,5.43023,3.37865,,1.855530864,0.002681283,1.265325043,,,,,,
,,,,,,,,,,,,,,,,,,,,,,,,,,,,37.5868,0.217781,0.556638,753.201,5.51035,3.48129,,1.856138272,0.002342151,1.200049533,,,,,,
,,,,,,,,,,,,,,,,,,,,,,,,,,,,37.5979,0.203207,0.552415,752.565,5.59864,3.58683,,1.85668642,0.002039165,1.137682838,,,,,,
,,,,,,,,,,,,,,,,,,,,,,,,,,,,37.6077,0.189454,0.548033,751.898,5.69489,3.70736,,1.85717037,0.001772485,1.07891969,,,,,,
,,,,,,,,,,,,,,,,,,,,,,,,,,,,37.6146,0.179289,0.544545,751.353,5.77603,3.79732,,1.857511111,0.001587385,1.035578643,,,,,,
,,,,,,,,,,,,,,,,,,,,,,,,,,,,37.6214,0.168589,0.540462,750.726,5.87228,3.91727,,1.857846914,0.001403568,0.990001813,,,,,,
,,,,,,,,,,,,,,,,,,,,,,,,,,,,37.6276,0.158418,0.536509,750.067,5.97661,4.03147,,1.858153086,0.001239322,0.946802603,,,,,,
,,,,,,,,,,,,,,,,,,,,,,,,,,,,37.6331,0.148748,0.532338,749.397,6.09312,4.16414,,1.858424691,0.00109264,0.906339414,,,,,,
,,,,,,,,,,,,,,,,,,,,,,,,,,,,37.6381,0.139548,0.528058,748.711,6.22251,4.29452,,1.858671605,0.000961661,0.868338825,,,,,,
,,,,,,,,,,,,,,,,,,,,,,,,,,,,37.6426,0.130789,0.523672,747.989,6.36315,4.4428,,1.858893827,0.000844729,0.832230025,,,,,,
,,,,,,,,,,,,,,,,,,,,,,,,,,,,37.6467,0.122444,0.51927,747.224,6.51601,4.5919,,1.859096296,0.000740372,0.797846328,,,,,,
,,,,,,,,,,,,,,,,,,,,,,,,,,,,37.6503,0.114486,0.514684,746.414,6.68149,4.76163,,1.859274074,0.000647261,0.764937064,,,,,,
,,,,,,,,,,,,,,,,,,,,,,,,,,,,37.6536,0.106889,0.509963,745.599,6.87209,4.93249,,1.859437037,0.00056421,0.734550828,,,,,,
,,,,,,,,,,,,,,,,,,,,,,,,,,,,37.6566,0.0996281,0.505168,744.746,7.08321,5.13086,,1.859585185,0.000490161,0.705686754,,,,,,
,,,,,,,,,,,,,,,,,,,,,,,,,,,,37.6592,0.092756,0.500291,743.835,7.30889,5.33216,,1.85971358,0.000424873,0.677943401,,,,,,
,,,,,,,,,,,,,,,,,,,,,,,,,,,,37.661,0.0876479,0.496452,743.125,7.50817,5.50883,,1.859802469,0.000379366,0.658075333,,,,,,
,,,,,,,,,,,,,,,,,,,,,,,,,,,,37.6629,0.0822684,0.4922,742.326,7.74655,5.70542,,1.859896296,0.000334227,0.637296274,,,,,,
,,,,,,,,,,,,,,,,,,,,,,,,,,,,37.6646,0.0771526,0.487888,741.481,7.99616,5.92635,,1.859980247,0.000293952,0.616924534,,,,,,
,,,,,,,,,,,,,,,,,,,,,,,,,,,,37.6661,0.0722836,0.48359,740.665,8.28332,6.15398,,1.860054321,0.000258021,0.59874819,,,,,,
,,,,,,,,,,,,,,,,,,,,,,,,,,,,37.6674,0.0676452,0.479267,739.805,8.58628,6.40434,,1.860118519,0.000225969,0.580820628,,,,,,
,,,,,,,,,,,,,,,,,,,,,,,,,,,,37.6686,0.0632216,0.474914,738.949,8.92562,6.67271,,1.860177778,0.000197381,0.564291977,,,,,,
,,,,,,,,,,,,,,,,,,,,,,,,,,,,37.6697,0.0589977,0.470514,738.073,9.2927,6.95892,,1.860232099,0.000171888,0.548247927,,,,,,
,,,,,,,,,,,,,,,,,,,,,,,,,,,,37.6707,0.0549581,0.466142,737.206,9.70435,7.27966,,1.860281481,0.000149155,0.533332638,,,,,,
,,,,,,,,,,,,,,,,,,,,,,,,,,,,37.6716,0.0511114,0.46177,736.322,10.146,7.61727,,1.860325926,0.000129006,0.518576264,,,,,,
,,,,,,,,,,,,,,,,,,,,,,,,,,,,37.6722,0.0482661,0.458424,735.673,10.5332,7.90739,,1.860355556,0.000115043,0.508396485,,,,,,
,,,,,,,,,,,,,,,,,,,,,,,,,,,,37.6728,0.0452658,0.45479,734.938,10.9757,8.24183,,1.860385185,0.000101185,0.496823841,,,,,,
,,,,,,,,,,,,,,,,,,,,,,,,,,,,37.6733,0.0424077,0.451175,734.256,11.4729,8.60376,,1.860409877,8.88105E-05,0.486539301,,,,,,
,,,,,,,,,,,,,,,,,,,,,,,,,,,,,,,,,,,,,,,,,,,
