axis,index,coordinate
x,0,0.0
x,1,0.046202898558499406
x,2,0.09227826703359149
x,3,0.1382266184425313
x,4,0.18404846438833122
x,5,0.22974431506545262
x,6,0.275314679265485
x,7,0.3207600643828172
x,8,0.36608097642027443
x,9,0.4112779199947704
x,10,0.45635139834291233
x,11,0.5013019133266045
x,12,0.546129965438643
x,13,0.5908360538082827
x,14,0.6354206762067985
x,15,0.6798843290530278
x,16,0.7242275074188859
x,17,0.7684507050349036
x,18,0.812554414295701
x,19,0.8565391262654776
x,20,0.9004053306834805
x,21,0.944153515969461
x,22,0.987784169229107
x,23,1.031297776259468
x,24,1.0746948215543648
x,25,1.1179757883097887
x,26,1.1611411584292708
x,27,1.2041914125292603
x,28,1.247127029944463
x,29,1.2899484887331867
x,30,1.332656265682666
x,31,1.3752508363143576
x,32,1.4177326748892596
x,33,1.4601022544131654
x,34,1.5023600466419413
x,35,1.5445065220867864
x,36,1.5865421500194583
x,37,1.6284673984775095
x,38,1.67028273426949
x,39,1.7119886229801464
x,40,1.7535855289756186
x,41,1.7950739154085904
x,42,1.8364542442234562
x,43,1.8777269761614654
x,44,1.9188925707658513
x,45,1.9599514863869454
x,46,2.0009041801872853
x,47,2.0417511081466992
x,48,2.0824927250673895
x,49,2.123129484578993
x,50,2.163661839143631
x,51,2.2040902400609435
x,52,2.244415137473128
x,53,2.284636980369934
x,54,2.3247562165936757
x,55,2.3647732928442076
x,56,2.4046886546839157
x,57,2.4445027465426503
x,58,2.484216011722702
x,59,2.523828892403727
x,60,2.563341829647659
x,61,2.602755263403641
x,62,2.642069632512912
x,63,2.6812853747136915
x,64,2.7204029266460603
x,65,2.7594227238568125
x,66,2.798345200804323
x,67,2.8371707908633614
x,68,2.8758999263299354
x,69,2.9145330384260926
x,70,2.9530705573047333
x,71,2.9915129120543904
x,72,3.029860530704012
x,73,3.068113840227719
x,74,3.106273266549574
x,75,3.1443392345483128
x,76,3.182312168062075
x,77,3.2201924898931242
x,78,3.2579806218125675
x,79,3.29567698456503
x,80,3.3332819978733563
x,81,3.3707960804432737
x,82,3.4082196499680677
x,83,3.4455531231332137
x,84,3.4827969156210346
x,85,3.5199514421153126
x,86,3.5570171163059277
x,87,3.593994350893437
x,88,3.6308835575936937
x,89,3.6676851471424197
x,90,3.7043995292997756
x,91,3.741027112854937
x,92,3.777568305630629
x,93,3.814023514487678
x,94,3.8503931453295435
x,95,3.886677603106828
x,96,3.9228772918217922
x,97,3.9589926145328502
x,98,3.995023973359066
x,99,4.0309717694846166
x,100,4.066836403163268
x,101,4.102618273722835
x,102,4.138317779569616
x,103,4.173935318192839
x,104,4.209471286169082
x,105,4.244926079166694
x,106,4.280300091950194
x,107,4.315593718384666
x,108,4.350807351440154
x,109,4.38594138319603
x,110,4.42099620484536
x,111,4.455972206699257
x,112,4.490869778191234
x,113,4.525689307881537
x,114,4.560431183461469
x,115,4.595095791757708
x,116,4.629683518736616
x,117,4.664194749508533
x,118,4.698629868332065
x,119,4.732989258618373
x,120,4.767273302935423
x,121,4.801482383012263
x,122,4.83561687974326
x,123,4.869677173192352
x,124,4.903663642597275
x,125,4.937576666373784
x,126,4.971416622119865
x,127,5.005183886619946
x,128,5.03887883584909
x,129,5.072501844977176
x,130,5.106053288373081
x,131,5.139533539608844
x,132,5.172942971463837
x,133,5.2062819559289
x,134,5.239550864210493
x,135,5.272750066734823
x,136,5.305879933151979
x,137,5.338940832340033
x,138,5.37193313240916
x,139,5.404857200705727
x,140,5.437713403816392
x,141,5.470502107572177
x,142,5.50322367705255
x,143,5.53587847658948
x,144,5.568466869771505
x,145,5.6009892194477695
x,146,5.633445887732073
x,147,5.665837236006893
x,148,5.698163624927421
x,149,5.730425414425568
x,150,5.762622963713973
x,151,5.794756631290005
x,152,5.82682677493976
x,153,5.858833751742034
x,154,5.890777918072306
x,155,5.9226596296067004
x,156,5.9544792413259575
x,157,5.986237107519374
x,158,6.017933581788754
x,159,6.049569017052345
x,160,6.08114376554877
x,161,6.112658178840946
x,162,6.144112607819995
x,163,6.175507402709162
x,164,6.2068429130677005
x,165,6.23811948779478
x,166,6.269337475133358
x,167,6.30049722267406
x,168,6.331599077359057
x,169,6.362643385485919
x,170,6.393630492711479
x,171,6.424560744055671
x,172,6.455434483905388
x,173,6.486252056018296
x,174,6.517013803526681
x,175,6.547720068941255
x,176,6.578371194154981
x,177,6.608967520446865
x,178,6.639509388485777
x,179,6.66999713833422
x,180,6.700431109452141
x,181,6.730811640700685
x,182,6.761139070345992
x,183,6.791413736062944
x,184,6.821635974938942
x,185,6.851806123477644
x,186,6.881924517602721
x,187,6.911991492661591
x,188,6.942007383429162
x,189,6.97197252411155
x,190,7.001887248349805
x,191,7.031751889223623
x,192,7.061566779255061
x,193,7.091332250412231
x,194,7.1210486341129995
x,195,7.150716261228686
x,196,7.1803354620877275
x,197,7.209906566479375
x,198,7.239429903657356
x,199,7.268905802343551
x,200,7.298334590731636
x,201,7.327716596490749
x,202,7.3570521467691385
x,203,7.386341568197802
x,204,7.415585186894126
x,205,7.444783328465511
x,206,7.473936318013006
x,207,7.50304448013492
x,208,7.532108138930443
x,209,7.561127618003249
x,210,7.590103240465101
x,211,7.619035328939452
x,212,7.647924205565031
x,213,7.6767701919994344
x,214,7.705573609422707
x,215,7.7343347785409176
x,216,7.763054019589723
x,217,7.79173165233795
x,218,7.820367996091139
x,219,7.8489633696951095
x,220,7.877518091539506
x,221,7.906032479561341
x,222,7.934506851248541
x,223,7.962941523643476
x,224,7.991336813346496
x,225,8.01969303651945
x,226,8.048010508889204
x,227,8.07628954575117
x,228,8.104530461972796
x,229,8.132733571997095
x,230,8.160899189846122
x,231,8.189027629124494
x,232,8.217119203022861
x,233,8.24517422432141
x,234,8.273193005393335
x,235,8.301175858208323
x,236,8.329123094336023
x,237,8.35703502494952
x,238,8.384911960828791
x,239,8.41275421236418
x,240,8.440562089559831
x,241,8.468335902037168
x,242,8.49607595903832
x,243,8.523782569429576
x,244,8.551456041704817
x,245,8.579096683988954
x,246,8.60670480404136
x,247,8.634280709259299
x,248,8.661824706681337
x,249,8.689337102990779
x,250,8.716818204519063
x,251,8.744268317249189
x,252,8.771687746819117
x,253,8.799076798525167
x,254,8.826435777325429
x,255,8.853764987843146
x,256,8.881064734370115
x,257,8.908335320870075
x,258,8.935577050982078
x,259,8.962790228023893
x,260,8.98997515499536
x,261,9.01713213458178
x,262,9.04426146915728
x,263,9.071363460788172
x,264,9.098438411236332
x,265,9.125486621962544
x,266,9.152508394129867
x,267,9.179504028606988
x,268,9.206473825971562
x,269,9.233418086513574
x,270,9.260337110238664
x,271,9.287231196871485
x,272,9.314100645859035
x,273,9.340945756373978
x,274,9.367766827317999
x,275,9.39456415732511
x,276,9.421338044764987
x,277,9.44808878774629
x,278,9.47481668411998
x,279,9.501522031482642
x,280,9.528205127179781
x,281,9.55486626830916
x,282,9.581505751724086
x,283,9.608123874036718
x,284,9.634720931621386
x,285,9.661297220617863
x,286,9.687853036934694
x,287,9.714388676252463
x,288,9.740904434027104
x,289,9.767400605493185
x,290,9.793877485667183
x,291,9.820335369350794
x,292,9.846774551134192
x,293,9.87319532539932
x,294,9.89959798632317
x,295,9.92598282788105
x,296,9.952350143849864
x,297,9.97870022781138
x,298,10.0050333731555
x,299,10.031349873083526
x,300,10.057650020611423
x,301,10.083934108573086
x,302,10.110202429623598
x,303,10.136455276242488
x,304,10.162692940736985
x,305,10.18891571524528
x,306,10.215123891739768
x,307,10.241317762030318
x,308,10.267497617767493
x,309,10.293663750445825
x,310,10.319816451407043
x,311,10.34595601184333
x,312,10.37208272280055
x,313,10.398196875181506
x,314,10.424298759749163
x,315,10.450388667129891
x,316,10.476466887816711
x,317,10.502533712172516
x,318,10.528589430433303
x,319,10.554634332711423
x,320,10.580668708998786
x,321,10.60669284917011
x,322,10.632707042986137
x,323,10.658711580096867
x,324,10.684706750044779
x,325,10.710692842268047
x,326,10.736670146103783
x,327,10.76263895079124
x,328,10.788599545475037
x,329,10.814552219208386
x,330,10.840497260956296
x,331,10.866434959598811
x,332,10.892365603934206
x,333,10.918289482682212
x,334,10.944206884487235
x,335,10.970118097921555
x,336,10.996023411488558
x,337,11.021923113625942
x,338,11.047817492708907
x,339,11.07370683705341
x,340,11.099591434919327
x,341,11.1254715745137
x,342,11.151347543993925
x,343,11.177219631470967
x,344,11.203088125012572
x,345,11.22895331264646
x,346,11.254815482363554
x,347,11.280674922121168
x,348,11.30653191984622
x,349,11.332386763438441
x,350,11.35823974077357
x,351,11.384091139706575
x,352,11.409941248074846
x,353,11.435790353701401
x,354,11.461638744398098
x,355,11.48748670796883
x,356,11.513334532212738
x,357,11.539182504927409
x,358,11.565030913912087
x,359,11.59088004697087
x,360,11.616730191915915
x,361,11.642581636570654
x,362,11.668434668772985
x,363,11.694289576378484
x,364,11.720146647263608
x,365,11.746006169328894
x,366,11.771868430502185
x,367,11.797733718741808
x,368,11.823602322039806
x,369,11.84947452842513
x,370,11.875350625966837
x,371,11.901230902777323
x,372,11.927115647015517
x,373,11.953005146890082
x,374,11.978899690662637
x,375,12.004799566650957
x,376,12.030705063232194
x,377,12.056616468846075
x,378,12.082534071998122
x,379,12.108458161262865
x,380,12.134389025287051
x,381,12.160326952792856
x,382,12.18627223258111
x,383,12.212225153534494
x,384,12.23818600462078
x,385,12.26415507489603
x,386,12.290132653507825
x,387,12.316119029698477
x,388,12.342114492808253
x,389,12.368119332278598
x,390,12.394133837655355
x,391,12.420158298591993
x,392,12.446193004852827
x,393,12.472238246316241
x,394,12.498294312977936
x,395,12.52436149495413
x,396,12.550440082484812
x,397,12.576530365936952
x,398,12.602632635807755
x,399,12.62874718272789
x,400,12.654874297464712
x,401,12.681014270925518
x,402,12.707167394160772
x,403,12.733333958367357
x,404,12.75951425489181
x,405,12.785708575233567
x,406,12.81191721104821
x,407,12.83814045415071
x,408,12.864378596518687
x,409,12.890631930295653
x,410,12.916900747794259
x,411,12.943185341499564
x,412,12.96948600407228
x,413,12.995803028352036
x,414,13.022136707360636
x,415,13.048487334305324
x,416,13.07485520258205
x,417,13.10124060577873
x,418,13.12764383767852
x,419,13.15406519226309
x,420,13.180504963715885
x,421,13.206963446425421
x,422,13.23344093498854
x,423,13.259937724213707
x,424,13.286454109124287
x,425,13.312990384961823
x,426,13.339546847189341
x,427,13.366123791494612
x,428,13.392721513793477
x,429,13.419340310233121
x,430,13.445980477195363
x,431,13.472642311299985
x,432,13.499326109408011
x,433,13.526032168625013
x,434,13.552760786304432
x,435,13.579512260050885
x,436,13.606286887723465
x,437,13.633084967439073
x,438,13.659906797575733
x,439,13.686752676775916
x,440,13.713622903949855
x,441,13.740517778278893
x,442,13.767437599218786
x,443,13.794382666503068
x,444,13.821353280146363
x,445,13.848349740447741
x,446,13.875372347994057
x,447,13.902421403663295
x,448,13.929497208627922
x,449,13.956600064358241
x,450,13.98373027262574
x,451,14.010888135506471
x,452,14.038073955384387
x,453,14.065288034954735
x,454,14.092530677227401
x,455,14.11980218553031
x,456,14.147102863512785
x,457,14.174433015148926
x,458,14.201792944741017
x,459,14.229182956922884
x,460,14.256603356663307
x,461,14.284054449269414
x,462,14.311536540390074
x,463,14.339049936019302
x,464,14.366594942499672
x,465,14.39417186652571
x,466,14.42178101514734
x,467,14.449422695773269
x,468,14.477097216174434
x,469,14.504804884487417
x,470,14.532546009217878
x,471,14.560320899243994
x,472,14.58812986381989
x,473,14.615973212579098
x,474,14.643851255537983
x,475,14.67176430309921
x,476,14.699712666055195
x,477,14.72769665559157
x,478,14.755716583290639
x,479,14.783772761134857
x,480,14.811865501510294
x,481,14.839995117210126
x,482,14.868161921438103
x,483,14.896366227812047
x,484,14.92460835036734
x,485,14.952888603560423
x,486,14.981207302272288
x,487,15.009564761811998
x,488,15.037961297920189
x,489,15.066397226772587
x,490,15.094872864983534
x,491,15.123388529609496
x,492,15.151944538152614
x,493,15.180541208564234
x,494,15.209178859248434
x,495,15.237857809065591
x,496,15.266578377335904
x,497,15.295340883842975
x,498,15.324145648837357
x,499,15.352992993040123
x,500,15.38188323764644
x,501,15.410816704329122
x,502,15.439793715242256
x,503,15.46881459302475
x,504,15.497879660803939
x,505,15.526989242199194
x,506,15.556143661325496
x,507,15.585343242797077
x,508,15.614588311731017
x,509,15.643879193750863
x,510,15.673216214990271
x,511,15.702599702096604
x,512,15.732029982234614
x,513,15.761507383090041
x,514,15.791032232873299
x,515,15.820604860323105
x,516,15.850225594710137
x,517,15.879894765840723
x,518,15.909612704060502
x,519,15.939379740258092
x,520,15.96919620586879
x,521,15.99906243287825
x,522,16.028978753826184
x,523,16.058945501810072
x,524,16.088963010488857
x,525,16.11903161408668
x,526,16.149151647396565
x,527,16.179323445784192
x,528,16.2095473451916
x,529,16.239823682140933
x,530,16.270152793738205
x,531,16.30053501767702
x,532,16.330970692242367
x,533,16.361460156314358
x,534,16.392003749372023
x,535,16.42260181149708
x,536,16.453254683377722
x,537,16.4839627063124
x,538,16.51472622221365
x,539,16.545545573611875
x,540,16.576421103659165
x,541,16.607353156133126
x,542,16.6383420754407
x,543,16.669388206622003
x,544,16.700491895354162
x,545,16.731653487955167
x,546,16.762873331387734
x,547,16.794151773263156
x,548,16.82548916184518
x,549,16.856885846053885
x,550,16.88834217546957
x,551,16.919858500336627
x,552,16.951435171567468
x,553,16.98307254074642
x,554,17.01477096013364
x,555,17.046530782669027
x,556,17.078352361976172
x,557,17.11023605236628
x,558,17.14218220884212
x,559,17.17419118710198
x,560,17.206263343543622
x,561,17.23839903526825
x,562,17.270598620084503
x,563,17.302862456512408
x,564,17.335190903787403
x,565,17.367584321864317
x,566,17.40004307142138
x,567,17.432567513864246
x,568,17.465158011330015
x,569,17.497814926691262
x,570,17.530538623560087
x,571,17.563329466292142
x,572,17.59618781999071
x,573,17.629114050510765
x,574,17.66210852446303
x,575,17.69517160921809
x,576,17.72830367291044
x,577,17.761505084442625
x,578,17.794776213489328
x,579,17.828117430501486
x,580,17.861529106710414
x,581,17.89501161413194
x,582,17.928565325570553
x,583,17.962190614623555
x,584,17.995887855685204
x,585,18.029657423950905
x,586,18.063499695421353
x,587,18.09741504690677
x,588,18.131403856031067
x,589,18.16546650123604
x,590,18.19960336178562
x,591,18.233814817770046
x,592,18.26810125011016
x,593,18.30246304056158
x,594,18.33690057171902
x,595,18.37141422702048
x,596,18.40600439075157
x,597,18.440671448049756
x,598,18.475415784908673
x,599,18.5102377881824
x,600,18.545137845589796
x,601,18.580116345718764
x,602,18.615173678030644
x,603,18.650310232864502
x,604,18.685526401441503
x,605,18.720822575869246
x,606,18.756199149146138
x,607,18.79165651516578
x,608,18.82719506872134
x,609,18.86281520550995
x,610,18.898517322137128
x,611,18.93430181612116
x,612,18.97016908589756
x,613,19.00611953082349
x,614,19.04215355118221
x,615,19.078271548187537
x,616,19.114473923988303
x,617,19.15076108167284
x,618,19.187133425273483
x,619,19.223591359771024
x,620,19.26013529109929
x,621,19.296765626149572
x,622,19.333482772775252
x,623,19.37028713979628
x,624,19.40717913700374
x,625,19.444159175164433
x,626,19.481227666025415
x,627,19.518385022318615
x,628,19.55563165776541
x,629,19.59296798708125
x,630,19.630394425980246
x,631,19.667911391179832
x,632,19.70551930040539
x,633,19.743218572394877
x,634,19.781009626903547
x,635,19.818892884708564
x,636,19.856868767613715
x,637,19.894937698454108
x,638,19.93310010110087
x,639,19.971356400465883
x,640,20.009707022506497
x,641,20.048152394230268
x,642,20.086692943699738
x,643,20.125329100037188
x,644,20.164061293429405
x,645,20.202889955132495
x,646,20.24181551747666
x,647,20.280838413871027
x,648,20.31995907880847
x,649,20.359177947870453
x,650,20.398495457731872
x,651,20.437912046165913
x,652,20.47742815204894
x,653,20.517044215365377
x,654,20.556760677212598
x,655,20.59657797980585
x,656,20.636496566483167
x,657,20.676516881710313
x,658,20.716639371085734
x,659,20.756864481345506
x,660,20.79719266036833
x,661,20.837624357180484
x,662,20.878160021960863
x,663,20.91880010604597
x,664,20.959545061934946
x,665,21.0003953432946
x,666,21.041351404964466
x,667,21.082413702961883
x,668,21.12358269448704
x,669,21.164858837928094
x,670,21.206242592866264
x,671,21.24773442008095
x,672,21.289334781554846
x,673,21.33104414047913
x,674,21.372862961258555
x,675,21.414791709516688
x,676,21.456830852101042
x,677,21.498980857088302
x,678,21.541242193789525
x,679,21.583615332755375
x,680,21.626100745781354
x,681,21.668698905913057
x,682,21.711410287451436
x,683,21.754235365958092
x,684,21.797174618260552
x,685,21.84022852245761
x,686,21.88339755792461
x,687,21.9266822053188
x,688,21.970082946584714
x,689,22.01360026495947
x,690,22.05723464497824
x,691,22.100986572479542
x,692,22.144856534610746
x,693,22.188845019833437
x,694,22.232952517928876
x,695,22.277179520003457
x,696,22.32152651849415
x,697,22.36599400717402
x,698,22.410582481157693
x,699,22.455292436906888
x,700,22.500124372235955
x,701,22.545078786317372
x,702,22.59015617968735
x,703,22.63535705425139
x,704,22.680681913289863
x,705,22.72613126146364
x,706,22.771705604819655
x,707,22.817405450796613
x,708,22.86323130823058
x,709,22.9091836873607
x,710,22.955263099834816
x,711,23.001470058715213
x,712,23.04780507848432
x,713,23.09426867505043
x,714,23.140861365753455
x,715,23.18758366937068
x,716,23.234436106122534
x,717,23.281419197678385
x,718,23.32853346716237
x,719,23.37577943915917
x,720,23.423157639719932
x,721,23.470668596368018
x,722,23.518312838104965
x,723,23.56609089541636
x,724,23.61400330027772
x,725,23.662050586160422
x,726,23.710233288037657
x,727,23.758551942390376
x,728,23.80700708721327
x,729,23.855599262020764
x,730,23.904329007853008
x,731,23.953196867281893
x,732,24.00220338441714
x,733,24.051349104912312
x,734,24.100634575970904
x,735,24.15006034635245
x,736,24.199626966378588
x,737,24.249334987939257
x,738,24.29918496449878
x,739,24.34917745110206
x,740,24.39931300438075
x,741,24.449592182559435
x,742,24.500015545461896
x,743,24.550583654517272
x,744,24.60129707276639
x,745,24.65215636486797
x,746,24.703162097104926
x,747,24.754314837390712
x,748,24.805615155275596
x,749,24.85706362195301
x,750,24.908660810265953
x,751,24.96040729471329
x,752,25.012303651456236
x,753,25.064350458324718
x,754,25.11654829482381
x,755,25.16889774214021
x,756,25.22139938314869
x,757,25.27405380241858
x,758,25.32686158622032
x,759,25.379823322531937
x,760,25.432939601045618
x,761,25.48621101317426
x,762,25.53963815205809
x,763,25.593221612571213
x,764,25.646961991328293
x,765,25.700859886691152
x,766,25.75491589877546
x,767,25.80913062945741
x,768,25.863504682380402
x,769,25.91803866296179
x,770,25.972733178399622
x,771,26.02758883767935
x,772,26.0826062515807
x,773,26.137786032684396
x,774,26.193128795379007
x,775,26.24863515586781
x,776,26.3043057321756
x,777,26.360141144155623
x,778,26.416142013496447
x,779,26.472308963728903
x,780,26.52864262023301
x,781,26.585143610244934
x,782,26.641812562864004
x,783,26.698650109059685
x,784,26.755656881678608
x,785,26.812833515451654
x,786,26.870180647000947
x,787,26.927698914847014
x,788,26.98538895941585
x,789,27.043251423046083
x,790,27.101286949996105
x,791,27.159496186451214
x,792,27.217879780530886
x,793,27.276438382295925
x,794,27.33517264375574
x,795,27.394083218875572
x,796,27.4531707635838
x,797,27.512435935779234
x,798,27.57187939533845
x,799,27.63150180412312
x,800,27.6913038259874
x,801,27.751286126785306
x,802,27.811449374378135
x,803,27.87179423864191
x,804,27.932321391474822
x,805,27.993031506804734
x,806,28.053925260596625
x,807,28.115003330860212
x,808,28.176266397657436
x,809,28.23771514311002
x,810,28.29935025140712
x,811,28.361172408812894
x,812,28.423182303674167
x,813,28.4853806264281
x,814,28.547768069609855
x,815,28.61034532786033
x,816,28.67311309793386
x,817,28.73607207870603
x,818,28.7992229711814
x,819,28.862566478501336
x,820,28.926103305951848
x,821,28.989834160971423
x,822,29.053759753158907
x,823,29.11788079428141
x,824,29.18219799828224
x,825,29.246712081288848
x,826,29.311423761620766
x,827,29.376333759797657
x,828,29.441442798547317
x,829,29.50675160281371
x,830,29.57226089976507
x,831,29.637971418801953
x,832,29.7038838915654
x,833,29.769999051945053
x,834,29.83631763608735
x,835,29.902840382403728
x,836,29.96956803157878
x,837,30.03650132657861
x,838,30.10364101265899
x,839,30.170987837373747
x,840,30.238542550583063
x,841,30.30630590446177
x,842,30.37427865350781
x,843,30.442461554550572
x,844,30.510855366759355
x,845,30.579460851651813
x,846,30.648278773102398
x,847,30.717309897350923
x,848,30.78655499301106
x,849,30.856014831078895
x,850,30.92569018494155
x,851,30.995581830385724
x,852,31.065690545606408
x,853,31.136017111215484
x,854,31.206562310250487
x,855,31.277326928183253
x,856,31.348311752928687
x,857,31.419517574853565
x,858,31.49094518678531
x,859,31.562595384020828
x,860,31.634468964335348
x,861,31.7065667279913
x,862,31.77888947774727
x,863,31.85143801886689
x,864,31.924213159127838
x,865,31.997215708830804
x,866,32.070446480808506
x,867,32.1439062904348
x,868,32.21759595563367
x,869,32.29151629688844
x,870,32.36566813725081
x,871,32.440052302350054
x,872,32.51466962040224
x,873,32.58952092221945
x,874,32.664607041218986
x,875,32.73992881343269
x,876,32.81548707751621
x,877,32.89128267475841
x,878,32.96731644909066
x,879,33.0435892470963
x,880,33.120101918020005
x,881,33.19685531377727
x,882,33.2738502889639
x,883,33.35108770086553
x,884,33.42856840946713
x,885,33.50629327746267
x,886,33.58426317026458
x,887,33.662478956013544
x,888,33.74094150558805
x,889,33.81965169261415
x,890,33.89861039347518
x,891,33.97781848732146
x,892,34.05727685608017
x,893,34.136986384465125
x,894,34.21694795998659
x,895,34.297162472961254
x,896,34.37763081652203
x,897,34.45835388662812
x,898,34.53933258207488
x,899,34.6205678045039
x,900,34.70206045841304
x,901,34.783811451166414
x,902,34.86582169300463
x,903,34.94809209705482
x,904,35.03062357934085
x,905,35.113417058793516
x,906,35.19647345726076
x,907,35.279793699517946
x,908,35.36337871327816
x,909,35.44722942920254
x,910,35.531346780910624
x,911,35.61573170499076
x,912,35.700385141010514
x,913,35.78530803152717
x,914,35.87050132209819
x,915,35.95596596129176
x,916,36.04170290069731
x,917,36.1277130949362
x,918,36.213997501672246
x,919,36.30055708162246
x,920,36.387392798567696
x,921,36.474505619363406
x,922,36.56189651395042
x,923,36.64956645536571
x,924,36.73751641975323
x,925,36.82574738637482
x,926,36.914260337621066
x,927,37.003056259022266
x,928,37.09213613925941
x,929,37.18150097017513
x,930,37.271151746784824
x,931,37.361089467287684
x,932,37.45131513307783
x,933,37.541829748755426
x,934,37.63263432213793
x,935,37.72372986427128
x,936,37.815117389441085
x,937,37.90679791518406
x,938,37.998772462299236
x,939,38.09104205485938
x,940,38.18360772022238
x,941,38.2764704890427
x,942,38.36963139528282
x,943,38.46309147622482
x,944,38.55685177248182
x,945,38.650913328009686
x,946,38.74527719011856
x,947,38.83994440948458
x,948,38.93491604016154
x,949,39.03019313959266
x,950,39.12577676862232
x,951,39.22166799150793
x,952,39.3178678759317
x,953,39.4143774930126
x,954,39.511197917318256
x,955,39.60833022687692
x,956,39.70577550318945
x,957,39.803534831241386
x,958,39.901609299515016
x,959,40.00000000000149
y,0,-3.409090995788574
y,1,-3.3717517084562325
y,2,-3.334648535428457
y,3,-3.297778878474157
y,4,-3.261140155714717
y,5,-3.2247298014431918
y,6,-3.1885452659446454
y,7,-3.1525840153175935
y,8,-3.116843531296566
y,9,-3.0813213110757594
y,10,-3.0460148671337692
y,11,-3.010921727059401
y,12,-2.9760394333785305
y,13,-2.9413655433820147
y,14,-2.9068976289546353
y,15,-2.8726332764050655
y,16,-2.838570086296847
y,17,-2.8047056732803597
y,18,-2.771037665925789
y,19,-2.737563706557055
y,20,-2.704281451086714
y,21,-2.6711885688518104
y,22,-2.638282742450663
y,23,-2.6055616675805853
y,24,-2.5730230528765246
y,25,-2.540664619750599
y,26,-2.5084841022325377
y,27,-2.4764792468110017
y,28,-2.444647812275775
y,29,-2.4129875695608183
y,30,-2.381496301588178
y,31,-2.3501718031127243
y,32,-2.3190118805677304
y,33,-2.288014351911257
y,34,-2.2571770464733554
y,35,-2.22649780480406
y,36,-2.195974478522163
y,37,-2.165604930164779
y,38,-2.135387033037656
y,39,-2.105318671066253
y,40,-2.0753977386475557
y,41,-2.0456221405026285
y,42,-2.015989791529887
y,43,-1.9864986166590852
y,44,-1.9571465507059995
y,45,-1.9279315382278193
y,46,-1.8988515333791995
y,47,-1.869904499769002
y,48,-1.841088410317693
y,49,-1.812401247115388
y,50,-1.7838410012805477
y,51,-1.7554056728192995
y,52,-1.7270932704853836
y,53,-1.698901811640712
y,54,-1.6708293221165307
y,55,-1.6428738360751731
y,56,-1.6150333958723964
y,57,-1.5873060519202977
y,58,-1.5596898625507853
y,59,-1.5321828938796114
y,60,-1.5047832196709492
y,61,-1.4774889212024978
y,62,-1.4502980871311282
y,63,-1.42320881335903
y,64,-1.3962192029003755
y,65,-1.3693273657484824
y,66,-1.3425314187434538
y,67,-1.3158294854403145
y,68,-1.2892196959776046
y,69,-1.2627001869464363
y,70,-1.2362691012600093
y,71,-1.2099245880235618
y,72,-1.1836648024047571
y,73,-1.157487905504496
y,74,-1.1313920642281445
y,75,-1.105375451157165
y,76,-1.0794362444211498
y,77,-1.0535726275702393
y,78,-1.0277827894479215
y,79,-1.002064924064202
y,80,-0.976417230469135
y,81,-0.9508379126267084
y,82,-0.9253251792890715
y,83,-0.8998772438711002
y,84,-0.8744923243252871
y,85,-0.8491686430169496
y,86,-0.8239044265997468
y,87,-0.7986979058914958
y,88,-0.7735473157502843
y,89,-0.7484508949508606
y,90,-0.7234068860612992
y,91,-0.6984135353199323
y,92,-0.6734690925125428
y,93,-0.648571810849798
y,94,-0.6237199468449268
y,95,-0.5989117601916303
y,96,-0.5741455136422111
y,97,-0.549419472885921
y,98,-0.5247319064275096
y,99,-0.5000810854659727
y,100,-0.47546528377349206
y,101,-0.4508827775745501
y,102,-0.4263318454252176
y,103,-0.4018107680926102
y,104,-0.3773178284344909
y,105,-0.35285131127902414
y,106,-0.3284095033046701
y,107,-0.30399069292020187
y,108,-0.2795931701448513
y,109,-0.2552152264885601
y,110,-0.23085515483234031
y,111,-0.20651124930873177
y,112,-0.18218180518234117
y,113,-0.1578651187304687
y,114,-0.13355948712379684
y,115,-0.10926320830714831
y,116,-0.0849745808802953
y,117,-0.06069190397881652
y,118,-0.03641347715498755
y,119,-0.01213760025870636
y,120,0.012137426681566588
y,121,0.036413303577847334
y,122,0.06069173040167586
y,123,0.08497440730315553
y,124,0.10926303473000853
y,125,0.13355931354665707
y,126,0.15786494515332894
y,127,0.18218163160520096
y,128,0.2065110757315911
y,129,0.23085498125519965
y,130,0.25521505291141944
y,131,0.2795929965677111
y,132,0.30399051934306165
y,133,0.3284093297275299
y,134,0.35285113770188437
y,135,0.37731765485735114
y,136,0.4018105945154704
y,137,0.42633167184807785
y,138,0.45088260399740987
y,139,0.47546511019635274
y,140,0.500080911888833
y,141,0.5247317328503693
y,142,0.5494192993087808
y,143,0.5741453400650713
y,144,0.5989115866144905
y,145,0.623719773267787
y,146,0.6485716372726582
y,147,0.6734689189354031
y,148,0.6984133617427926
y,149,0.7234067124841594
y,150,0.7484507213737208
y,151,0.773547142173145
y,152,0.7986977323143565
y,153,0.8239042530226071
y,154,0.8491684694398103
y,155,0.8744921507481482
y,156,0.89987707029396
y,157,0.9253250057119322
y,158,0.950837739049569
y,159,0.9764170568919956
y,160,1.0020647504870626
y,161,1.0277826158707812
y,162,1.0535724539931
y,163,1.079436070844011
y,164,1.105375277580026
y,165,1.1313918906510052
y,166,1.1574877319273567
y,167,1.1836646288276178
y,168,1.209924414446422
y,169,1.23626892768287
y,170,1.2627000133692974
y,171,1.2892195224004652
y,172,1.3158293118631752
y,173,1.3425312451663158
y,174,1.369327192171344
y,175,1.3962190293232375
y,176,1.4232086397818913
y,177,1.4502979135539888
y,178,1.477488747625359
y,179,1.5047830460938103
y,180,1.5321827203024734
y,181,1.5596896889736467
y,182,1.5873058783431588
y,183,1.6150332222952573
y,184,1.642873662498034
y,185,1.6708291485393918
y,186,1.6989016380635746
y,187,1.727093096908245
y,188,1.755405499242162
y,189,1.7838408277034103
y,190,1.8124010735382505
y,191,1.8410882367405552
y,192,1.8699043261918638
y,193,1.8988513598020615
y,194,1.9279313646506813
y,195,1.9571463771288613
y,196,1.9864984430819472
y,197,2.0159896179527497
y,198,2.0456219669254914
y,199,2.0753975650704186
y,200,2.1053184974891144
y,201,2.1353868594605183
y,202,2.1656047565876424
y,203,2.1959743049450253
y,204,2.2264976312269216
y,205,2.2571768728962187
y,206,2.2880141783341204
y,207,2.319011706990593
y,208,2.3501716295355877
y,209,2.3814961280110403
y,210,2.4129873959836825
y,211,2.4446476386986378
y,212,2.4764790732338646
y,213,2.5084839286554006
y,214,2.540664446173462
y,215,2.573022879299388
y,216,2.6055614940034477
y,217,2.638282568873527
y,218,2.671188395274675
y,219,2.704281277509578
y,220,2.7375635329799177
y,221,2.7710374923486523
y,222,2.804705499703224
y,223,2.838569912719711
y,224,2.872633102827929
y,225,2.906897455377499
y,226,2.9413653698048785
y,227,2.9760392598013947
y,228,3.010921553482264
y,229,3.046014693556633
y,230,3.081321137498624
y,231,3.116843357719431
y,232,3.152583841740457
y,233,3.1885450923675096
y,234,3.2247296278660578
y,235,3.261139982137581
y,236,3.2977787048970217
y,237,3.3346483618513227
y,238,3.371751534879097
y,239,3.409090822211441
